inchikey,n1_frag,n3_frag,c4_frag,c5_frag,smiles_cation,smiles_neutral
AAMFEMJKIQOSEU-UHFFFAOYSA-N,Et,Ethynyl,CF3,Me,C#Cn1c[n+](CC)c(C)c1C(F)(F)F,C#CN1[C]N(CC)C(C)=C1C(F)(F)F
AAQNHKTVTZOBKJ-UHFFFAOYSA-N,Et,Et,F,CN,CCn1c[n+](CC)c(C#N)c1F,CCN1[C]N(CC)C(C#N)=C1F
AARYEDQIJTWXGH-UHFFFAOYSA-N,Me,Vinyl,F,NH2,C=Cn1c[n+](C)c(N)c1F,C=CN1[C]N(C)C(N)=C1F
AAULNFIWRPQCRP-UHFFFAOYSA-N,Et,Ethynyl,OMe,OMe,C#Cn1c[n+](CC)c(OC)c1OC,C#CN1[C]N(CC)C(OC)=C1OC
ABDQQZDJEAXYIP-UHFFFAOYSA-N,nBu,iPr,CF3,NH2,CCCC[n+]1cn(C(C)C)c(C(F)(F)F)c1N,CCCCN1[C]N(C(C)C)C(C(F)(F)F)=C1N
ABJGAQHFXIQLFD-UHFFFAOYSA-N,nBu,tBu,CN,CF3,CCCC[n+]1cn(C(C)(C)C)c(C#N)c1C(F)(F)F,CCCCN1[C]N(C(C)(C)C)C(C#N)=C1C(F)(F)F
ACBHXPFCLFIGDJ-UHFFFAOYSA-N,Me,Ph,NO2,NO2,C[n+]1cn(-c2ccccc2)c([N+](=O)[O-])c1[N+](=O)[O-],CN1[C]N(c2ccccc2)C([N+](=O)[O-])=C1[N+](=O)[O-]
ACGCNTKELWXJPN-UHFFFAOYSA-N,Me,Ethynyl,OMe,H,C#Cn1c[n+](C)cc1OC,C#CN1[C]N(C)C=C1OC
ADHDUMPOTFLJJZ-UHFFFAOYSA-N,Et,tBu,CN,F,CC[n+]1cn(C(C)(C)C)c(C#N)c1F,CCN1[C]N(C(C)(C)C)C(C#N)=C1F
ADPCUISWEIYRPX-UHFFFAOYSA-N,Et,Propargyl,F,OMe,C#CCn1c[n+](CC)c(OC)c1F,C#CCN1[C]N(CC)C(OC)=C1F
AETSDHHLGCWPKI-UHFFFAOYSA-N,Ethynyl,Propargyl,OMe,OMe,C#CCn1c[n+](C#C)c(OC)c1OC,C#CCN1[C]N(C#C)C(OC)=C1OC
AETUXZLPTDVTDL-UHFFFAOYSA-N,Ethynyl,Ph,F,H,C#C[n+]1cc(F)n(-c2ccccc2)c1,C#CN1[C]N(c2ccccc2)C(F)=C1
AFGBQXBRIZSINR-UHFFFAOYSA-N,Et,Ethynyl,OMe,NH2,C#Cn1c[n+](CC)c(N)c1OC,C#CN1[C]N(CC)C(N)=C1OC
AGBSGFUNFYHKNF-UHFFFAOYSA-N,Vinyl,Allyl,OMe,NH2,C=CCn1c[n+](C=C)c(N)c1OC,C=CCN1[C]N(C=C)C(N)=C1OC
AGKHENBYDQNGMT-UHFFFAOYSA-N,Me,Et,F,H,CCn1c[n+](C)cc1F,CCN1[C]N(C)C=C1F
AHIAZDXTALOGKP-UHFFFAOYSA-N,Me,Ethynyl,NO2,CN,C#Cn1c[n+](C)c(C#N)c1[N+](=O)[O-],C#CN1[C]N(C)C(C#N)=C1[N+](=O)[O-]
AHMKCSZRXAAEPJ-UHFFFAOYSA-N,tBu,Vinyl,CN,F,C=Cn1c[n+](C(C)(C)C)c(F)c1C#N,C=CN1[C]N(C(C)(C)C)C(F)=C1C#N
AHVKDBNGFWJDRG-UHFFFAOYSA-N,Vinyl,Ph,F,CN,C=C[n+]1cn(-c2ccccc2)c(F)c1C#N,C=CN1[C]N(c2ccccc2)C(F)=C1C#N
AHYJHYMIQPSWQH-UHFFFAOYSA-N,nBu,Allyl,CF3,Me,C=CCn1c[n+](CCCC)c(C)c1C(F)(F)F,C=CCN1[C]N(CCCC)C(C)=C1C(F)(F)F
AHZYMXCKDSOVLL-UHFFFAOYSA-N,tBu,Ph,CF3,CN,CC(C)(C)[n+]1cn(-c2ccccc2)c(C(F)(F)F)c1C#N,CC(C)(C)N1[C]N(c2ccccc2)C(C(F)(F)F)=C1C#N
AJEXNHPRTARHTN-UHFFFAOYSA-N,Me,tBu,CF3,NO2,C[n+]1cn(C(C)(C)C)c(C(F)(F)F)c1[N+](=O)[O-],CN1[C]N(C(C)(C)C)C(C(F)(F)F)=C1[N+](=O)[O-]
AJMHFTZMWZFKGC-UHFFFAOYSA-N,nBu,tBu,NO2,Me,CCCC[n+]1cn(C(C)(C)C)c([N+](=O)[O-])c1C,CCCCN1[C]N(C(C)(C)C)C([N+](=O)[O-])=C1C
AJNMVVMRULOJFJ-UHFFFAOYSA-N,Me,tBu,H,NO2,C[n+]1cn(C(C)(C)C)cc1[N+](=O)[O-],CN1[C]N(C(C)(C)C)C=C1[N+](=O)[O-]
AJPVXNVXIOUWLJ-UHFFFAOYSA-N,Et,Vinyl,F,CF3,C=Cn1c[n+](CC)c(C(F)(F)F)c1F,C=CN1[C]N(CC)C(C(F)(F)F)=C1F
AJSKKTXZGAKOJK-UHFFFAOYSA-N,tBu,Ethynyl,F,F,C#Cn1c[n+](C(C)(C)C)c(F)c1F,C#CN1[C]N(C(C)(C)C)C(F)=C1F
AJWACROYKVVCIC-UHFFFAOYSA-N,Vinyl,Ethynyl,OMe,CF3,C#Cn1c[n+](C=C)c(C(F)(F)F)c1OC,C#CN1[C]N(C=C)C(C(F)(F)F)=C1OC
AJXWZDPSCGKSSB-UHFFFAOYSA-N,Me,Propargyl,OMe,NH2,C#CCn1c[n+](C)c(N)c1OC,C#CCN1[C]N(C)C(N)=C1OC
AKCVHAOYAYBNIW-UHFFFAOYSA-N,Vinyl,Ph,H,CF3,C=C[n+]1cn(-c2ccccc2)cc1C(F)(F)F,C=CN1[C]N(c2ccccc2)C=C1C(F)(F)F
AKFDTSQAHSUNHF-UHFFFAOYSA-N,nBu,Ph,OMe,CN,CCCC[n+]1cn(-c2ccccc2)c(OC)c1C#N,CCCCN1[C]N(c2ccccc2)C(OC)=C1C#N
AKNIGSWZPYMGJE-UHFFFAOYSA-N,tBu,Vinyl,NO2,H,C=Cn1c[n+](C(C)(C)C)cc1[N+](=O)[O-],C=CN1[C]N(C(C)(C)C)C=C1[N+](=O)[O-]
AKPFRWMCZJKGMD-UHFFFAOYSA-N,Et,Vinyl,OMe,F,C=Cn1c[n+](CC)c(F)c1OC,C=CN1[C]N(CC)C(F)=C1OC
AKUYERLQUNIDFZ-UHFFFAOYSA-N,tBu,Ethynyl,F,NO2,C#Cn1c[n+](C(C)(C)C)c([N+](=O)[O-])c1F,C#CN1[C]N(C(C)(C)C)C([N+](=O)[O-])=C1F
ALDDEXDUDSDIID-UHFFFAOYSA-N,tBu,Ethynyl,H,CN,C#Cn1cc(C#N)[n+](C(C)(C)C)c1,C#CN1[C]N(C(C)(C)C)C(C#N)=C1
ALRXQXGZTPCUAL-UHFFFAOYSA-N,Et,Propargyl,CN,NO2,C#CCn1c[n+](CC)c([N+](=O)[O-])c1C#N,C#CCN1[C]N(CC)C([N+](=O)[O-])=C1C#N
ALXQAADFININHR-UHFFFAOYSA-N,Me,Propargyl,CN,CF3,C#CCn1c[n+](C)c(C(F)(F)F)c1C#N,C#CCN1[C]N(C)C(C(F)(F)F)=C1C#N
ALZABJUGMRYLEG-UHFFFAOYSA-N,tBu,Ph,CN,NO2,CC(C)(C)[n+]1cn(-c2ccccc2)c(C#N)c1[N+](=O)[O-],CC(C)(C)N1[C]N(c2ccccc2)C(C#N)=C1[N+](=O)[O-]
AMUBDBUFMDUQGZ-UHFFFAOYSA-N,Et,Ethynyl,CN,H,C#Cn1c[n+](CC)cc1C#N,C#CN1[C]N(CC)C=C1C#N
AMUYLDYINWNHHU-UHFFFAOYSA-N,nBu,iPr,F,NO2,CCCC[n+]1cn(C(C)C)c(F)c1[N+](=O)[O-],CCCCN1[C]N(C(C)C)C(F)=C1[N+](=O)[O-]
AMYALMRHPODXKI-UHFFFAOYSA-N,tBu,Ph,OMe,CN,COc1c(C#N)[n+](C(C)(C)C)cn1-c1ccccc1,COC1=C(C#N)N(C(C)(C)C)[C]N1c1ccccc1
ANGBFHFIYMRUCX-UHFFFAOYSA-N,Vinyl,Propargyl,CN,NO2,C#CCn1c[n+](C=C)c([N+](=O)[O-])c1C#N,C#CCN1[C]N(C=C)C([N+](=O)[O-])=C1C#N
ANHARAMRAZIRHA-UHFFFAOYSA-N,Et,Ethynyl,NH2,H,C#Cn1c[n+](CC)cc1N,C#CN1[C]N(CC)C=C1N
ANJYXHIBHZXLJC-UHFFFAOYSA-N,nBu,Vinyl,NO2,NO2,C=Cn1c[n+](CCCC)c([N+](=O)[O-])c1[N+](=O)[O-],C=CN1[C]N(CCCC)C([N+](=O)[O-])=C1[N+](=O)[O-]
AOCDNEAENDSDNX-UHFFFAOYSA-N,Vinyl,Ethynyl,H,NO2,C#Cn1cc([N+](=O)[O-])[n+](C=C)c1,C#CN1[C]N(C=C)C([N+](=O)[O-])=C1
AORCRLWAMCJHJO-UHFFFAOYSA-N,Et,Vinyl,OMe,Me,C=Cn1c[n+](CC)c(C)c1OC,C=CN1[C]N(CC)C(C)=C1OC
AOSUOWKZROQBMB-UHFFFAOYSA-N,Me,Allyl,OMe,CN,C=CCn1c[n+](C)c(C#N)c1OC,C=CCN1[C]N(C)C(C#N)=C1OC
APLFUKUEWUTQCZ-UHFFFAOYSA-N,Me,Et,OMe,F,CCn1c[n+](C)c(F)c1OC,CCN1[C]N(C)C(F)=C1OC
APTVXZBCRXMJLF-UHFFFAOYSA-N,nBu,iPr,F,NH2,CCCC[n+]1cn(C(C)C)c(F)c1N,CCCCN1[C]N(C(C)C)C(F)=C1N
APVJBGYCRUVSDQ-UHFFFAOYSA-N,Me,Vinyl,NO2,F,C=Cn1c[n+](C)c(F)c1[N+](=O)[O-],C=CN1[C]N(C)C(F)=C1[N+](=O)[O-]
APYNILDSYLSWRO-UHFFFAOYSA-N,Me,Propargyl,OMe,CN,C#CCn1c[n+](C)c(C#N)c1OC,C#CCN1[C]N(C)C(C#N)=C1OC
AQCZATXNDXXBAS-UHFFFAOYSA-N,tBu,Ethynyl,H,CF3,C#Cn1cc(C(F)(F)F)[n+](C(C)(C)C)c1,C#CN1[C]N(C(C)(C)C)C(C(F)(F)F)=C1
AQMWECWXMYMBEA-UHFFFAOYSA-N,Me,Allyl,NO2,CF3,C=CCn1c[n+](C)c(C(F)(F)F)c1[N+](=O)[O-],C=CCN1[C]N(C)C(C(F)(F)F)=C1[N+](=O)[O-]
ARCOPRKIERHYIJ-UHFFFAOYSA-N,Et,Propargyl,CF3,NO2,C#CCn1c[n+](CC)c([N+](=O)[O-])c1C(F)(F)F,C#CCN1[C]N(CC)C([N+](=O)[O-])=C1C(F)(F)F
ASGGKEMNSRKJQJ-UHFFFAOYSA-N,nBu,tBu,NH2,CF3,CCCC[n+]1cn(C(C)(C)C)c(N)c1C(F)(F)F,CCCCN1[C]N(C(C)(C)C)C(N)=C1C(F)(F)F
ASSZZEUGHFDGDP-UHFFFAOYSA-N,nBu,Ethynyl,F,OMe,C#Cn1c[n+](CCCC)c(OC)c1F,C#CN1[C]N(CCCC)C(OC)=C1F
ASZXQANQIIGSCD-UHFFFAOYSA-N,nBu,Allyl,NO2,H,C=CCn1c[n+](CCCC)cc1[N+](=O)[O-],C=CCN1[C]N(CCCC)C=C1[N+](=O)[O-]
ATMLCIQKBSCYBB-UHFFFAOYSA-N,Me,Et,OMe,OMe,CCn1c[n+](C)c(OC)c1OC,CCN1[C]N(C)C(OC)=C1OC
ATMTTZQTXKQKNJ-UHFFFAOYSA-N,tBu,Allyl,CN,CN,C=CCn1c[n+](C(C)(C)C)c(C#N)c1C#N,C=CCN1[C]N(C(C)(C)C)C(C#N)=C1C#N
ATUCKSAYOACHFP-UHFFFAOYSA-N,Me,Ethynyl,F,Me,C#Cn1c[n+](C)c(C)c1F,C#CN1[C]N(C)C(C)=C1F
AUDHMQHWJNESLG-UHFFFAOYSA-N,Et,Propargyl,CN,OMe,C#CCn1c[n+](CC)c(OC)c1C#N,C#CCN1[C]N(CC)C(OC)=C1C#N
AUJVTZUXRRWNHZ-UHFFFAOYSA-N,nBu,Ethynyl,CF3,H,C#Cn1c[n+](CCCC)cc1C(F)(F)F,C#CN1[C]N(CCCC)C=C1C(F)(F)F
AUMWVAKCDMXMEN-UHFFFAOYSA-N,Me,Allyl,OMe,F,C=CCn1c[n+](C)c(F)c1OC,C=CCN1[C]N(C)C(F)=C1OC
AUOVXFGSOVIUGZ-UHFFFAOYSA-N,Et,Ethynyl,NO2,NO2,C#Cn1c[n+](CC)c([N+](=O)[O-])c1[N+](=O)[O-],C#CN1[C]N(CC)C([N+](=O)[O-])=C1[N+](=O)[O-]
AVNSUNPZMVGIPD-UHFFFAOYSA-N,nBu,iPr,CN,H,CCCC[n+]1cc(C#N)n(C(C)C)c1,CCCCN1[C]N(C(C)C)C(C#N)=C1
AVSDTGJYJQLYTJ-UHFFFAOYSA-N,Vinyl,Ph,H,CN,C=C[n+]1cn(-c2ccccc2)cc1C#N,C=CN1[C]N(c2ccccc2)C=C1C#N
AWZIZNSDJXODFG-UHFFFAOYSA-N,Ethynyl,Propargyl,H,CF3,C#CCn1cc(C(F)(F)F)[n+](C#C)c1,C#CCN1[C]N(C#C)C(C(F)(F)F)=C1
AWZKYWFXSQRLJA-UHFFFAOYSA-N,Et,Vinyl,F,H,C=Cn1c[n+](CC)cc1F,C=CN1[C]N(CC)C=C1F
AXJVEXSSBJLKCJ-UHFFFAOYSA-N,nBu,tBu,OMe,Me,CCCC[n+]1cn(C(C)(C)C)c(OC)c1C,CCCCN1[C]N(C(C)(C)C)C(OC)=C1C
AXKZZCZXSMIERF-UHFFFAOYSA-N,nBu,Ethynyl,CF3,NH2,C#Cn1c[n+](CCCC)c(N)c1C(F)(F)F,C#CN1[C]N(CCCC)C(N)=C1C(F)(F)F
AXQQGZIULUPHDP-UHFFFAOYSA-N,Ethynyl,Propargyl,NO2,NO2,C#CCn1c[n+](C#C)c([N+](=O)[O-])c1[N+](=O)[O-],C#CCN1[C]N(C#C)C([N+](=O)[O-])=C1[N+](=O)[O-]
AXQWBKLQARESDS-UHFFFAOYSA-N,Vinyl,Allyl,CF3,CF3,C=CCn1c[n+](C=C)c(C(F)(F)F)c1C(F)(F)F,C=CCN1[C]N(C=C)C(C(F)(F)F)=C1C(F)(F)F
AXSCHPHIGVUNEX-UHFFFAOYSA-N,Et,iPr,F,Me,CC[n+]1cn(C(C)C)c(F)c1C,CCN1[C]N(C(C)C)C(F)=C1C
AYIOMLJSQZNTTE-UHFFFAOYSA-N,tBu,Ethynyl,OMe,Me,C#Cn1c[n+](C(C)(C)C)c(C)c1OC,C#CN1[C]N(C(C)(C)C)C(C)=C1OC
AYSBCAZSVLTSMI-UHFFFAOYSA-N,tBu,Ethynyl,NO2,CN,C#Cn1c[n+](C(C)(C)C)c(C#N)c1[N+](=O)[O-],C#CN1[C]N(C(C)(C)C)C(C#N)=C1[N+](=O)[O-]
AYTKLJYLOZVKQJ-UHFFFAOYSA-N,Me,Propargyl,F,CF3,C#CCn1c[n+](C)c(C(F)(F)F)c1F,C#CCN1[C]N(C)C(C(F)(F)F)=C1F
AYUYVUNOPXJWFX-UHFFFAOYSA-N,Vinyl,Propargyl,NH2,NO2,C#CCn1c[n+](C=C)c([N+](=O)[O-])c1N,C#CCN1[C]N(C=C)C([N+](=O)[O-])=C1N
AZUZVAYUPLWRNC-UHFFFAOYSA-N,Et,Ethynyl,NO2,Me,C#Cn1c[n+](CC)c(C)c1[N+](=O)[O-],C#CN1[C]N(CC)C(C)=C1[N+](=O)[O-]
AZWRQZHOCVNLMN-UHFFFAOYSA-N,tBu,Vinyl,NH2,NO2,C=Cn1c[n+](C(C)(C)C)c([N+](=O)[O-])c1N,C=CN1[C]N(C(C)(C)C)C([N+](=O)[O-])=C1N
BACWFMSVLJELPB-UHFFFAOYSA-N,Et,Allyl,CF3,CN,C=CCn1c[n+](CC)c(C#N)c1C(F)(F)F,C=CCN1[C]N(CC)C(C#N)=C1C(F)(F)F
BAOCFJNTLSEBPJ-UHFFFAOYSA-N,nBu,iPr,NO2,CN,CCCC[n+]1cn(C(C)C)c([N+](=O)[O-])c1C#N,CCCCN1[C]N(C(C)C)C([N+](=O)[O-])=C1C#N
BAXXLAVVIKBSMV-UHFFFAOYSA-N,Ethynyl,Ethynyl,CN,CF3,C#Cn1c[n+](C#C)c(C(F)(F)F)c1C#N,C#CN1[C]N(C#C)C(C(F)(F)F)=C1C#N
BBDKKKYQHWBLKP-UHFFFAOYSA-N,Me,Ph,CN,Me,Cc1c(C#N)n(-c2ccccc2)c[n+]1C,CC1=C(C#N)N(c2ccccc2)[C]N1C
BBKFOVMUQWMIKF-UHFFFAOYSA-N,tBu,Ethynyl,OMe,NO2,C#Cn1c[n+](C(C)(C)C)c([N+](=O)[O-])c1OC,C#CN1[C]N(C(C)(C)C)C([N+](=O)[O-])=C1OC
BBPBHNOUNBEEFE-UHFFFAOYSA-N,tBu,Ph,CN,F,CC(C)(C)[n+]1cn(-c2ccccc2)c(C#N)c1F,CC(C)(C)N1[C]N(c2ccccc2)C(C#N)=C1F
BBPDIKIJMCEJFM-UHFFFAOYSA-N,Et,Propargyl,H,OMe,C#CCn1cc(OC)[n+](CC)c1,C#CCN1[C]N(CC)C(OC)=C1
BCDLHCJVDWKYFZ-UHFFFAOYSA-N,Vinyl,Propargyl,CN,NH2,C#CCn1c[n+](C=C)c(N)c1C#N,C#CCN1[C]N(C=C)C(N)=C1C#N
BCWQMKXELMIHGI-UHFFFAOYSA-N,Et,Ph,CF3,CF3,CC[n+]1cn(-c2ccccc2)c(C(F)(F)F)c1C(F)(F)F,CCN1[C]N(c2ccccc2)C(C(F)(F)F)=C1C(F)(F)F
BCWQOPJQRINUFZ-UHFFFAOYSA-N,Et,tBu,CF3,H,CC[n+]1cc(C(F)(F)F)n(C(C)(C)C)c1,CCN1[C]N(C(C)(C)C)C(C(F)(F)F)=C1
BCZGBQVWVHXPKH-UHFFFAOYSA-N,Et,iPr,NH2,CF3,CC[n+]1cn(C(C)C)c(N)c1C(F)(F)F,CCN1[C]N(C(C)C)C(N)=C1C(F)(F)F
BDOBXXCJZJMEGP-UHFFFAOYSA-N,Vinyl,Propargyl,CF3,OMe,C#CCn1c[n+](C=C)c(OC)c1C(F)(F)F,C#CCN1[C]N(C=C)C(OC)=C1C(F)(F)F
BDPQRPBJDAJJQW-UHFFFAOYSA-N,Vinyl,Propargyl,NH2,CN,C#CCn1c[n+](C=C)c(C#N)c1N,C#CCN1[C]N(C=C)C(C#N)=C1N
BDSFAUGBONMXFI-UHFFFAOYSA-N,Me,tBu,CN,OMe,COc1c(C#N)n(C(C)(C)C)c[n+]1C,COC1=C(C#N)N(C(C)(C)C)[C]N1C
BDWZJDCZCYAPRE-UHFFFAOYSA-N,Ethynyl,Propargyl,NH2,H,C#CCn1c[n+](C#C)cc1N,C#CCN1[C]N(C#C)C=C1N
BEGQTQKPRLWXHI-UHFFFAOYSA-N,nBu,Ph,H,NH2,CCCC[n+]1cn(-c2ccccc2)cc1N,CCCCN1[C]N(c2ccccc2)C=C1N
BFCHAVKBUOGJJY-UHFFFAOYSA-N,Me,Et,CF3,H,CCn1c[n+](C)cc1C(F)(F)F,CCN1[C]N(C)C=C1C(F)(F)F
BFDVOXVBVOATTB-UHFFFAOYSA-N,tBu,Ethynyl,CF3,CF3,C#Cn1c[n+](C(C)(C)C)c(C(F)(F)F)c1C(F)(F)F,C#CN1[C]N(C(C)(C)C)C(C(F)(F)F)=C1C(F)(F)F
BFMPBDRLSOUCGL-UHFFFAOYSA-N,Et,Ph,F,Me,CC[n+]1cn(-c2ccccc2)c(F)c1C,CCN1[C]N(c2ccccc2)C(F)=C1C
BGBDOZGTCKMBAB-UHFFFAOYSA-N,nBu,Vinyl,F,CN,C=Cn1c[n+](CCCC)c(C#N)c1F,C=CN1[C]N(CCCC)C(C#N)=C1F
BHDLRSSCZDDIOM-UHFFFAOYSA-N,Vinyl,Ph,NH2,F,C=C[n+]1cn(-c2ccccc2)c(N)c1F,C=CN1[C]N(c2ccccc2)C(N)=C1F
BHKJJUGZCADDLW-UHFFFAOYSA-N,nBu,Allyl,F,NO2,C=CCn1c[n+](CCCC)c([N+](=O)[O-])c1F,C=CCN1[C]N(CCCC)C([N+](=O)[O-])=C1F
BHTAKIGRHBLHMV-UHFFFAOYSA-N,nBu,Ph,CN,CN,CCCC[n+]1cn(-c2ccccc2)c(C#N)c1C#N,CCCCN1[C]N(c2ccccc2)C(C#N)=C1C#N
BHWNOLKYXPQUAZ-UHFFFAOYSA-N,Vinyl,Ethynyl,OMe,CN,C#Cn1c[n+](C=C)c(C#N)c1OC,C#CN1[C]N(C=C)C(C#N)=C1OC
BIHGLCPBLZIJOM-UHFFFAOYSA-N,nBu,tBu,H,OMe,CCCC[n+]1cn(C(C)(C)C)cc1OC,CCCCN1[C]N(C(C)(C)C)C=C1OC
BIOORCLUQUOYPY-UHFFFAOYSA-N,tBu,Allyl,NH2,NH2,C=CCn1c[n+](C(C)(C)C)c(N)c1N,C=CCN1[C]N(C(C)(C)C)C(N)=C1N
BIVNWMJCVOEYNO-UHFFFAOYSA-N,Me,Et,F,CN,CCn1c[n+](C)c(C#N)c1F,CCN1[C]N(C)C(C#N)=C1F
BIVWGXQLEMOLRU-UHFFFAOYSA-N,tBu,Allyl,NO2,H,C=CCn1c[n+](C(C)(C)C)cc1[N+](=O)[O-],C=CCN1[C]N(C(C)(C)C)C=C1[N+](=O)[O-]
BJFNYUHEBKFWEF-UHFFFAOYSA-N,nBu,Ph,NO2,CN,CCCC[n+]1cn(-c2ccccc2)c([N+](=O)[O-])c1C#N,CCCCN1[C]N(c2ccccc2)C([N+](=O)[O-])=C1C#N
BJFWWZZLMZALLK-UHFFFAOYSA-N,tBu,Ethynyl,CF3,OMe,C#Cn1c[n+](C(C)(C)C)c(OC)c1C(F)(F)F,C#CN1[C]N(C(C)(C)C)C(OC)=C1C(F)(F)F
BJSKARQXJDRRKE-UHFFFAOYSA-N,Et,Ph,CN,NO2,CC[n+]1cn(-c2ccccc2)c(C#N)c1[N+](=O)[O-],CCN1[C]N(c2ccccc2)C(C#N)=C1[N+](=O)[O-]
BKRJDZZYKKTHME-UHFFFAOYSA-N,nBu,Ph,NH2,F,CCCC[n+]1cn(-c2ccccc2)c(N)c1F,CCCCN1[C]N(c2ccccc2)C(N)=C1F
BKWGFIQARKGJIK-UHFFFAOYSA-N,tBu,Ph,CF3,CF3,CC(C)(C)[n+]1cn(-c2ccccc2)c(C(F)(F)F)c1C(F)(F)F,CC(C)(C)N1[C]N(c2ccccc2)C(C(F)(F)F)=C1C(F)(F)F
BKYHZQZVLCWXOR-UHFFFAOYSA-N,Et,Ethynyl,F,H,C#Cn1c[n+](CC)cc1F,C#CN1[C]N(CC)C=C1F
BLEOPPKORBWQIC-UHFFFAOYSA-N,nBu,iPr,H,NH2,CCCC[n+]1cn(C(C)C)cc1N,CCCCN1[C]N(C(C)C)C=C1N
BLJAHAXPICEHEP-UHFFFAOYSA-N,tBu,tBu,CN,NO2,CC(C)(C)n1c[n+](C(C)(C)C)c([N+](=O)[O-])c1C#N,CC(C)(C)N1[C]N(C(C)(C)C)C([N+](=O)[O-])=C1C#N
BLLPWCSCFVILNA-UHFFFAOYSA-N,nBu,Allyl,CF3,F,C=CCn1c[n+](CCCC)c(F)c1C(F)(F)F,C=CCN1[C]N(CCCC)C(F)=C1C(F)(F)F
BMFLHLZKOOMDQY-UHFFFAOYSA-N,Et,Vinyl,NH2,H,C=Cn1c[n+](CC)cc1N,C=CN1[C]N(CC)C=C1N
BMFOQOPPHCZPPB-UHFFFAOYSA-N,Me,Allyl,CN,H,C=CCn1c[n+](C)cc1C#N,C=CCN1[C]N(C)C=C1C#N
BMNXHHHGBHRNLK-UHFFFAOYSA-N,Me,Ph,F,Me,Cc1c(F)n(-c2ccccc2)c[n+]1C,CC1=C(F)N(c2ccccc2)[C]N1C
BMVIOCTVVNBABX-UHFFFAOYSA-N,Ethynyl,Ph,NH2,CN,C#C[n+]1cn(-c2ccccc2)c(N)c1C#N,C#CN1[C]N(c2ccccc2)C(N)=C1C#N
BNCVISBRZZLGMV-UHFFFAOYSA-N,Vinyl,Vinyl,F,OMe,C=Cn1c[n+](C=C)c(OC)c1F,C=CN1[C]N(C=C)C(OC)=C1F
BNGIZIFYVNSBBQ-UHFFFAOYSA-N,nBu,Ph,F,NO2,CCCC[n+]1cn(-c2ccccc2)c(F)c1[N+](=O)[O-],CCCCN1[C]N(c2ccccc2)C(F)=C1[N+](=O)[O-]
BNKSALJKYQHPNW-UHFFFAOYSA-N,Me,Allyl,F,F,C=CCn1c[n+](C)c(F)c1F,C=CCN1[C]N(C)C(F)=C1F
BOBGEVPKFMSVTB-UHFFFAOYSA-N,nBu,Ethynyl,NO2,H,C#Cn1c[n+](CCCC)cc1[N+](=O)[O-],C#CN1[C]N(CCCC)C=C1[N+](=O)[O-]
BOFVDCDOCKQENM-UHFFFAOYSA-N,Et,tBu,OMe,CF3,CC[n+]1cn(C(C)(C)C)c(OC)c1C(F)(F)F,CCN1[C]N(C(C)(C)C)C(OC)=C1C(F)(F)F
BOKVXCVRVHCCRD-UHFFFAOYSA-N,Vinyl,Vinyl,H,NH2,C=Cn1cc(N)[n+](C=C)c1,C=CN1[C]N(C=C)C(N)=C1
BOMOLFBFHPIUMJ-UHFFFAOYSA-N,nBu,iPr,CN,NO2,CCCC[n+]1cn(C(C)C)c(C#N)c1[N+](=O)[O-],CCCCN1[C]N(C(C)C)C(C#N)=C1[N+](=O)[O-]
BOVDHCVSTVUXSI-UHFFFAOYSA-N,tBu,Vinyl,NH2,NH2,C=Cn1c[n+](C(C)(C)C)c(N)c1N,C=CN1[C]N(C(C)(C)C)C(N)=C1N
BOVJDNLQAGJWHZ-UHFFFAOYSA-N,Me,Ph,NO2,CF3,C[n+]1cn(-c2ccccc2)c([N+](=O)[O-])c1C(F)(F)F,CN1[C]N(c2ccccc2)C([N+](=O)[O-])=C1C(F)(F)F
BPQOVTMNPWOUSI-UHFFFAOYSA-N,Et,Ph,NO2,CN,CC[n+]1cn(-c2ccccc2)c([N+](=O)[O-])c1C#N,CCN1[C]N(c2ccccc2)C([N+](=O)[O-])=C1C#N
BPZJFFUCMCIKJJ-UHFFFAOYSA-N,Et,Propargyl,F,CN,C#CCn1c[n+](CC)c(C#N)c1F,C#CCN1[C]N(CC)C(C#N)=C1F
BQLQUKXVHXMTNO-UHFFFAOYSA-N,nBu,Ph,H,OMe,CCCC[n+]1cn(-c2ccccc2)cc1OC,CCCCN1[C]N(c2ccccc2)C=C1OC
BQQXUEKGTAEEKA-UHFFFAOYSA-N,nBu,Ph,NO2,NH2,CCCC[n+]1cn(-c2ccccc2)c([N+](=O)[O-])c1N,CCCCN1[C]N(c2ccccc2)C([N+](=O)[O-])=C1N
BQSUAFSUPCNTBF-UHFFFAOYSA-N,Et,Allyl,H,H,C=CCn1cc[n+](CC)c1,C=CCN1[C]N(CC)C=C1
BQVLLSIJKNXUAL-UHFFFAOYSA-N,nBu,Ph,OMe,OMe,CCCC[n+]1cn(-c2ccccc2)c(OC)c1OC,CCCCN1[C]N(c2ccccc2)C(OC)=C1OC
BQXYZOCLKFSCHE-UHFFFAOYSA-N,Me,Me,CN,NO2,Cn1c[n+](C)c([N+](=O)[O-])c1C#N,CN1[C]N(C)C([N+](=O)[O-])=C1C#N
BRINGEWXYZEQLQ-UHFFFAOYSA-N,Me,Propargyl,NH2,CF3,C#CCn1c[n+](C)c(C(F)(F)F)c1N,C#CCN1[C]N(C)C(C(F)(F)F)=C1N
BRJNWSHULPCXCR-UHFFFAOYSA-N,tBu,Propargyl,OMe,H,C#CCn1c[n+](C(C)(C)C)cc1OC,C#CCN1[C]N(C(C)(C)C)C=C1OC
BRKTZUZBZZWLAV-UHFFFAOYSA-N,Et,iPr,F,NO2,CC[n+]1cn(C(C)C)c(F)c1[N+](=O)[O-],CCN1[C]N(C(C)C)C(F)=C1[N+](=O)[O-]
BSDPXYLJXCYLSI-UHFFFAOYSA-N,Vinyl,Allyl,F,NH2,C=CCn1c[n+](C=C)c(N)c1F,C=CCN1[C]N(C=C)C(N)=C1F
BSDWQRVTXWYHJF-UHFFFAOYSA-N,Et,Ethynyl,NH2,Me,C#Cn1c[n+](CC)c(C)c1N,C#CN1[C]N(CC)C(C)=C1N
BSEVFKZTQUQGGK-UHFFFAOYSA-N,tBu,Allyl,F,F,C=CCn1c[n+](C(C)(C)C)c(F)c1F,C=CCN1[C]N(C(C)(C)C)C(F)=C1F
BSKCYVGAXGJEIV-UHFFFAOYSA-N,Vinyl,Allyl,F,CN,C=CCn1c[n+](C=C)c(C#N)c1F,C=CCN1[C]N(C=C)C(C#N)=C1F
BSLOUKWPCTVCAG-UHFFFAOYSA-N,nBu,Ethynyl,F,CN,C#Cn1c[n+](CCCC)c(C#N)c1F,C#CN1[C]N(CCCC)C(C#N)=C1F
BSVKTFARBDQEJW-UHFFFAOYSA-N,nBu,iPr,NH2,F,CCCC[n+]1cn(C(C)C)c(N)c1F,CCCCN1[C]N(C(C)C)C(N)=C1F
BSWIWWXAYYEHHV-UHFFFAOYSA-N,nBu,Propargyl,H,CF3,C#CCn1cc(C(F)(F)F)[n+](CCCC)c1,C#CCN1[C]N(CCCC)C(C(F)(F)F)=C1
BTUMSWPYDIUPDI-UHFFFAOYSA-N,nBu,Ethynyl,NO2,NH2,C#Cn1c[n+](CCCC)c(N)c1[N+](=O)[O-],C#CN1[C]N(CCCC)C(N)=C1[N+](=O)[O-]
BUDHDZDCAGEPAO-UHFFFAOYSA-N,Vinyl,Allyl,CF3,H,C=CCn1c[n+](C=C)cc1C(F)(F)F,C=CCN1[C]N(C=C)C=C1C(F)(F)F
BUFYHJWLFXQIIY-UHFFFAOYSA-N,tBu,Allyl,H,CN,C=CCn1cc(C#N)[n+](C(C)(C)C)c1,C=CCN1[C]N(C(C)(C)C)C(C#N)=C1
BUIZCXFNIZGLDY-UHFFFAOYSA-N,Vinyl,Propargyl,CN,F,C#CCn1c[n+](C=C)c(F)c1C#N,C#CCN1[C]N(C=C)C(F)=C1C#N
BUOSRNXRVZGNPN-UHFFFAOYSA-N,tBu,Propargyl,NH2,H,C#CCn1c[n+](C(C)(C)C)cc1N,C#CCN1[C]N(C(C)(C)C)C=C1N
BUTVHDRUULYQJD-UHFFFAOYSA-N,Et,Ethynyl,NH2,F,C#Cn1c[n+](CC)c(F)c1N,C#CN1[C]N(CC)C(F)=C1N
BVBABEMFDZVFMC-UHFFFAOYSA-N,nBu,Ph,CF3,OMe,CCCC[n+]1cn(-c2ccccc2)c(C(F)(F)F)c1OC,CCCCN1[C]N(c2ccccc2)C(C(F)(F)F)=C1OC
BVCFCXMGIJXASO-UHFFFAOYSA-N,Me,Allyl,OMe,CF3,C=CCn1c[n+](C)c(C(F)(F)F)c1OC,C=CCN1[C]N(C)C(C(F)(F)F)=C1OC
BVTJVBILUVIUQI-UHFFFAOYSA-N,Vinyl,Ph,CF3,NO2,C=C[n+]1cn(-c2ccccc2)c(C(F)(F)F)c1[N+](=O)[O-],C=CN1[C]N(c2ccccc2)C(C(F)(F)F)=C1[N+](=O)[O-]
BVZLJZUZJPJDLO-UHFFFAOYSA-N,Me,Propargyl,F,Me,C#CCn1c[n+](C)c(C)c1F,C#CCN1[C]N(C)C(C)=C1F
BXWITLDGCLLZPP-UHFFFAOYSA-N,Ethynyl,Propargyl,NH2,CF3,C#CCn1c[n+](C#C)c(C(F)(F)F)c1N,C#CCN1[C]N(C#C)C(C(F)(F)F)=C1N
BYCQWZLBSCSGMX-UHFFFAOYSA-N,Ethynyl,Ethynyl,H,OMe,C#Cn1cc(OC)[n+](C#C)c1,C#CN1[C]N(C#C)C(OC)=C1
BZAOVGQRJXOLGI-UHFFFAOYSA-N,Me,Propargyl,NH2,CN,C#CCn1c[n+](C)c(C#N)c1N,C#CCN1[C]N(C)C(C#N)=C1N
BZYJWHWJODWHJL-UHFFFAOYSA-N,tBu,Vinyl,CN,Me,C=Cn1c[n+](C(C)(C)C)c(C)c1C#N,C=CN1[C]N(C(C)(C)C)C(C)=C1C#N
CBBQCKLTFROCAH-UHFFFAOYSA-N,Vinyl,Ethynyl,NO2,CN,C#Cn1c[n+](C=C)c(C#N)c1[N+](=O)[O-],C#CN1[C]N(C=C)C(C#N)=C1[N+](=O)[O-]
CBEANQPKLJLGDW-UHFFFAOYSA-N,Et,Propargyl,OMe,NO2,C#CCn1c[n+](CC)c([N+](=O)[O-])c1OC,C#CCN1[C]N(CC)C([N+](=O)[O-])=C1OC
CBMANOJFNKGWDB-UHFFFAOYSA-N,nBu,Propargyl,CN,F,C#CCn1c[n+](CCCC)c(F)c1C#N,C#CCN1[C]N(CCCC)C(F)=C1C#N
CBNUJZBZWHELCC-UHFFFAOYSA-N,tBu,Ethynyl,H,Me,C#Cn1cc(C)[n+](C(C)(C)C)c1,C#CN1[C]N(C(C)(C)C)C(C)=C1
CCHQIXLNMLRRNW-UHFFFAOYSA-N,Et,Allyl,CN,NO2,C=CCn1c[n+](CC)c([N+](=O)[O-])c1C#N,C=CCN1[C]N(CC)C([N+](=O)[O-])=C1C#N
CCMMQOQDGJHPLP-UHFFFAOYSA-N,nBu,Propargyl,NO2,Me,C#CCn1c[n+](CCCC)c(C)c1[N+](=O)[O-],C#CCN1[C]N(CCCC)C(C)=C1[N+](=O)[O-]
CDBFCMGUHPFWRP-UHFFFAOYSA-N,tBu,Ethynyl,NO2,OMe,C#Cn1c[n+](C(C)(C)C)c(OC)c1[N+](=O)[O-],C#CN1[C]N(C(C)(C)C)C(OC)=C1[N+](=O)[O-]
CDDFVPMRODZAGL-UHFFFAOYSA-N,nBu,Vinyl,OMe,NH2,C=Cn1c[n+](CCCC)c(N)c1OC,C=CN1[C]N(CCCC)C(N)=C1OC
CDIWYWUGTVLWJM-UHFFFAOYSA-N,Me,Me,H,Me,Cc1cn(C)c[n+]1C,CC1=CN(C)[C]N1C
CDMTXYNJFVALLW-UHFFFAOYSA-N,Vinyl,Vinyl,F,NH2,C=Cn1c[n+](C=C)c(N)c1F,C=CN1[C]N(C=C)C(F)=C1N
CDMUCCJYYQPLTL-UHFFFAOYSA-N,tBu,Vinyl,CF3,F,C=Cn1c[n+](C(C)(C)C)c(F)c1C(F)(F)F,C=CN1[C]N(C(C)(C)C)C(F)=C1C(F)(F)F
CEAAVUVLCKANKH-UHFFFAOYSA-N,Me,Ethynyl,NH2,NO2,C#Cn1c[n+](C)c([N+](=O)[O-])c1N,C#CN1[C]N(C)C([N+](=O)[O-])=C1N
CEKWYWRIKHFBLN-UHFFFAOYSA-N,Ethynyl,Propargyl,CF3,NH2,C#CCn1c[n+](C#C)c(N)c1C(F)(F)F,C#CCN1[C]N(C#C)C(N)=C1C(F)(F)F
CEMKYIFZMJIBAC-UHFFFAOYSA-N,Me,tBu,NH2,H,C[n+]1cc(N)n(C(C)(C)C)c1,CN1[C]N(C(C)(C)C)C(N)=C1
CEWWPKJFFPLKFZ-UHFFFAOYSA-N,Et,Allyl,NO2,OMe,C=CCn1c[n+](CC)c(OC)c1[N+](=O)[O-],C=CCN1[C]N(CC)C(OC)=C1[N+](=O)[O-]
CFPIZVVDHOGCOS-UHFFFAOYSA-N,Me,Propargyl,NO2,NH2,C#CCn1c[n+](C)c(N)c1[N+](=O)[O-],C#CCN1[C]N(C)C(N)=C1[N+](=O)[O-]
CGDCTQXGPNSMCW-UHFFFAOYSA-N,Et,Ph,NO2,F,CC[n+]1cn(-c2ccccc2)c([N+](=O)[O-])c1F,CCN1[C]N(c2ccccc2)C([N+](=O)[O-])=C1F
CGDJGDVDKQSGBW-UHFFFAOYSA-N,nBu,Propargyl,CN,NH2,C#CCn1c[n+](CCCC)c(N)c1C#N,C#CCN1[C]N(CCCC)C(N)=C1C#N
CGKGOVYDNOYMRC-UHFFFAOYSA-N,Vinyl,Propargyl,NO2,NH2,C#CCn1c[n+](C=C)c(N)c1[N+](=O)[O-],C#CCN1[C]N(C=C)C(N)=C1[N+](=O)[O-]
CHCATGWJEMDWQA-UHFFFAOYSA-N,nBu,Ethynyl,OMe,OMe,C#Cn1c[n+](CCCC)c(OC)c1OC,C#CN1[C]N(CCCC)C(OC)=C1OC
CIBAMUBFFBAMAR-UHFFFAOYSA-N,tBu,tBu,CN,OMe,COc1c(C#N)n(C(C)(C)C)c[n+]1C(C)(C)C,COC1=C(C#N)N(C(C)(C)C)[C]N1C(C)(C)C
CIKKTXFQUUMASY-UHFFFAOYSA-N,nBu,Ethynyl,CN,CF3,C#Cn1c[n+](CCCC)c(C(F)(F)F)c1C#N,C#CN1[C]N(CCCC)C(C(F)(F)F)=C1C#N
CIMMCRUBBMFFCR-UHFFFAOYSA-N,Me,iPr,F,OMe,COc1c(F)n(C(C)C)c[n+]1C,COC1=C(F)N(C(C)C)[C]N1C
CIRFWOOGCSPBAS-UHFFFAOYSA-N,Me,tBu,NO2,H,C[n+]1cc([N+](=O)[O-])n(C(C)(C)C)c1,CN1[C]N(C(C)(C)C)C([N+](=O)[O-])=C1
CIUGIRDOZFIVTR-UHFFFAOYSA-N,Me,Ethynyl,NO2,NO2,C#Cn1c[n+](C)c([N+](=O)[O-])c1[N+](=O)[O-],C#CN1[C]N(C)C([N+](=O)[O-])=C1[N+](=O)[O-]
CIVIBHLXOZWWGI-UHFFFAOYSA-N,Vinyl,Propargyl,OMe,Me,C#CCn1c[n+](C=C)c(C)c1OC,C#CCN1[C]N(C=C)C(C)=C1OC
CIXZHNBPRWCBJP-UHFFFAOYSA-N,Me,Et,NO2,H,CCn1c[n+](C)cc1[N+](=O)[O-],CCN1[C]N(C)C=C1[N+](=O)[O-]
CIYSNPIISJUTKV-UHFFFAOYSA-N,Me,iPr,NO2,CN,CC(C)n1c[n+](C)c(C#N)c1[N+](=O)[O-],CC(C)N1[C]N(C)C(C#N)=C1[N+](=O)[O-]
CJDJVDPXCWUANT-UHFFFAOYSA-N,Vinyl,Ph,NH2,NH2,C=C[n+]1cn(-c2ccccc2)c(N)c1N,C=CN1[C]N(c2ccccc2)C(N)=C1N
CJGIWYYDJGLRCX-UHFFFAOYSA-N,Me,Allyl,NO2,Me,C=CCn1c[n+](C)c(C)c1[N+](=O)[O-],C=CCN1[C]N(C)C(C)=C1[N+](=O)[O-]
CJQADSZLLMBCRL-UHFFFAOYSA-N,Vinyl,Allyl,NH2,H,C=CCn1c[n+](C=C)cc1N,C=CCN1[C]N(C=C)C=C1N
CJRRFSRSCPKVTJ-UHFFFAOYSA-N,tBu,Vinyl,H,NO2,C=Cn1cc([N+](=O)[O-])[n+](C(C)(C)C)c1,C=CN1[C]N(C(C)(C)C)C([N+](=O)[O-])=C1
CJRXMCRBZFOZHI-UHFFFAOYSA-N,Me,Et,NO2,CN,CCn1c[n+](C)c(C#N)c1[N+](=O)[O-],CCN1[C]N(C)C(C#N)=C1[N+](=O)[O-]
CKFSKNSHQWEXRX-UHFFFAOYSA-N,Me,Allyl,NO2,CN,C=CCn1c[n+](C)c(C#N)c1[N+](=O)[O-],C=CCN1[C]N(C)C(C#N)=C1[N+](=O)[O-]
CKICNXIMOVRSRA-UHFFFAOYSA-N,tBu,Propargyl,F,NH2,C#CCn1c[n+](C(C)(C)C)c(N)c1F,C#CCN1[C]N(C(C)(C)C)C(N)=C1F
CKRUJTSGTQSPFO-UHFFFAOYSA-N,Me,Et,CF3,F,CCn1c[n+](C)c(F)c1C(F)(F)F,CCN1[C]N(C)C(F)=C1C(F)(F)F
CKWVTZLJLGBQBH-UHFFFAOYSA-N,Vinyl,Propargyl,OMe,H,C#CCn1c[n+](C=C)cc1OC,C#CCN1[C]N(C=C)C=C1OC
CLBRBOMBWQECBA-UHFFFAOYSA-N,Et,Ethynyl,F,NO2,C#Cn1c[n+](CC)c([N+](=O)[O-])c1F,C#CN1[C]N(CC)C([N+](=O)[O-])=C1F
CLXFIGGGSODORK-UHFFFAOYSA-N,Et,tBu,NO2,Me,CC[n+]1cn(C(C)(C)C)c([N+](=O)[O-])c1C,CCN1[C]N(C(C)(C)C)C([N+](=O)[O-])=C1C
CMCYEKYRBXCQIW-UHFFFAOYSA-N,Et,Ethynyl,OMe,CF3,C#Cn1c[n+](CC)c(C(F)(F)F)c1OC,C#CN1[C]N(CC)C(C(F)(F)F)=C1OC
CMFZRNLCWWDZAO-UHFFFAOYSA-N,tBu,Vinyl,OMe,OMe,C=Cn1c[n+](C(C)(C)C)c(OC)c1OC,C=CN1[C]N(C(C)(C)C)C(OC)=C1OC
CMOYUFRLZQTDEE-UHFFFAOYSA-N,Et,Ethynyl,CN,NO2,C#Cn1c[n+](CC)c([N+](=O)[O-])c1C#N,C#CN1[C]N(CC)C([N+](=O)[O-])=C1C#N
CMOZGVQLTNPPFV-UHFFFAOYSA-N,Me,Et,F,Me,CCn1c[n+](C)c(C)c1F,CCN1[C]N(C)C(C)=C1F
CMRRQKAMTFXOMA-UHFFFAOYSA-N,Vinyl,Ethynyl,CF3,OMe,C#Cn1c[n+](C=C)c(OC)c1C(F)(F)F,C#CN1[C]N(C=C)C(OC)=C1C(F)(F)F
CMVKYSXQXWPHST-UHFFFAOYSA-N,tBu,Allyl,CF3,Me,C=CCn1c[n+](C(C)(C)C)c(C)c1C(F)(F)F,C=CCN1[C]N(C(C)(C)C)C(C)=C1C(F)(F)F
CMZHQACXLLWBGJ-UHFFFAOYSA-N,Et,tBu,F,Me,CC[n+]1cn(C(C)(C)C)c(F)c1C,CCN1[C]N(C(C)(C)C)C(F)=C1C
CNIMHAKPOAIWDV-UHFFFAOYSA-N,Me,Allyl,NH2,NH2,C=CCn1c[n+](C)c(N)c1N,C=CCN1[C]N(C)C(N)=C1N
CNIZWUVAMJJFIJ-UHFFFAOYSA-N,Et,Ethynyl,CF3,OMe,C#Cn1c[n+](CC)c(OC)c1C(F)(F)F,C#CN1[C]N(CC)C(OC)=C1C(F)(F)F
COBKWKKCWULYKZ-UHFFFAOYSA-N,Me,Ph,NH2,CF3,C[n+]1cn(-c2ccccc2)c(N)c1C(F)(F)F,CN1[C]N(c2ccccc2)C(N)=C1C(F)(F)F
COICAQXEFNSGIC-UHFFFAOYSA-N,tBu,Propargyl,F,H,C#CCn1c[n+](C(C)(C)C)cc1F,C#CCN1[C]N(C(C)(C)C)C=C1F
COJOAKWVMSNHNP-UHFFFAOYSA-N,Ethynyl,Ethynyl,H,NO2,C#Cn1cc([N+](=O)[O-])[n+](C#C)c1,C#CN1[C]N(C#C)C([N+](=O)[O-])=C1
COMUVTRYEOICOL-UHFFFAOYSA-N,Ethynyl,Ethynyl,OMe,NH2,C#Cn1c[n+](C#C)c(N)c1OC,C#CN1[C]N(C#C)C(OC)=C1N
COPVYYIIVFKLAY-UHFFFAOYSA-N,Me,Et,H,Me,CCn1cc(C)[n+](C)c1,CCN1[C]N(C)C(C)=C1
COXFPTFRHJQXMG-UHFFFAOYSA-N,Vinyl,Allyl,NH2,OMe,C=CCn1c[n+](C=C)c(OC)c1N,C=CCN1[C]N(C=C)C(OC)=C1N
CPZWPRZTNBVVTD-UHFFFAOYSA-N,nBu,Propargyl,NO2,H,C#CCn1c[n+](CCCC)cc1[N+](=O)[O-],C#CCN1[C]N(CCCC)C=C1[N+](=O)[O-]
CQEPOGINFKSAGQ-UHFFFAOYSA-N,Et,tBu,NO2,CF3,CC[n+]1cn(C(C)(C)C)c([N+](=O)[O-])c1C(F)(F)F,CCN1[C]N(C(C)(C)C)C([N+](=O)[O-])=C1C(F)(F)F
CQFHIKFPUNVYNX-UHFFFAOYSA-N,tBu,tBu,F,CF3,CC(C)(C)n1c[n+](C(C)(C)C)c(C(F)(F)F)c1F,CC(C)(C)N1[C]N(C(C)(C)C)C(C(F)(F)F)=C1F
CQGVQCZEIBIODA-UHFFFAOYSA-N,Et,Propargyl,NO2,Me,C#CCn1c[n+](CC)c(C)c1[N+](=O)[O-],C#CCN1[C]N(CC)C(C)=C1[N+](=O)[O-]
CQWADJGRMLEZFW-UHFFFAOYSA-N,nBu,Ethynyl,F,Me,C#Cn1c[n+](CCCC)c(C)c1F,C#CN1[C]N(CCCC)C(C)=C1F
CQXJOJPKYRFPTO-UHFFFAOYSA-N,tBu,Ethynyl,NH2,F,C#Cn1c[n+](C(C)(C)C)c(F)c1N,C#CN1[C]N(C(C)(C)C)C(F)=C1N
CRAJODPSMAHGAD-UHFFFAOYSA-N,tBu,tBu,NO2,OMe,COc1c([N+](=O)[O-])n(C(C)(C)C)c[n+]1C(C)(C)C,COC1=C([N+](=O)[O-])N(C(C)(C)C)[C]N1C(C)(C)C
CRFQGKQUVZRRLA-UHFFFAOYSA-N,Me,Propargyl,NH2,NO2,C#CCn1c[n+](C)c([N+](=O)[O-])c1N,C#CCN1[C]N(C)C([N+](=O)[O-])=C1N
CRKVOUHZEUZXOU-UHFFFAOYSA-N,Me,tBu,H,Me,Cc1cn(C(C)(C)C)c[n+]1C,CC1=CN(C(C)(C)C)[C]N1C
CROCMWLTRDFPMS-UHFFFAOYSA-N,tBu,Propargyl,CN,NH2,C#CCn1c[n+](C(C)(C)C)c(N)c1C#N,C#CCN1[C]N(C(C)(C)C)C(N)=C1C#N
CRPRBFHOCLDMMB-UHFFFAOYSA-N,Me,Me,H,NO2,Cn1cc([N+](=O)[O-])[n+](C)c1,CN1[C]N(C)C([N+](=O)[O-])=C1
CRUMCFALXAXPEE-UHFFFAOYSA-N,Et,Allyl,NH2,Me,C=CCn1c[n+](CC)c(C)c1N,C=CCN1[C]N(CC)C(C)=C1N
CRZKGPPVCCXNOF-UHFFFAOYSA-N,Me,Ph,NH2,Me,Cc1c(N)n(-c2ccccc2)c[n+]1C,CC1=C(N)N(c2ccccc2)[C]N1C
CSCFBCCBGAMYDL-UHFFFAOYSA-N,Me,Ethynyl,OMe,OMe,C#Cn1c[n+](C)c(OC)c1OC,C#CN1[C]N(C)C(OC)=C1OC
CSDDZTIRGLUWPK-UHFFFAOYSA-N,Ethynyl,Ph,CN,F,C#C[n+]1cn(-c2ccccc2)c(C#N)c1F,C#CN1[C]N(c2ccccc2)C(C#N)=C1F
CSFDGCWGLDYPQA-UHFFFAOYSA-N,tBu,Vinyl,CF3,OMe,C=Cn1c[n+](C(C)(C)C)c(OC)c1C(F)(F)F,C=CN1[C]N(C(C)(C)C)C(OC)=C1C(F)(F)F
CSHGASGFFSDBIP-UHFFFAOYSA-N,Me,Allyl,NO2,NO2,C=CCn1c[n+](C)c([N+](=O)[O-])c1[N+](=O)[O-],C=CCN1[C]N(C)C([N+](=O)[O-])=C1[N+](=O)[O-]
CSKKQGLZMSUXBL-UHFFFAOYSA-N,tBu,Propargyl,CF3,NO2,C#CCn1c[n+](C(C)(C)C)c([N+](=O)[O-])c1C(F)(F)F,C#CCN1[C]N(C(C)(C)C)C([N+](=O)[O-])=C1C(F)(F)F
CSNKQXYSPUNCFX-UHFFFAOYSA-N,Vinyl,Propargyl,F,F,C#CCn1c[n+](C=C)c(F)c1F,C#CCN1[C]N(C=C)C(F)=C1F
CTHARACYMCIHOL-UHFFFAOYSA-N,tBu,Ethynyl,OMe,OMe,C#Cn1c[n+](C(C)(C)C)c(OC)c1OC,C#CN1[C]N(C(C)(C)C)C(OC)=C1OC
CTIBBAONOKOIIX-UHFFFAOYSA-N,Et,tBu,F,F,CC[n+]1cn(C(C)(C)C)c(F)c1F,CCN1[C]N(C(C)(C)C)C(F)=C1F
CTJBRGKDGDXPJZ-UHFFFAOYSA-N,nBu,Allyl,OMe,H,C=CCn1c[n+](CCCC)cc1OC,C=CCN1[C]N(CCCC)C=C1OC
CTWBOQDLVJUHIG-UHFFFAOYSA-N,Ethynyl,Propargyl,CN,CF3,C#CCn1c[n+](C#C)c(C(F)(F)F)c1C#N,C#CCN1[C]N(C#C)C(C(F)(F)F)=C1C#N
CUKBBFDFBLYCEZ-UHFFFAOYSA-N,Et,Vinyl,F,NH2,C=Cn1c[n+](CC)c(N)c1F,C=CN1[C]N(CC)C(N)=C1F
CULNKQRNLPKXDO-UHFFFAOYSA-N,Me,Vinyl,F,OMe,C=Cn1c[n+](C)c(OC)c1F,C=CN1[C]N(C)C(OC)=C1F
CVOMNOJVWNSUOH-UHFFFAOYSA-N,tBu,Ph,F,CF3,CC(C)(C)[n+]1cn(-c2ccccc2)c(F)c1C(F)(F)F,CC(C)(C)N1[C]N(c2ccccc2)C(F)=C1C(F)(F)F
CVXKJSNZQCKQAD-UHFFFAOYSA-N,Et,Vinyl,NH2,NO2,C=Cn1c[n+](CC)c([N+](=O)[O-])c1N,C=CN1[C]N(CC)C([N+](=O)[O-])=C1N
CXBZHDNAXXWIIO-UHFFFAOYSA-N,tBu,Propargyl,NH2,NO2,C#CCn1c[n+](C(C)(C)C)c([N+](=O)[O-])c1N,C#CCN1[C]N(C(C)(C)C)C([N+](=O)[O-])=C1N
CXKGFVBYBMZZDE-UHFFFAOYSA-N,tBu,Ph,CN,CF3,CC(C)(C)[n+]1cn(-c2ccccc2)c(C#N)c1C(F)(F)F,CC(C)(C)N1[C]N(c2ccccc2)C(C#N)=C1C(F)(F)F
CXMYUCIGTYVNRQ-UHFFFAOYSA-N,nBu,Ethynyl,H,Me,C#Cn1cc(C)[n+](CCCC)c1,C#CN1[C]N(CCCC)C(C)=C1
CXSWCTRSHJDVNV-UHFFFAOYSA-N,Me,tBu,NO2,CN,C[n+]1cn(C(C)(C)C)c([N+](=O)[O-])c1C#N,CN1[C]N(C(C)(C)C)C([N+](=O)[O-])=C1C#N
CXXUEZPKXNYABG-UHFFFAOYSA-N,Vinyl,Allyl,CN,CF3,C=CCn1c[n+](C=C)c(C(F)(F)F)c1C#N,C=CCN1[C]N(C=C)C(C(F)(F)F)=C1C#N
CYDKCWBECJXFJY-UHFFFAOYSA-N,tBu,Vinyl,NO2,F,C=Cn1c[n+](C(C)(C)C)c(F)c1[N+](=O)[O-],C=CN1[C]N(C(C)(C)C)C(F)=C1[N+](=O)[O-]
CYKCHIIKJRWRLX-UHFFFAOYSA-N,Me,iPr,NH2,NO2,CC(C)n1c[n+](C)c([N+](=O)[O-])c1N,CC(C)N1[C]N(C)C([N+](=O)[O-])=C1N
CYSWUFQYPIATQV-UHFFFAOYSA-N,Me,iPr,CF3,H,CC(C)n1c[n+](C)cc1C(F)(F)F,CC(C)N1[C]N(C)C=C1C(F)(F)F
CZNHZLPULCAEIL-UHFFFAOYSA-N,nBu,Vinyl,NH2,CN,C=Cn1c[n+](CCCC)c(C#N)c1N,C=CN1[C]N(CCCC)C(C#N)=C1N
CZOOLONDLFJHCR-UHFFFAOYSA-N,tBu,Ethynyl,OMe,F,C#Cn1c[n+](C(C)(C)C)c(F)c1OC,C#CN1[C]N(C(C)(C)C)C(F)=C1OC
DAKJQGPZNCQSAQ-UHFFFAOYSA-N,nBu,Vinyl,OMe,CF3,C=Cn1c[n+](CCCC)c(C(F)(F)F)c1OC,C=CN1[C]N(CCCC)C(C(F)(F)F)=C1OC
DBEKFSVFLUDKBE-UHFFFAOYSA-N,tBu,Propargyl,NO2,F,C#CCn1c[n+](C(C)(C)C)c(F)c1[N+](=O)[O-],C#CCN1[C]N(C(C)(C)C)C(F)=C1[N+](=O)[O-]
DBVCKYWJCXFKCF-UHFFFAOYSA-N,Vinyl,Ph,NO2,OMe,C=C[n+]1cn(-c2ccccc2)c([N+](=O)[O-])c1OC,C=CN1[C]N(c2ccccc2)C([N+](=O)[O-])=C1OC
DBZBIBYDBXRFDF-UHFFFAOYSA-N,tBu,Propargyl,NO2,NH2,C#CCn1c[n+](C(C)(C)C)c(N)c1[N+](=O)[O-],C#CCN1[C]N(C(C)(C)C)C(N)=C1[N+](=O)[O-]
DCAJMXVWNHTJAR-UHFFFAOYSA-N,Me,Ph,OMe,H,COc1c[n+](C)cn1-c1ccccc1,COC1=CN(C)[C]N1c1ccccc1
DCWMOJPYOSEVCJ-UHFFFAOYSA-N,Me,Allyl,CN,NH2,C=CCn1c[n+](C)c(N)c1C#N,C=CCN1[C]N(C)C(N)=C1C#N
DDDBCGZRTAQZNX-UHFFFAOYSA-N,nBu,Vinyl,H,OMe,C=Cn1cc(OC)[n+](CCCC)c1,C=CN1[C]N(CCCC)C(OC)=C1
DDNULXYXLNHXHW-UHFFFAOYSA-N,Et,Et,H,OMe,CCn1cc(OC)[n+](CC)c1,CCN1[C]N(CC)C(OC)=C1
DDUPNZCKHWHSEU-UHFFFAOYSA-N,nBu,Vinyl,OMe,H,C=Cn1c[n+](CCCC)cc1OC,C=CN1[C]N(CCCC)C=C1OC
DDYUGVMYJAFBHB-UHFFFAOYSA-N,Et,Allyl,NH2,CN,C=CCn1c[n+](CC)c(C#N)c1N,C=CCN1[C]N(CC)C(C#N)=C1N
DEFHAEVUDTVNKS-UHFFFAOYSA-N,Ethynyl,Propargyl,F,Me,C#CCn1c[n+](C#C)c(C)c1F,C#CCN1[C]N(C#C)C(C)=C1F
DEXSTXXEFMBMRS-UHFFFAOYSA-N,nBu,Vinyl,CF3,Me,C=Cn1c[n+](CCCC)c(C)c1C(F)(F)F,C=CN1[C]N(CCCC)C(C)=C1C(F)(F)F
DFONHAKPLCBNLN-UHFFFAOYSA-N,Me,iPr,CF3,CN,CC(C)n1c[n+](C)c(C#N)c1C(F)(F)F,CC(C)N1[C]N(C)C(C#N)=C1C(F)(F)F
DFRBWZWDOUQCEB-UHFFFAOYSA-N,tBu,Vinyl,CF3,NH2,C=Cn1c[n+](C(C)(C)C)c(N)c1C(F)(F)F,C=CN1[C]N(C(C)(C)C)C(N)=C1C(F)(F)F
DFWMFMUVEQRQMD-UHFFFAOYSA-N,nBu,Vinyl,CN,F,C=Cn1c[n+](CCCC)c(F)c1C#N,C=CN1[C]N(CCCC)C(F)=C1C#N
DGKZYBBPAZMCCG-UHFFFAOYSA-N,tBu,Ethynyl,NO2,F,C#Cn1c[n+](C(C)(C)C)c(F)c1[N+](=O)[O-],C#CN1[C]N(C(C)(C)C)C(F)=C1[N+](=O)[O-]
DGUCPWYECZALAI-UHFFFAOYSA-N,nBu,Ph,NO2,H,CCCC[n+]1cc([N+](=O)[O-])n(-c2ccccc2)c1,CCCCN1[C]N(c2ccccc2)C([N+](=O)[O-])=C1
DGVGJADAFTWFBJ-UHFFFAOYSA-N,nBu,Ethynyl,H,NH2,C#Cn1cc(N)[n+](CCCC)c1,C#CN1[C]N(CCCC)C(N)=C1
DGXGXBAZGVWEBY-UHFFFAOYSA-N,nBu,Propargyl,OMe,NO2,C#CCn1c[n+](CCCC)c([N+](=O)[O-])c1OC,C#CCN1[C]N(CCCC)C([N+](=O)[O-])=C1OC
DHCAGOWDFWXWLI-UHFFFAOYSA-N,tBu,Allyl,F,CF3,C=CCn1c[n+](C(C)(C)C)c(C(F)(F)F)c1F,C=CCN1[C]N(C(C)(C)C)C(C(F)(F)F)=C1F
DHGAJTUFRVIMPW-UHFFFAOYSA-N,Et,iPr,OMe,OMe,CC[n+]1cn(C(C)C)c(OC)c1OC,CCN1[C]N(C(C)C)C(OC)=C1OC
DHJGFEBQVWRZQT-UHFFFAOYSA-N,Me,Me,F,OMe,COc1c(F)n(C)c[n+]1C,COC1=C(F)N(C)[C]N1C
DHJLEBSYAAIJSN-UHFFFAOYSA-N,Vinyl,Propargyl,CF3,CN,C#CCn1c[n+](C=C)c(C#N)c1C(F)(F)F,C#CCN1[C]N(C=C)C(C#N)=C1C(F)(F)F
DHMSVHFBLNCZJZ-UHFFFAOYSA-N,nBu,Vinyl,CN,OMe,C=Cn1c[n+](CCCC)c(OC)c1C#N,C=CN1[C]N(CCCC)C(OC)=C1C#N
DHSBYHPMFVYWOA-UHFFFAOYSA-N,Me,Vinyl,H,NH2,C=Cn1cc(N)[n+](C)c1,C=CN1[C]N(C)C(N)=C1
DHSOTBNZFVKCJR-UHFFFAOYSA-N,Me,Ph,NH2,NH2,C[n+]1cn(-c2ccccc2)c(N)c1N,CN1[C]N(c2ccccc2)C(N)=C1N
DIWSABXXFCLCNT-UHFFFAOYSA-N,nBu,tBu,OMe,CN,CCCC[n+]1cn(C(C)(C)C)c(OC)c1C#N,CCCCN1[C]N(C(C)(C)C)C(OC)=C1C#N
DJFRPKYZOOEXQL-UHFFFAOYSA-N,Me,Et,H,CF3,CCn1cc(C(F)(F)F)[n+](C)c1,CCN1[C]N(C)C(C(F)(F)F)=C1
DJIOGMNEMQBGEZ-UHFFFAOYSA-N,nBu,Ph,NO2,Me,CCCC[n+]1cn(-c2ccccc2)c([N+](=O)[O-])c1C,CCCCN1[C]N(c2ccccc2)C([N+](=O)[O-])=C1C
DJLGWBYDRHUCDN-UHFFFAOYSA-N,Me,Vinyl,H,Me,C=Cn1cc(C)[n+](C)c1,C=CN1[C]N(C)C(C)=C1
DJMRDKSUXOHPHF-UHFFFAOYSA-N,Ethynyl,Ethynyl,F,CF3,C#Cn1c[n+](C#C)c(C(F)(F)F)c1F,C#CN1[C]N(C#C)C(C(F)(F)F)=C1F
DJUMHSHGRNPNAP-UHFFFAOYSA-N,tBu,Allyl,H,Me,C=CCn1cc(C)[n+](C(C)(C)C)c1,C=CCN1[C]N(C(C)(C)C)C(C)=C1
DKDUDGAZLALQJB-UHFFFAOYSA-N,Et,Allyl,CF3,H,C=CCn1c[n+](CC)cc1C(F)(F)F,C=CCN1[C]N(CC)C=C1C(F)(F)F
DKEUMQAEFJTORW-UHFFFAOYSA-N,Vinyl,Allyl,F,OMe,C=CCn1c[n+](C=C)c(OC)c1F,C=CCN1[C]N(C=C)C(OC)=C1F
DKRXDQVLEOWMGC-UHFFFAOYSA-N,nBu,iPr,H,CN,CCCC[n+]1cn(C(C)C)cc1C#N,CCCCN1[C]N(C(C)C)C=C1C#N
DKUMUQFSBZRSSW-UHFFFAOYSA-N,Me,Vinyl,F,CF3,C=Cn1c[n+](C)c(C(F)(F)F)c1F,C=CN1[C]N(C)C(C(F)(F)F)=C1F
DKUSDXZWABBWJP-UHFFFAOYSA-N,tBu,Propargyl,F,NO2,C#CCn1c[n+](C(C)(C)C)c([N+](=O)[O-])c1F,C#CCN1[C]N(C(C)(C)C)C([N+](=O)[O-])=C1F
DLHOQGPIQRYBOB-UHFFFAOYSA-N,tBu,Allyl,CN,F,C=CCn1c[n+](C(C)(C)C)c(F)c1C#N,C=CCN1[C]N(C(C)(C)C)C(F)=C1C#N
DMINPTSBTGITNY-UHFFFAOYSA-N,tBu,Propargyl,H,NH2,C#CCn1cc(N)[n+](C(C)(C)C)c1,C#CCN1[C]N(C(C)(C)C)C(N)=C1
DNCNZZDGDXISFZ-UHFFFAOYSA-N,nBu,Propargyl,OMe,H,C#CCn1c[n+](CCCC)cc1OC,C#CCN1[C]N(CCCC)C=C1OC
DNKSJQOISLGWLF-UHFFFAOYSA-N,tBu,Ethynyl,H,NO2,C#Cn1cc([N+](=O)[O-])[n+](C(C)(C)C)c1,C#CN1[C]N(C(C)(C)C)C([N+](=O)[O-])=C1
DNLSEGKIMJVWMN-UHFFFAOYSA-N,nBu,iPr,F,H,CCCC[n+]1cc(F)n(C(C)C)c1,CCCCN1[C]N(C(C)C)C(F)=C1
DNPFVPIJCZFLOD-UHFFFAOYSA-N,Et,Ethynyl,NH2,OMe,C#Cn1c[n+](CC)c(OC)c1N,C#CN1[C]N(CC)C(OC)=C1N
DOFPDNYOJWWUMJ-UHFFFAOYSA-N,Me,Vinyl,NO2,Me,C=Cn1c[n+](C)c(C)c1[N+](=O)[O-],C=CN1[C]N(C)C(C)=C1[N+](=O)[O-]
DOOYEMHWBDFGRG-UHFFFAOYSA-N,nBu,iPr,NH2,CF3,CCCC[n+]1cn(C(C)C)c(N)c1C(F)(F)F,CCCCN1[C]N(C(C)C)C(N)=C1C(F)(F)F
DPCUTTZWZRUYCQ-UHFFFAOYSA-N,tBu,Allyl,CF3,H,C=CCn1c[n+](C(C)(C)C)cc1C(F)(F)F,C=CCN1[C]N(C(C)(C)C)C=C1C(F)(F)F
DPJQLAZPODSTLC-UHFFFAOYSA-N,Ethynyl,Propargyl,CN,Me,C#CCn1c[n+](C#C)c(C)c1C#N,C#CCN1[C]N(C#C)C(C)=C1C#N
DPVVIGUBEUJYEH-UHFFFAOYSA-N,Et,Allyl,NO2,NH2,C=CCn1c[n+](CC)c(N)c1[N+](=O)[O-],C=CCN1[C]N(CC)C(N)=C1[N+](=O)[O-]
DQIIIGNWZMQMPR-UHFFFAOYSA-N,Et,iPr,NO2,CF3,CC[n+]1cn(C(C)C)c([N+](=O)[O-])c1C(F)(F)F,CCN1[C]N(C(C)C)C([N+](=O)[O-])=C1C(F)(F)F
DQJINDJWZMFQMB-UHFFFAOYSA-N,Ethynyl,Ph,CF3,CF3,C#C[n+]1cn(-c2ccccc2)c(C(F)(F)F)c1C(F)(F)F,C#CN1[C]N(c2ccccc2)C(C(F)(F)F)=C1C(F)(F)F
DRBZMRCVTKKZHS-UHFFFAOYSA-N,Et,tBu,CN,CN,CC[n+]1cn(C(C)(C)C)c(C#N)c1C#N,CCN1[C]N(C(C)(C)C)C(C#N)=C1C#N
DRCKXDKQCIOELP-UHFFFAOYSA-N,nBu,Ph,CN,NO2,CCCC[n+]1cn(-c2ccccc2)c(C#N)c1[N+](=O)[O-],CCCCN1[C]N(c2ccccc2)C(C#N)=C1[N+](=O)[O-]
DRFPASUIYPAFLH-UHFFFAOYSA-N,Ethynyl,Propargyl,OMe,Me,C#CCn1c[n+](C#C)c(C)c1OC,C#CCN1[C]N(C#C)C(C)=C1OC
DRKSBDFNFDEGKP-UHFFFAOYSA-N,Ethynyl,Propargyl,OMe,NH2,C#CCn1c[n+](C#C)c(N)c1OC,C#CCN1[C]N(C#C)C(N)=C1OC
DSYALDJYEIWBRG-UHFFFAOYSA-N,Me,Vinyl,CN,OMe,C=Cn1c[n+](C)c(OC)c1C#N,C=CN1[C]N(C)C(OC)=C1C#N
DTOPXECRRDSRLA-UHFFFAOYSA-N,Vinyl,Propargyl,NO2,OMe,C#CCn1c[n+](C=C)c(OC)c1[N+](=O)[O-],C#CCN1[C]N(C=C)C(OC)=C1[N+](=O)[O-]
DVDDCKBLCLZFTE-UHFFFAOYSA-N,Me,Ph,F,CF3,C[n+]1cn(-c2ccccc2)c(F)c1C(F)(F)F,CN1[C]N(c2ccccc2)C(F)=C1C(F)(F)F
DVUAQOIWUAXZJI-UHFFFAOYSA-N,Me,Propargyl,CN,NO2,C#CCn1c[n+](C)c([N+](=O)[O-])c1C#N,C#CCN1[C]N(C)C([N+](=O)[O-])=C1C#N
DWFZRCOWEBSIFF-UHFFFAOYSA-N,Et,Ethynyl,H,NH2,C#Cn1cc(N)[n+](CC)c1,C#CN1[C]N(CC)C(N)=C1
DWHSESGEQYVURD-UHFFFAOYSA-N,Vinyl,Ph,OMe,H,C=C[n+]1cc(OC)n(-c2ccccc2)c1,C=CN1[C]N(c2ccccc2)C(OC)=C1
DXLDGBIPHGQACY-UHFFFAOYSA-N,Me,Ethynyl,NH2,F,C#Cn1c[n+](C)c(F)c1N,C#CN1[C]N(C)C(F)=C1N
DXMNBKBPYDUNNY-UHFFFAOYSA-N,tBu,Ph,NO2,F,CC(C)(C)[n+]1cn(-c2ccccc2)c([N+](=O)[O-])c1F,CC(C)(C)N1[C]N(c2ccccc2)C([N+](=O)[O-])=C1F
DXSAZFWQTHPGPW-UHFFFAOYSA-N,tBu,Ph,OMe,F,COc1c(F)[n+](C(C)(C)C)cn1-c1ccccc1,COC1=C(F)N(C(C)(C)C)[C]N1c1ccccc1
DXXWHBYGCBKTLX-UHFFFAOYSA-N,nBu,Ph,F,CF3,CCCC[n+]1cn(-c2ccccc2)c(F)c1C(F)(F)F,CCCCN1[C]N(c2ccccc2)C(F)=C1C(F)(F)F
DXXZUQIJSINACY-UHFFFAOYSA-N,nBu,Allyl,OMe,NH2,C=CCn1c[n+](CCCC)c(N)c1OC,C=CCN1[C]N(CCCC)C(N)=C1OC
DYBKAXLIJWKKHV-UHFFFAOYSA-N,tBu,Allyl,NH2,H,C=CCn1c[n+](C(C)(C)C)cc1N,C=CCN1[C]N(C(C)(C)C)C=C1N
DYDBGTDWYCTMHD-UHFFFAOYSA-N,Et,Ethynyl,F,NH2,C#Cn1c[n+](CC)c(N)c1F,C#CN1[C]N(CC)C(N)=C1F
DYNJRBLVBBRZPT-UHFFFAOYSA-N,nBu,Vinyl,NO2,H,C=Cn1c[n+](CCCC)cc1[N+](=O)[O-],C=CN1[C]N(CCCC)C=C1[N+](=O)[O-]
DYTGDKPYUJOZDN-UHFFFAOYSA-N,Vinyl,Propargyl,CN,CF3,C#CCn1c[n+](C=C)c(C(F)(F)F)c1C#N,C#CCN1[C]N(C=C)C(C(F)(F)F)=C1C#N
DYXWFGFHSOTBRV-UHFFFAOYSA-N,Me,Ph,F,NO2,C[n+]1cn(-c2ccccc2)c(F)c1[N+](=O)[O-],CN1[C]N(c2ccccc2)C(F)=C1[N+](=O)[O-]
DYZFORRVDVFHJR-UHFFFAOYSA-N,Me,Ethynyl,H,NO2,C#Cn1cc([N+](=O)[O-])[n+](C)c1,C#CN1[C]N(C)C([N+](=O)[O-])=C1
DZMJMYBQKIOWTG-UHFFFAOYSA-N,nBu,Allyl,OMe,CN,C=CCn1c[n+](CCCC)c(C#N)c1OC,C=CCN1[C]N(CCCC)C(C#N)=C1OC
DZUZSKHOLKUAEK-UHFFFAOYSA-N,Me,Me,NO2,CF3,Cn1c[n+](C)c(C(F)(F)F)c1[N+](=O)[O-],CN1[C]N(C)C(C(F)(F)F)=C1[N+](=O)[O-]
FACXTUOQEKTKTM-UHFFFAOYSA-N,Et,tBu,NH2,CF3,CC[n+]1cn(C(C)(C)C)c(N)c1C(F)(F)F,CCN1[C]N(C(C)(C)C)C(N)=C1C(F)(F)F
FAMKZEUKDJKGMW-UHFFFAOYSA-N,nBu,tBu,CN,NH2,CCCC[n+]1cn(C(C)(C)C)c(C#N)c1N,CCCCN1[C]N(C(C)(C)C)C(C#N)=C1N
FBIKXTOGPKNOKH-UHFFFAOYSA-N,Et,Propargyl,CN,NH2,C#CCn1c[n+](CC)c(N)c1C#N,C#CCN1[C]N(CC)C(N)=C1C#N
FBUSEYVIPBNTQR-UHFFFAOYSA-N,Me,Allyl,OMe,OMe,C=CCn1c[n+](C)c(OC)c1OC,C=CCN1[C]N(C)C(OC)=C1OC
FCSZMSCQEFQPRR-UHFFFAOYSA-N,tBu,Propargyl,OMe,OMe,C#CCn1c[n+](C(C)(C)C)c(OC)c1OC,C#CCN1[C]N(C(C)(C)C)C(OC)=C1OC
FCXADAHRGPLLRI-UHFFFAOYSA-N,nBu,tBu,NO2,NH2,CCCC[n+]1cn(C(C)(C)C)c([N+](=O)[O-])c1N,CCCCN1[C]N(C(C)(C)C)C([N+](=O)[O-])=C1N
FDWAPAMUOOWZHR-UHFFFAOYSA-N,Me,Allyl,NH2,NO2,C=CCn1c[n+](C)c([N+](=O)[O-])c1N,C=CCN1[C]N(C)C([N+](=O)[O-])=C1N
FDYFGSSWOXEIGY-UHFFFAOYSA-N,Me,Ph,F,NH2,C[n+]1cn(-c2ccccc2)c(F)c1N,CN1[C]N(c2ccccc2)C(F)=C1N
FDZIMZAAVSTIPR-UHFFFAOYSA-N,Me,Et,H,NH2,CCn1cc(N)[n+](C)c1,CCN1[C]N(C)C(N)=C1
FEKSDZATCWTMJJ-UHFFFAOYSA-N,tBu,Vinyl,H,CF3,C=Cn1cc(C(F)(F)F)[n+](C(C)(C)C)c1,C=CN1[C]N(C(C)(C)C)C(C(F)(F)F)=C1
FELHZQFFKOWOQJ-UHFFFAOYSA-N,Me,Allyl,H,CF3,C=CCn1cc(C(F)(F)F)[n+](C)c1,C=CCN1[C]N(C)C(C(F)(F)F)=C1
FEMVDPVKSOAGDG-UHFFFAOYSA-N,Me,Propargyl,NH2,OMe,C#CCn1c[n+](C)c(OC)c1N,C#CCN1[C]N(C)C(OC)=C1N
FENVPOPPYJOFBW-UHFFFAOYSA-N,Et,tBu,OMe,CN,CC[n+]1cn(C(C)(C)C)c(OC)c1C#N,CCN1[C]N(C(C)(C)C)C(OC)=C1C#N
FFDUIYJAULNWGF-UHFFFAOYSA-N,Ethynyl,Ethynyl,H,H,C#Cn1cc[n+](C#C)c1,C#CN1[C]N(C#C)C=C1
FFHSZWGMMTXACX-UHFFFAOYSA-N,Et,tBu,CF3,NH2,CC[n+]1cn(C(C)(C)C)c(C(F)(F)F)c1N,CCN1[C]N(C(C)(C)C)C(C(F)(F)F)=C1N
FFICUFDLFFOVNO-UHFFFAOYSA-N,Et,Propargyl,OMe,F,C#CCn1c[n+](CC)c(F)c1OC,C#CCN1[C]N(CC)C(F)=C1OC
FFMZQEBDMSURCR-UHFFFAOYSA-N,Ethynyl,Ph,NH2,OMe,C#C[n+]1cn(-c2ccccc2)c(N)c1OC,C#CN1[C]N(c2ccccc2)C(N)=C1OC
FFONQTBNZSUEPA-UHFFFAOYSA-N,tBu,Propargyl,NH2,F,C#CCn1c[n+](C(C)(C)C)c(F)c1N,C#CCN1[C]N(C(C)(C)C)C(F)=C1N
FFQUQXYUFKSLKE-UHFFFAOYSA-N,Et,Ph,F,H,CC[n+]1cc(F)n(-c2ccccc2)c1,CCN1[C]N(c2ccccc2)C(F)=C1
FFUZUXRPIBINGI-UHFFFAOYSA-N,nBu,Vinyl,H,CF3,C=Cn1cc(C(F)(F)F)[n+](CCCC)c1,C=CN1[C]N(CCCC)C(C(F)(F)F)=C1
FGKFPRKCBJCMNO-UHFFFAOYSA-N,Me,Me,NH2,NH2,Cn1c[n+](C)c(N)c1N,CN1[C]N(C)C(N)=C1N
FHCNBDVCNAYDKH-UHFFFAOYSA-N,Me,Ethynyl,CN,H,C#Cn1c[n+](C)cc1C#N,C#CN1[C]N(C)C=C1C#N
FHDMHBPCANUBHJ-UHFFFAOYSA-N,Et,Ethynyl,CF3,NO2,C#Cn1c[n+](CC)c([N+](=O)[O-])c1C(F)(F)F,C#CN1[C]N(CC)C([N+](=O)[O-])=C1C(F)(F)F
FIOMJIWJWYOIAT-UHFFFAOYSA-N,Ethynyl,Ph,CF3,F,C#C[n+]1cn(-c2ccccc2)c(C(F)(F)F)c1F,C#CN1[C]N(c2ccccc2)C(C(F)(F)F)=C1F
FIQNXEHCGNNTEV-UHFFFAOYSA-N,nBu,Propargyl,H,Me,C#CCn1cc(C)[n+](CCCC)c1,C#CCN1[C]N(CCCC)C(C)=C1
FJJQKVFHXZGHLI-UHFFFAOYSA-N,Et,Propargyl,F,NH2,C#CCn1c[n+](CC)c(N)c1F,C#CCN1[C]N(CC)C(N)=C1F
FJSOLVBRLMRFEB-UHFFFAOYSA-N,Me,tBu,F,H,C[n+]1cc(F)n(C(C)(C)C)c1,CN1[C]N(C(C)(C)C)C(F)=C1
FJSXTULUCWSVOS-UHFFFAOYSA-N,Et,Vinyl,CN,CF3,C=Cn1c[n+](CC)c(C(F)(F)F)c1C#N,C=CN1[C]N(CC)C(C(F)(F)F)=C1C#N
FJUCIJFSEWPZKZ-UHFFFAOYSA-N,nBu,Vinyl,OMe,NO2,C=Cn1c[n+](CCCC)c([N+](=O)[O-])c1OC,C=CN1[C]N(CCCC)C([N+](=O)[O-])=C1OC
FKSCZKCIIKCBCH-UHFFFAOYSA-N,Me,Ph,OMe,NH2,COc1c(N)[n+](C)cn1-c1ccccc1,COC1=C(N)N(C)[C]N1c1ccccc1
FKTJAIBTMOVRFD-UHFFFAOYSA-N,Me,Allyl,CN,F,C=CCn1c[n+](C)c(F)c1C#N,C=CCN1[C]N(C)C(F)=C1C#N
FLWIKJQQWOQWRC-UHFFFAOYSA-N,Me,Ethynyl,H,H,C#Cn1cc[n+](C)c1,C#CN1[C]N(C)C=C1
FMDJYEULPMJHFO-UHFFFAOYSA-N,Et,iPr,CF3,H,CC[n+]1cc(C(F)(F)F)n(C(C)C)c1,CCN1[C]N(C(C)C)C(C(F)(F)F)=C1
FMPCUPAOMBVJAG-UHFFFAOYSA-N,Me,Ph,OMe,CF3,COc1c(C(F)(F)F)[n+](C)cn1-c1ccccc1,COC1=C(C(F)(F)F)N(C)[C]N1c1ccccc1
FMWZCFATNHMYOP-UHFFFAOYSA-N,nBu,tBu,F,NH2,CCCC[n+]1cn(C(C)(C)C)c(F)c1N,CCCCN1[C]N(C(C)(C)C)C(F)=C1N
FNJUMZVKSGWFMT-UHFFFAOYSA-N,Me,Vinyl,NO2,NO2,C=Cn1c[n+](C)c([N+](=O)[O-])c1[N+](=O)[O-],C=CN1[C]N(C)C([N+](=O)[O-])=C1[N+](=O)[O-]
FNLBBAHCFQUOEG-UHFFFAOYSA-N,tBu,Propargyl,CN,CN,C#CCn1c[n+](C(C)(C)C)c(C#N)c1C#N,C#CCN1[C]N(C(C)(C)C)C(C#N)=C1C#N
FNNQKJFZEGXEHQ-UHFFFAOYSA-N,Vinyl,Propargyl,H,NH2,C#CCn1cc(N)[n+](C=C)c1,C#CCN1[C]N(C=C)C(N)=C1
FOIMHTMNTXISSH-UHFFFAOYSA-N,Vinyl,Vinyl,CN,CF3,C=Cn1c[n+](C=C)c(C(F)(F)F)c1C#N,C=CN1[C]N(C=C)C(C(F)(F)F)=C1C#N
FOMMITGRLDBLRO-UHFFFAOYSA-N,Me,Propargyl,NH2,Me,C#CCn1c[n+](C)c(C)c1N,C#CCN1[C]N(C)C(C)=C1N
FOSMRKALJXDIRP-UHFFFAOYSA-N,nBu,Vinyl,H,NH2,C=Cn1cc(N)[n+](CCCC)c1,C=CN1[C]N(CCCC)C(N)=C1
FPILCFPTGDUZKQ-UHFFFAOYSA-N,Me,Vinyl,CF3,NH2,C=Cn1c[n+](C)c(N)c1C(F)(F)F,C=CN1[C]N(C)C(N)=C1C(F)(F)F
FPTBWEOWMLIJMJ-UHFFFAOYSA-N,tBu,Propargyl,OMe,CN,C#CCn1c[n+](C(C)(C)C)c(C#N)c1OC,C#CCN1[C]N(C(C)(C)C)C(C#N)=C1OC
FRDREVHYWQRQLI-UHFFFAOYSA-N,Vinyl,Propargyl,NH2,F,C#CCn1c[n+](C=C)c(F)c1N,C#CCN1[C]N(C=C)C(F)=C1N
FRNXORSYIIBSFQ-UHFFFAOYSA-N,tBu,Vinyl,OMe,NH2,C=Cn1c[n+](C(C)(C)C)c(N)c1OC,C=CN1[C]N(C(C)(C)C)C(N)=C1OC
FRWJAASTGWHFMU-UHFFFAOYSA-N,Me,Ph,CF3,NH2,C[n+]1cn(-c2ccccc2)c(C(F)(F)F)c1N,CN1[C]N(c2ccccc2)C(C(F)(F)F)=C1N
FRXLTMFPJHQFHY-UHFFFAOYSA-N,nBu,Ethynyl,NO2,NO2,C#Cn1c[n+](CCCC)c([N+](=O)[O-])c1[N+](=O)[O-],C#CN1[C]N(CCCC)C([N+](=O)[O-])=C1[N+](=O)[O-]
FRYDCCXFFGMUQV-UHFFFAOYSA-N,tBu,Ethynyl,NO2,Me,C#Cn1c[n+](C(C)(C)C)c(C)c1[N+](=O)[O-],C#CN1[C]N(C(C)(C)C)C(C)=C1[N+](=O)[O-]
FSDJBFATKNOQMY-UHFFFAOYSA-N,Et,iPr,CF3,OMe,CC[n+]1cn(C(C)C)c(C(F)(F)F)c1OC,CCN1[C]N(C(C)C)C(C(F)(F)F)=C1OC
FSGPOVSEXZJXJP-UHFFFAOYSA-N,tBu,Vinyl,OMe,H,C=Cn1c[n+](C(C)(C)C)cc1OC,C=CN1[C]N(C(C)(C)C)C=C1OC
FSHQCWLRZLJKBS-UHFFFAOYSA-N,Me,Allyl,CF3,Me,C=CCn1c[n+](C)c(C)c1C(F)(F)F,C=CCN1[C]N(C)C(C)=C1C(F)(F)F
FTAGOBGZPHUKKU-UHFFFAOYSA-N,nBu,iPr,NO2,Me,CCCC[n+]1cn(C(C)C)c([N+](=O)[O-])c1C,CCCCN1[C]N(C(C)C)C([N+](=O)[O-])=C1C
FTAUCZHUPQSIRB-UHFFFAOYSA-N,tBu,Vinyl,F,CF3,C=Cn1c[n+](C(C)(C)C)c(C(F)(F)F)c1F,C=CN1[C]N(C(C)(C)C)C(C(F)(F)F)=C1F
FTEOZWSPEDFYPP-UHFFFAOYSA-N,Me,tBu,F,Me,Cc1c(F)n(C(C)(C)C)c[n+]1C,CC1=C(F)N(C(C)(C)C)[C]N1C
FTEQIRMMYVGSDR-UHFFFAOYSA-N,Me,Me,CF3,OMe,COc1c(C(F)(F)F)n(C)c[n+]1C,COC1=C(C(F)(F)F)N(C)[C]N1C
FTLQSLCUNCRMES-UHFFFAOYSA-N,Ethynyl,Ethynyl,CN,NH2,C#Cn1c[n+](C#C)c(N)c1C#N,C#CN1[C]N(C#C)C(C#N)=C1N
FTVAKKLIPPAPCK-UHFFFAOYSA-N,Me,tBu,CF3,NH2,C[n+]1cn(C(C)(C)C)c(C(F)(F)F)c1N,CN1[C]N(C(C)(C)C)C(C(F)(F)F)=C1N
FUWOUJUOAVSSLF-UHFFFAOYSA-N,Vinyl,Ethynyl,CN,F,C#Cn1c[n+](C=C)c(F)c1C#N,C#CN1[C]N(C=C)C(F)=C1C#N
FUYUNQWHSVCJCY-UHFFFAOYSA-N,tBu,Ph,NO2,OMe,COc1c([N+](=O)[O-])n(-c2ccccc2)c[n+]1C(C)(C)C,COC1=C([N+](=O)[O-])N(c2ccccc2)[C]N1C(C)(C)C
FVLLFUWXLNCRQS-UHFFFAOYSA-N,nBu,Allyl,F,F,C=CCn1c[n+](CCCC)c(F)c1F,C=CCN1[C]N(CCCC)C(F)=C1F
FVZQVOQQMUYPPA-UHFFFAOYSA-N,nBu,Propargyl,NH2,F,C#CCn1c[n+](CCCC)c(F)c1N,C#CCN1[C]N(CCCC)C(F)=C1N
FWDJGTBTLDCPGT-UHFFFAOYSA-N,Ethynyl,Ph,NO2,CN,C#C[n+]1cn(-c2ccccc2)c([N+](=O)[O-])c1C#N,C#CN1[C]N(c2ccccc2)C([N+](=O)[O-])=C1C#N
FWEOGDPXOZKLOE-UHFFFAOYSA-N,nBu,tBu,CF3,F,CCCC[n+]1cn(C(C)(C)C)c(C(F)(F)F)c1F,CCCCN1[C]N(C(C)(C)C)C(C(F)(F)F)=C1F
FWPGSNXBFNOWRC-UHFFFAOYSA-N,Me,Ethynyl,OMe,CF3,C#Cn1c[n+](C)c(C(F)(F)F)c1OC,C#CN1[C]N(C)C(C(F)(F)F)=C1OC
FWQRYTDTOVIYNA-UHFFFAOYSA-N,nBu,Allyl,CF3,H,C=CCn1c[n+](CCCC)cc1C(F)(F)F,C=CCN1[C]N(CCCC)C=C1C(F)(F)F
FXAOZKFRQRAXHQ-UHFFFAOYSA-N,Et,Propargyl,NO2,OMe,C#CCn1c[n+](CC)c(OC)c1[N+](=O)[O-],C#CCN1[C]N(CC)C(OC)=C1[N+](=O)[O-]
FXDGGKHAABKEIR-UHFFFAOYSA-N,nBu,iPr,OMe,Me,CCCC[n+]1cn(C(C)C)c(OC)c1C,CCCCN1[C]N(C(C)C)C(OC)=C1C
FXESRRYEGOPOBC-UHFFFAOYSA-N,Me,Vinyl,F,Me,C=Cn1c[n+](C)c(C)c1F,C=CN1[C]N(C)C(C)=C1F
FXKLMMVLVMENDE-UHFFFAOYSA-N,Ethynyl,Propargyl,NH2,CN,C#CCn1c[n+](C#C)c(C#N)c1N,C#CCN1[C]N(C#C)C(C#N)=C1N
FXQQDBQGGHNOGT-UHFFFAOYSA-N,Me,Ph,CF3,F,C[n+]1cn(-c2ccccc2)c(C(F)(F)F)c1F,CN1[C]N(c2ccccc2)C(C(F)(F)F)=C1F
FXWAGMPAVNZZJB-UHFFFAOYSA-N,Ethynyl,Ethynyl,F,NO2,C#Cn1c[n+](C#C)c([N+](=O)[O-])c1F,C#CN1[C]N(C#C)C([N+](=O)[O-])=C1F
FYVDMTUOPAVTAQ-UHFFFAOYSA-N,Me,tBu,H,NH2,C[n+]1cn(C(C)(C)C)cc1N,CN1[C]N(C(C)(C)C)C=C1N
FYWSEJFWCHGMOO-UHFFFAOYSA-N,Me,Ethynyl,H,OMe,C#Cn1cc(OC)[n+](C)c1,C#CN1[C]N(C)C(OC)=C1
FZAFDHGCPQXDSS-UHFFFAOYSA-N,tBu,Allyl,F,NH2,C=CCn1c[n+](C(C)(C)C)c(N)c1F,C=CCN1[C]N(C(C)(C)C)C(N)=C1F
FZBGVZXNGFPFSV-UHFFFAOYSA-N,nBu,iPr,H,CF3,CCCC[n+]1cn(C(C)C)cc1C(F)(F)F,CCCCN1[C]N(C(C)C)C=C1C(F)(F)F
FZECIGDIUPBRIL-UHFFFAOYSA-N,nBu,Ethynyl,NH2,CN,C#Cn1c[n+](CCCC)c(C#N)c1N,C#CN1[C]N(CCCC)C(C#N)=C1N
GAAYDBJLGIVXER-UHFFFAOYSA-N,Et,Ph,CN,F,CC[n+]1cn(-c2ccccc2)c(C#N)c1F,CCN1[C]N(c2ccccc2)C(C#N)=C1F
GAGOFJGXEVTVKP-UHFFFAOYSA-N,Et,Allyl,H,NH2,C=CCn1cc(N)[n+](CC)c1,C=CCN1[C]N(CC)C(N)=C1
GALODWICRDBKCU-UHFFFAOYSA-N,Me,tBu,NO2,Me,Cc1c([N+](=O)[O-])n(C(C)(C)C)c[n+]1C,CC1=C([N+](=O)[O-])N(C(C)(C)C)[C]N1C
GANGHUOTWQXMLU-UHFFFAOYSA-N,Me,Et,CF3,CF3,CCn1c[n+](C)c(C(F)(F)F)c1C(F)(F)F,CCN1[C]N(C)C(C(F)(F)F)=C1C(F)(F)F
GAVZZUUFPRMVLM-UHFFFAOYSA-N,Et,Ph,NO2,Me,CC[n+]1cn(-c2ccccc2)c([N+](=O)[O-])c1C,CCN1[C]N(c2ccccc2)C([N+](=O)[O-])=C1C
GBDKEZDATNEYAS-UHFFFAOYSA-N,Ethynyl,Propargyl,NO2,NH2,C#CCn1c[n+](C#C)c(N)c1[N+](=O)[O-],C#CCN1[C]N(C#C)C(N)=C1[N+](=O)[O-]
GCEARXPERIKRMF-UHFFFAOYSA-N,tBu,Vinyl,NH2,F,C=Cn1c[n+](C(C)(C)C)c(F)c1N,C=CN1[C]N(C(C)(C)C)C(F)=C1N
GCUWQQFPCRNHBS-UHFFFAOYSA-N,Vinyl,Vinyl,OMe,NH2,C=Cn1c[n+](C=C)c(N)c1OC,C=CN1[C]N(C=C)C(OC)=C1N
GDXIZDWOGMLRPS-UHFFFAOYSA-N,Me,Vinyl,CF3,H,C=Cn1c[n+](C)cc1C(F)(F)F,C=CN1[C]N(C)C=C1C(F)(F)F
GEDAWLFUNGZYFQ-UHFFFAOYSA-N,nBu,tBu,H,Me,CCCC[n+]1cn(C(C)(C)C)cc1C,CCCCN1[C]N(C(C)(C)C)C=C1C
GEPXLLDGTHMTJS-UHFFFAOYSA-N,tBu,Ethynyl,NH2,Me,C#Cn1c[n+](C(C)(C)C)c(C)c1N,C#CN1[C]N(C(C)(C)C)C(C)=C1N
GERYNFKGTVFEIE-UHFFFAOYSA-N,Vinyl,Ph,NO2,CN,C=C[n+]1cn(-c2ccccc2)c([N+](=O)[O-])c1C#N,C=CN1[C]N(c2ccccc2)C([N+](=O)[O-])=C1C#N
GFAIFBOZOBMAEX-UHFFFAOYSA-N,nBu,Allyl,NH2,OMe,C=CCn1c[n+](CCCC)c(OC)c1N,C=CCN1[C]N(CCCC)C(OC)=C1N
GFSSQWZTTGERQC-UHFFFAOYSA-N,nBu,Allyl,CN,NO2,C=CCn1c[n+](CCCC)c([N+](=O)[O-])c1C#N,C=CCN1[C]N(CCCC)C([N+](=O)[O-])=C1C#N
GFUHCWBRPXGZPV-UHFFFAOYSA-N,Et,tBu,NH2,Me,CC[n+]1cn(C(C)(C)C)c(N)c1C,CCN1[C]N(C(C)(C)C)C(N)=C1C
GHGLXWVZYCFKPO-UHFFFAOYSA-N,nBu,tBu,CN,F,CCCC[n+]1cn(C(C)(C)C)c(C#N)c1F,CCCCN1[C]N(C(C)(C)C)C(C#N)=C1F
GHMXSFSEUKYXAD-UHFFFAOYSA-N,Me,Et,CN,CN,CCn1c[n+](C)c(C#N)c1C#N,CCN1[C]N(C)C(C#N)=C1C#N
GHXKXPDXYWECPI-UHFFFAOYSA-N,Et,Allyl,H,OMe,C=CCn1cc(OC)[n+](CC)c1,C=CCN1[C]N(CC)C(OC)=C1
GILYDRGDFPMIQW-UHFFFAOYSA-N,nBu,Vinyl,NO2,NH2,C=Cn1c[n+](CCCC)c(N)c1[N+](=O)[O-],C=CN1[C]N(CCCC)C(N)=C1[N+](=O)[O-]
GJAHBEWJIZSCQL-UHFFFAOYSA-N,Et,Allyl,NH2,CF3,C=CCn1c[n+](CC)c(C(F)(F)F)c1N,C=CCN1[C]N(CC)C(C(F)(F)F)=C1N
GJWXVQIXBHLRHI-UHFFFAOYSA-N,tBu,tBu,CF3,NH2,CC(C)(C)n1c[n+](C(C)(C)C)c(N)c1C(F)(F)F,CC(C)(C)N1[C]N(C(C)(C)C)C(C(F)(F)F)=C1N
GKAXVYXEONDCIE-UHFFFAOYSA-N,Me,Ph,CN,CF3,C[n+]1cn(-c2ccccc2)c(C#N)c1C(F)(F)F,CN1[C]N(c2ccccc2)C(C#N)=C1C(F)(F)F
GKOWSSYNGCTGCJ-UHFFFAOYSA-N,Et,Ph,NO2,OMe,CC[n+]1cn(-c2ccccc2)c([N+](=O)[O-])c1OC,CCN1[C]N(c2ccccc2)C([N+](=O)[O-])=C1OC
GKRQGOPDRGPDMO-UHFFFAOYSA-N,Me,Propargyl,F,F,C#CCn1c[n+](C)c(F)c1F,C#CCN1[C]N(C)C(F)=C1F
GLAXTXUKTWETQQ-UHFFFAOYSA-N,Me,tBu,CF3,CN,C[n+]1cn(C(C)(C)C)c(C(F)(F)F)c1C#N,CN1[C]N(C(C)(C)C)C(C(F)(F)F)=C1C#N
GLBDYYNWROMCDT-UHFFFAOYSA-N,Et,Ph,F,CN,CC[n+]1cn(-c2ccccc2)c(F)c1C#N,CCN1[C]N(c2ccccc2)C(F)=C1C#N
GLCGGKSFOZGIHR-UHFFFAOYSA-N,nBu,tBu,NH2,OMe,CCCC[n+]1cn(C(C)(C)C)c(N)c1OC,CCCCN1[C]N(C(C)(C)C)C(N)=C1OC
GLIZDSFIXDYENP-UHFFFAOYSA-N,tBu,Ethynyl,NH2,OMe,C#Cn1c[n+](C(C)(C)C)c(OC)c1N,C#CN1[C]N(C(C)(C)C)C(OC)=C1N
GLKLRFJVOQRZLH-UHFFFAOYSA-N,nBu,Ph,CF3,H,CCCC[n+]1cc(C(F)(F)F)n(-c2ccccc2)c1,CCCCN1[C]N(c2ccccc2)C(C(F)(F)F)=C1
GLLSXOQPMLKLPH-UHFFFAOYSA-N,Vinyl,Ph,NH2,OMe,C=C[n+]1cn(-c2ccccc2)c(N)c1OC,C=CN1[C]N(c2ccccc2)C(N)=C1OC
GMCOYWWLPDJHSK-UHFFFAOYSA-N,nBu,iPr,CF3,F,CCCC[n+]1cn(C(C)C)c(C(F)(F)F)c1F,CCCCN1[C]N(C(C)C)C(C(F)(F)F)=C1F
GMUWODNJEOSHIR-UHFFFAOYSA-N,Et,Vinyl,NH2,Me,C=Cn1c[n+](CC)c(C)c1N,C=CN1[C]N(CC)C(C)=C1N
GMYINONLLZVXAF-UHFFFAOYSA-N,Vinyl,Propargyl,OMe,CN,C#CCn1c[n+](C=C)c(C#N)c1OC,C#CCN1[C]N(C=C)C(C#N)=C1OC
GNANLTGAGQPQQQ-UHFFFAOYSA-N,Et,Propargyl,NH2,F,C#CCn1c[n+](CC)c(F)c1N,C#CCN1[C]N(CC)C(F)=C1N
GNEQRYABWHSANG-UHFFFAOYSA-N,Me,iPr,F,CF3,CC(C)n1c[n+](C)c(C(F)(F)F)c1F,CC(C)N1[C]N(C)C(C(F)(F)F)=C1F
GNINKRQHNSKQAC-UHFFFAOYSA-N,Et,iPr,CN,F,CC[n+]1cn(C(C)C)c(C#N)c1F,CCN1[C]N(C(C)C)C(C#N)=C1F
GNLFYWOUNNHBBK-UHFFFAOYSA-N,Ethynyl,Ph,NO2,F,C#C[n+]1cn(-c2ccccc2)c([N+](=O)[O-])c1F,C#CN1[C]N(c2ccccc2)C([N+](=O)[O-])=C1F
GOIJLZSMRLVMIF-UHFFFAOYSA-N,Et,Propargyl,NO2,NH2,C#CCn1c[n+](CC)c(N)c1[N+](=O)[O-],C#CCN1[C]N(CC)C(N)=C1[N+](=O)[O-]
GOPGLJJNCPXGNN-UHFFFAOYSA-N,Et,iPr,F,F,CC[n+]1cn(C(C)C)c(F)c1F,CCN1[C]N(C(C)C)C(F)=C1F
GOPJMMVDXXYYAK-UHFFFAOYSA-N,nBu,iPr,CF3,CF3,CCCC[n+]1cn(C(C)C)c(C(F)(F)F)c1C(F)(F)F,CCCCN1[C]N(C(C)C)C(C(F)(F)F)=C1C(F)(F)F
GPGIQMREJADBQK-UHFFFAOYSA-N,Et,Et,OMe,OMe,CCn1c[n+](CC)c(OC)c1OC,CCN1[C]N(CC)C(OC)=C1OC
GPNBNJDMWQJRNF-UHFFFAOYSA-N,Vinyl,Ph,NO2,Me,C=C[n+]1cn(-c2ccccc2)c([N+](=O)[O-])c1C,C=CN1[C]N(c2ccccc2)C([N+](=O)[O-])=C1C
GPPUFSGDOYPYQI-UHFFFAOYSA-N,Me,Me,CN,CF3,Cn1c[n+](C)c(C(F)(F)F)c1C#N,CN1[C]N(C)C(C(F)(F)F)=C1C#N
GRBHDGSREFIYAQ-UHFFFAOYSA-N,Me,iPr,NO2,Me,Cc1c([N+](=O)[O-])n(C(C)C)c[n+]1C,CC1=C([N+](=O)[O-])N(C(C)C)[C]N1C
GRKKQTRGVMWODY-UHFFFAOYSA-N,Me,Vinyl,NO2,NH2,C=Cn1c[n+](C)c(N)c1[N+](=O)[O-],C=CN1[C]N(C)C(N)=C1[N+](=O)[O-]
GRODJTVXJOUKDM-UHFFFAOYSA-N,Et,Vinyl,CN,Me,C=Cn1c[n+](CC)c(C)c1C#N,C=CN1[C]N(CC)C(C)=C1C#N
GSIYGSUQGMZOTJ-UHFFFAOYSA-N,Et,Et,NO2,OMe,CCn1c[n+](CC)c(OC)c1[N+](=O)[O-],CCN1[C]N(CC)C([N+](=O)[O-])=C1OC
GSKCIBVHIQEGHB-UHFFFAOYSA-N,Vinyl,Allyl,NH2,NO2,C=CCn1c[n+](C=C)c([N+](=O)[O-])c1N,C=CCN1[C]N(C=C)C([N+](=O)[O-])=C1N
GSOICKBHGJVYOF-UHFFFAOYSA-N,Me,tBu,H,F,C[n+]1cn(C(C)(C)C)cc1F,CN1[C]N(C(C)(C)C)C=C1F
GSOOKVSJBPKTMJ-UHFFFAOYSA-N,nBu,iPr,CN,NH2,CCCC[n+]1cn(C(C)C)c(C#N)c1N,CCCCN1[C]N(C(C)C)C(C#N)=C1N
GTHJZMFFSPYGCI-UHFFFAOYSA-N,Vinyl,Propargyl,H,F,C#CCn1cc(F)[n+](C=C)c1,C#CCN1[C]N(C=C)C(F)=C1
GTMQJWSTRRTCOS-UHFFFAOYSA-N,Et,Allyl,OMe,Me,C=CCn1c[n+](CC)c(C)c1OC,C=CCN1[C]N(CC)C(C)=C1OC
GTPJZQJRIYVQEQ-UHFFFAOYSA-N,Me,Allyl,H,NH2,C=CCn1cc(N)[n+](C)c1,C=CCN1[C]N(C)C(N)=C1
GUCSXZMPJXJJHN-UHFFFAOYSA-N,Vinyl,Allyl,OMe,H,C=CCn1c[n+](C=C)cc1OC,C=CCN1[C]N(C=C)C=C1OC
GURUBWKDAQMFBR-UHFFFAOYSA-N,Me,Propargyl,OMe,OMe,C#CCn1c[n+](C)c(OC)c1OC,C#CCN1[C]N(C)C(OC)=C1OC
GUVOHDZHWPXLAW-UHFFFAOYSA-N,Ethynyl,Propargyl,NH2,NH2,C#CCn1c[n+](C#C)c(N)c1N,C#CCN1[C]N(C#C)C(N)=C1N
GUVTYNDNKIKTQP-UHFFFAOYSA-N,Vinyl,Propargyl,H,NO2,C#CCn1cc([N+](=O)[O-])[n+](C=C)c1,C#CCN1[C]N(C=C)C([N+](=O)[O-])=C1
GUWBJAMTMRWZRK-UHFFFAOYSA-N,tBu,Vinyl,H,H,C=Cn1cc[n+](C(C)(C)C)c1,C=CN1[C]N(C(C)(C)C)C=C1
GUWNESYGWJDWTN-UHFFFAOYSA-N,Et,Propargyl,OMe,NH2,C#CCn1c[n+](CC)c(N)c1OC,C#CCN1[C]N(CC)C(N)=C1OC
GVHCFDALYVBVIY-UHFFFAOYSA-N,Et,Allyl,OMe,F,C=CCn1c[n+](CC)c(F)c1OC,C=CCN1[C]N(CC)C(F)=C1OC
GVLSCRPMJANJRR-UHFFFAOYSA-N,tBu,Propargyl,NH2,NH2,C#CCn1c[n+](C(C)(C)C)c(N)c1N,C#CCN1[C]N(C(C)(C)C)C(N)=C1N
GVNJDJQRSKNCEB-UHFFFAOYSA-N,Me,Ethynyl,CN,Me,C#Cn1c[n+](C)c(C)c1C#N,C#CN1[C]N(C)C(C)=C1C#N
GVQXNCSKFPVLMR-UHFFFAOYSA-N,Me,Propargyl,CN,Me,C#CCn1c[n+](C)c(C)c1C#N,C#CCN1[C]N(C)C(C)=C1C#N
GWIDUGHAIYJHMO-UHFFFAOYSA-N,Et,Vinyl,CF3,OMe,C=Cn1c[n+](CC)c(OC)c1C(F)(F)F,C=CN1[C]N(CC)C(OC)=C1C(F)(F)F
GWMJLIBGWFHLHW-UHFFFAOYSA-N,Me,Ethynyl,CN,CF3,C#Cn1c[n+](C)c(C(F)(F)F)c1C#N,C#CN1[C]N(C)C(C(F)(F)F)=C1C#N
GXNWKFFUCQYEKD-UHFFFAOYSA-N,Et,Propargyl,H,NH2,C#CCn1cc(N)[n+](CC)c1,C#CCN1[C]N(CC)C(N)=C1
GYPZMHDLVMCPPE-UHFFFAOYSA-N,Vinyl,Propargyl,NH2,Me,C#CCn1c[n+](C=C)c(C)c1N,C#CCN1[C]N(C=C)C(C)=C1N
GYRRJBUZORWLEF-UHFFFAOYSA-N,Vinyl,Ethynyl,H,Me,C#Cn1cc(C)[n+](C=C)c1,C#CN1[C]N(C=C)C(C)=C1
GYSMPLJEEOEVJS-UHFFFAOYSA-N,Ethynyl,Propargyl,NH2,Me,C#CCn1c[n+](C#C)c(C)c1N,C#CCN1[C]N(C#C)C(C)=C1N
GYYOQXKQIMKDGS-UHFFFAOYSA-N,nBu,tBu,H,NH2,CCCC[n+]1cn(C(C)(C)C)cc1N,CCCCN1[C]N(C(C)(C)C)C=C1N
GZCTYIDTDRLUTG-UHFFFAOYSA-N,Me,Allyl,CN,Me,C=CCn1c[n+](C)c(C)c1C#N,C=CCN1[C]N(C)C(C)=C1C#N
GZEDAMWBHGZTRC-UHFFFAOYSA-N,nBu,Ethynyl,CN,Me,C#Cn1c[n+](CCCC)c(C)c1C#N,C#CN1[C]N(CCCC)C(C)=C1C#N
GZPWIRQOSIPBSW-UHFFFAOYSA-N,Et,iPr,OMe,CF3,CC[n+]1cn(C(C)C)c(OC)c1C(F)(F)F,CCN1[C]N(C(C)C)C(OC)=C1C(F)(F)F
GZUMDFWJDVQISL-UHFFFAOYSA-N,nBu,Vinyl,CN,NH2,C=Cn1c[n+](CCCC)c(N)c1C#N,C=CN1[C]N(CCCC)C(N)=C1C#N
HANYQJZSFKHPJK-UHFFFAOYSA-N,Vinyl,Ethynyl,NO2,H,C#Cn1c[n+](C=C)cc1[N+](=O)[O-],C#CN1[C]N(C=C)C=C1[N+](=O)[O-]
HATHYGQYTDXDTM-UHFFFAOYSA-N,Me,Et,H,F,CCn1cc(F)[n+](C)c1,CCN1[C]N(C)C(F)=C1
HAWJNOAKIAZMAG-UHFFFAOYSA-N,nBu,tBu,F,CF3,CCCC[n+]1cn(C(C)(C)C)c(F)c1C(F)(F)F,CCCCN1[C]N(C(C)(C)C)C(F)=C1C(F)(F)F
HBJHHGLXRPHCBU-UHFFFAOYSA-N,Et,tBu,CN,H,CC[n+]1cc(C#N)n(C(C)(C)C)c1,CCN1[C]N(C(C)(C)C)C(C#N)=C1
HBPRHLYHQUCNSP-UHFFFAOYSA-N,nBu,Ethynyl,NO2,OMe,C#Cn1c[n+](CCCC)c(OC)c1[N+](=O)[O-],C#CN1[C]N(CCCC)C(OC)=C1[N+](=O)[O-]
HCGAATUNKMJCFD-UHFFFAOYSA-N,Et,Ethynyl,OMe,NO2,C#Cn1c[n+](CC)c([N+](=O)[O-])c1OC,C#CN1[C]N(CC)C([N+](=O)[O-])=C1OC
HCIIJEPGPKSAMN-UHFFFAOYSA-N,tBu,Ph,OMe,CF3,COc1c(C(F)(F)F)[n+](C(C)(C)C)cn1-c1ccccc1,COC1=C(C(F)(F)F)N(C(C)(C)C)[C]N1c1ccccc1
HCOCPDLGCJEYHV-UHFFFAOYSA-N,Et,Ph,OMe,NH2,CC[n+]1cn(-c2ccccc2)c(OC)c1N,CCN1[C]N(c2ccccc2)C(OC)=C1N
HCXSSGNWQXHYDR-UHFFFAOYSA-N,Et,Ethynyl,H,H,C#Cn1cc[n+](CC)c1,C#CN1[C]N(CC)C=C1
HDGVZIYMADEEHY-UHFFFAOYSA-N,Vinyl,Ethynyl,OMe,H,C#Cn1c[n+](C=C)cc1OC,C#CN1[C]N(C=C)C=C1OC
HDNKUHYZYIIQPQ-UHFFFAOYSA-N,nBu,Propargyl,F,F,C#CCn1c[n+](CCCC)c(F)c1F,C#CCN1[C]N(CCCC)C(F)=C1F
HERNNJKZISVFMU-UHFFFAOYSA-N,tBu,Allyl,NH2,NO2,C=CCn1c[n+](C(C)(C)C)c([N+](=O)[O-])c1N,C=CCN1[C]N(C(C)(C)C)C([N+](=O)[O-])=C1N
HEXDNUJFTXDXHS-UHFFFAOYSA-N,nBu,tBu,CN,H,CCCC[n+]1cc(C#N)n(C(C)(C)C)c1,CCCCN1[C]N(C(C)(C)C)C(C#N)=C1
HFFDVQVTHZPUIS-UHFFFAOYSA-N,Me,Et,CN,H,CCn1c[n+](C)cc1C#N,CCN1[C]N(C)C=C1C#N
HFHCMHGIXDHRBI-UHFFFAOYSA-N,Me,Ph,NH2,H,C[n+]1cc(N)n(-c2ccccc2)c1,CN1[C]N(c2ccccc2)C(N)=C1
HFHSUDTXIJUTOW-UHFFFAOYSA-N,Et,tBu,CN,NH2,CC[n+]1cn(C(C)(C)C)c(C#N)c1N,CCN1[C]N(C(C)(C)C)C(C#N)=C1N
HFQMBFOQLKGXEV-UHFFFAOYSA-N,nBu,Ethynyl,CF3,CF3,C#Cn1c[n+](CCCC)c(C(F)(F)F)c1C(F)(F)F,C#CN1[C]N(CCCC)C(C(F)(F)F)=C1C(F)(F)F
HFYJOWMGNRABND-UHFFFAOYSA-N,Et,iPr,NH2,F,CC[n+]1cn(C(C)C)c(N)c1F,CCN1[C]N(C(C)C)C(N)=C1F
HFYOXTPULODHMX-UHFFFAOYSA-N,Me,Et,NO2,F,CCn1c[n+](C)c(F)c1[N+](=O)[O-],CCN1[C]N(C)C(F)=C1[N+](=O)[O-]
HGVGIHBZHZMAAS-UHFFFAOYSA-N,Et,Propargyl,H,Me,C#CCn1cc(C)[n+](CC)c1,C#CCN1[C]N(CC)C(C)=C1
HHIISNWCRFUUCS-UHFFFAOYSA-N,Me,Ph,CF3,OMe,COc1c(C(F)(F)F)n(-c2ccccc2)c[n+]1C,COC1=C(C(F)(F)F)N(c2ccccc2)[C]N1C
HHKQUWHCXAPUDJ-UHFFFAOYSA-N,tBu,Propargyl,NO2,H,C#CCn1c[n+](C(C)(C)C)cc1[N+](=O)[O-],C#CCN1[C]N(C(C)(C)C)C=C1[N+](=O)[O-]
HIBMIIIDOALADI-UHFFFAOYSA-N,Me,Et,F,CF3,CCn1c[n+](C)c(C(F)(F)F)c1F,CCN1[C]N(C)C(C(F)(F)F)=C1F
HICVZYYNAUXTDU-UHFFFAOYSA-N,tBu,Allyl,CN,OMe,C=CCn1c[n+](C(C)(C)C)c(OC)c1C#N,C=CCN1[C]N(C(C)(C)C)C(OC)=C1C#N
HIORUKVOSMKWOZ-UHFFFAOYSA-N,tBu,Allyl,OMe,F,C=CCn1c[n+](C(C)(C)C)c(F)c1OC,C=CCN1[C]N(C(C)(C)C)C(F)=C1OC
HIUMXCRUGPSCIX-UHFFFAOYSA-N,Vinyl,Propargyl,OMe,OMe,C#CCn1c[n+](C=C)c(OC)c1OC,C#CCN1[C]N(C=C)C(OC)=C1OC
HIVQYZBILOYCMN-UHFFFAOYSA-N,Et,Allyl,CN,OMe,C=CCn1c[n+](CC)c(OC)c1C#N,C=CCN1[C]N(CC)C(OC)=C1C#N
HIYUEGXWJMGQBQ-UHFFFAOYSA-N,tBu,Ph,CN,OMe,COc1c(C#N)n(-c2ccccc2)c[n+]1C(C)(C)C,COC1=C(C#N)N(c2ccccc2)[C]N1C(C)(C)C
HJBLNEIUAOMBQY-UHFFFAOYSA-N,Et,Et,F,F,CCn1c[n+](CC)c(F)c1F,CCN1[C]N(CC)C(F)=C1F
HJHVXFLHBSFQPH-UHFFFAOYSA-N,nBu,Propargyl,CF3,OMe,C#CCn1c[n+](CCCC)c(OC)c1C(F)(F)F,C#CCN1[C]N(CCCC)C(OC)=C1C(F)(F)F
HJSZGJTWHOUEOS-UHFFFAOYSA-N,Vinyl,Ethynyl,CF3,H,C#Cn1c[n+](C=C)cc1C(F)(F)F,C#CN1[C]N(C=C)C=C1C(F)(F)F
HKSWELGKWJWFAZ-UHFFFAOYSA-N,Et,Et,CF3,CF3,CCn1c[n+](CC)c(C(F)(F)F)c1C(F)(F)F,CCN1[C]N(CC)C(C(F)(F)F)=C1C(F)(F)F
HKVFJSUJTWQEGZ-UHFFFAOYSA-N,Me,tBu,NH2,F,C[n+]1cn(C(C)(C)C)c(N)c1F,CN1[C]N(C(C)(C)C)C(N)=C1F
HMAQDADTWBEOEM-UHFFFAOYSA-N,tBu,Ethynyl,NH2,CF3,C#Cn1c[n+](C(C)(C)C)c(C(F)(F)F)c1N,C#CN1[C]N(C(C)(C)C)C(C(F)(F)F)=C1N
HMOCAZCMXYCVNK-UHFFFAOYSA-N,Me,Ph,NO2,NH2,C[n+]1cn(-c2ccccc2)c([N+](=O)[O-])c1N,CN1[C]N(c2ccccc2)C([N+](=O)[O-])=C1N
HMVKJQACCGANSQ-UHFFFAOYSA-N,Vinyl,Vinyl,CN,CN,C=Cn1c[n+](C=C)c(C#N)c1C#N,C=CN1[C]N(C=C)C(C#N)=C1C#N
HMVKSPBJPSXVNF-UHFFFAOYSA-N,Et,tBu,CF3,CN,CC[n+]1cn(C(C)(C)C)c(C(F)(F)F)c1C#N,CCN1[C]N(C(C)(C)C)C(C(F)(F)F)=C1C#N
HNIRCNMLWZWOMG-UHFFFAOYSA-N,tBu,Ph,CF3,Me,Cc1c(C(F)(F)F)n(-c2ccccc2)c[n+]1C(C)(C)C,CC1=C(C(F)(F)F)N(c2ccccc2)[C]N1C(C)(C)C
HOTLTCYUFLFXHX-UHFFFAOYSA-N,nBu,Allyl,H,CF3,C=CCn1cc(C(F)(F)F)[n+](CCCC)c1,C=CCN1[C]N(CCCC)C(C(F)(F)F)=C1
HOVSLHRXRXGDKV-UHFFFAOYSA-N,Me,Et,OMe,Me,CCn1c[n+](C)c(C)c1OC,CCN1[C]N(C)C(C)=C1OC
HPHZKZUYOOOGFZ-UHFFFAOYSA-N,nBu,tBu,H,CN,CCCC[n+]1cn(C(C)(C)C)cc1C#N,CCCCN1[C]N(C(C)(C)C)C=C1C#N
HQAARBGBTIUKJR-UHFFFAOYSA-N,tBu,Propargyl,OMe,NH2,C#CCn1c[n+](C(C)(C)C)c(N)c1OC,C#CCN1[C]N(C(C)(C)C)C(N)=C1OC
HQASMFAEJPPBEZ-UHFFFAOYSA-N,nBu,Allyl,CF3,CN,C=CCn1c[n+](CCCC)c(C#N)c1C(F)(F)F,C=CCN1[C]N(CCCC)C(C#N)=C1C(F)(F)F
HQBKACVYCVFNMU-UHFFFAOYSA-N,Ethynyl,Propargyl,CN,CN,C#CCn1c[n+](C#C)c(C#N)c1C#N,C#CCN1[C]N(C#C)C(C#N)=C1C#N
HQDSCABPQYAOAL-UHFFFAOYSA-N,nBu,Vinyl,CF3,NO2,C=Cn1c[n+](CCCC)c([N+](=O)[O-])c1C(F)(F)F,C=CN1[C]N(CCCC)C([N+](=O)[O-])=C1C(F)(F)F
HQFVDAIFIIBURB-UHFFFAOYSA-N,tBu,Ethynyl,CN,CF3,C#Cn1c[n+](C(C)(C)C)c(C(F)(F)F)c1C#N,C#CN1[C]N(C(C)(C)C)C(C(F)(F)F)=C1C#N
HQPYJYZYMTVJHR-UHFFFAOYSA-N,nBu,Propargyl,NO2,NO2,C#CCn1c[n+](CCCC)c([N+](=O)[O-])c1[N+](=O)[O-],C#CCN1[C]N(CCCC)C([N+](=O)[O-])=C1[N+](=O)[O-]
HQTDDZADFHKXJZ-UHFFFAOYSA-N,Vinyl,Propargyl,NH2,NH2,C#CCn1c[n+](C=C)c(N)c1N,C#CCN1[C]N(C=C)C(N)=C1N
HQUIZVOUCCBBBC-UHFFFAOYSA-N,Et,Ph,H,F,CC[n+]1cn(-c2ccccc2)cc1F,CCN1[C]N(c2ccccc2)C=C1F
HRECWDNXEZAFNX-UHFFFAOYSA-N,Me,Vinyl,CF3,Me,C=Cn1c[n+](C)c(C)c1C(F)(F)F,C=CN1[C]N(C)C(C)=C1C(F)(F)F
HRFHAXPUVVXILQ-UHFFFAOYSA-N,Et,Allyl,CF3,F,C=CCn1c[n+](CC)c(F)c1C(F)(F)F,C=CCN1[C]N(CC)C(F)=C1C(F)(F)F
HRFLJFJKWFAMDT-UHFFFAOYSA-N,Vinyl,Ph,F,NO2,C=C[n+]1cn(-c2ccccc2)c(F)c1[N+](=O)[O-],C=CN1[C]N(c2ccccc2)C(F)=C1[N+](=O)[O-]
HRLYZBKKVZIAJY-UHFFFAOYSA-N,Ethynyl,Ph,NH2,NO2,C#C[n+]1cn(-c2ccccc2)c(N)c1[N+](=O)[O-],C#CN1[C]N(c2ccccc2)C(N)=C1[N+](=O)[O-]
HRVMWWLBJWCNTI-UHFFFAOYSA-N,Vinyl,Allyl,NO2,CF3,C=CCn1c[n+](C=C)c(C(F)(F)F)c1[N+](=O)[O-],C=CCN1[C]N(C=C)C(C(F)(F)F)=C1[N+](=O)[O-]
HRVPCQWVBGZKTL-UHFFFAOYSA-N,Me,Propargyl,OMe,NO2,C#CCn1c[n+](C)c([N+](=O)[O-])c1OC,C#CCN1[C]N(C)C([N+](=O)[O-])=C1OC
HRYJFKHMRVXJAV-UHFFFAOYSA-N,tBu,tBu,CN,CF3,CC(C)(C)n1c[n+](C(C)(C)C)c(C(F)(F)F)c1C#N,CC(C)(C)N1[C]N(C(C)(C)C)C(C(F)(F)F)=C1C#N
HSFATBVNJHPRDJ-UHFFFAOYSA-N,Et,Ethynyl,OMe,H,C#Cn1c[n+](CC)cc1OC,C#CN1[C]N(CC)C=C1OC
HSQODVJOAMXQSI-UHFFFAOYSA-N,Me,Vinyl,F,F,C=Cn1c[n+](C)c(F)c1F,C=CN1[C]N(C)C(F)=C1F
HSTOXVWNUASXOE-UHFFFAOYSA-N,tBu,Allyl,OMe,Me,C=CCn1c[n+](C(C)(C)C)c(C)c1OC,C=CCN1[C]N(C(C)(C)C)C(C)=C1OC
HTKTWFNNKHZGLR-UHFFFAOYSA-N,Vinyl,Vinyl,F,CF3,C=Cn1c[n+](C=C)c(C(F)(F)F)c1F,C=CN1[C]N(C=C)C(C(F)(F)F)=C1F
HTMUHSGDYRKHCC-UHFFFAOYSA-N,nBu,Propargyl,F,CF3,C#CCn1c[n+](CCCC)c(C(F)(F)F)c1F,C#CCN1[C]N(CCCC)C(C(F)(F)F)=C1F
HUAQTLANONPOKN-UHFFFAOYSA-N,Et,tBu,OMe,OMe,CC[n+]1cn(C(C)(C)C)c(OC)c1OC,CCN1[C]N(C(C)(C)C)C(OC)=C1OC
HUIFYHNSZKSMOF-UHFFFAOYSA-N,Vinyl,Ph,OMe,CN,C=C[n+]1cn(-c2ccccc2)c(OC)c1C#N,C=CN1[C]N(c2ccccc2)C(OC)=C1C#N
HUOXASXCYQBTLR-UHFFFAOYSA-N,tBu,Propargyl,CN,NO2,C#CCn1c[n+](C(C)(C)C)c([N+](=O)[O-])c1C#N,C#CCN1[C]N(C(C)(C)C)C([N+](=O)[O-])=C1C#N
HUVOVSPSRWJBJD-UHFFFAOYSA-N,Ethynyl,Ph,CF3,H,C#C[n+]1cc(C(F)(F)F)n(-c2ccccc2)c1,C#CN1[C]N(c2ccccc2)C(C(F)(F)F)=C1
HUZUNEHQOCXVQF-UHFFFAOYSA-N,Vinyl,Ph,CN,F,C=C[n+]1cn(-c2ccccc2)c(C#N)c1F,C=CN1[C]N(c2ccccc2)C(C#N)=C1F
HVLGOIVHLMHAAX-UHFFFAOYSA-N,Me,Ph,OMe,F,COc1c(F)[n+](C)cn1-c1ccccc1,COC1=C(F)N(C)[C]N1c1ccccc1
HVVRUQBMAZRKPJ-UHFFFAOYSA-N,Me,Me,H,H,Cn1cc[n+](C)c1,CN1[C]N(C)C=C1
HVYLRNKGPUPMDS-UHFFFAOYSA-N,nBu,iPr,OMe,NH2,CCCC[n+]1cn(C(C)C)c(OC)c1N,CCCCN1[C]N(C(C)C)C(OC)=C1N
HWEIACZWBZVUKE-UHFFFAOYSA-N,Et,iPr,NH2,NO2,CC[n+]1cn(C(C)C)c(N)c1[N+](=O)[O-],CCN1[C]N(C(C)C)C(N)=C1[N+](=O)[O-]
HXTGHXMDMFQZNF-UHFFFAOYSA-N,nBu,iPr,OMe,CN,CCCC[n+]1cn(C(C)C)c(OC)c1C#N,CCCCN1[C]N(C(C)C)C(OC)=C1C#N
HXXXNRGGTZJUHO-UHFFFAOYSA-N,Vinyl,Ph,NO2,NO2,C=C[n+]1cn(-c2ccccc2)c([N+](=O)[O-])c1[N+](=O)[O-],C=CN1[C]N(c2ccccc2)C([N+](=O)[O-])=C1[N+](=O)[O-]
HYGRQCPMCXOLHN-UHFFFAOYSA-N,nBu,Vinyl,H,NO2,C=Cn1cc([N+](=O)[O-])[n+](CCCC)c1,C=CN1[C]N(CCCC)C([N+](=O)[O-])=C1
HYKXXROLCIZNCM-UHFFFAOYSA-N,tBu,Allyl,H,OMe,C=CCn1cc(OC)[n+](C(C)(C)C)c1,C=CCN1[C]N(C(C)(C)C)C(OC)=C1
HYMWHVFBTOQFPE-UHFFFAOYSA-N,nBu,iPr,CN,Me,CCCC[n+]1cn(C(C)C)c(C#N)c1C,CCCCN1[C]N(C(C)C)C(C#N)=C1C
HYTJDFWMPORCAF-UHFFFAOYSA-N,Et,Allyl,NO2,Me,C=CCn1c[n+](CC)c(C)c1[N+](=O)[O-],C=CCN1[C]N(CC)C(C)=C1[N+](=O)[O-]
HYWGQPGXLJMFAQ-UHFFFAOYSA-N,Me,Vinyl,OMe,NH2,C=Cn1c[n+](C)c(N)c1OC,C=CN1[C]N(C)C(N)=C1OC
HYYOPEMVWVGDIH-UHFFFAOYSA-N,tBu,Ethynyl,CN,CN,C#Cn1c[n+](C(C)(C)C)c(C#N)c1C#N,C#CN1[C]N(C(C)(C)C)C(C#N)=C1C#N
HZHMGJWSWKNNMX-UHFFFAOYSA-N,Me,Propargyl,H,F,C#CCn1cc(F)[n+](C)c1,C#CCN1[C]N(C)C(F)=C1
HZOHQCHHWULZHG-UHFFFAOYSA-N,nBu,iPr,OMe,NO2,CCCC[n+]1cn(C(C)C)c(OC)c1[N+](=O)[O-],CCCCN1[C]N(C(C)C)C(OC)=C1[N+](=O)[O-]
HZSLQOIHHGNSJJ-UHFFFAOYSA-N,Me,Vinyl,NH2,CF3,C=Cn1c[n+](C)c(C(F)(F)F)c1N,C=CN1[C]N(C)C(C(F)(F)F)=C1N
HZTWGWVNDLBFEX-UHFFFAOYSA-N,Et,Ethynyl,OMe,Me,C#Cn1c[n+](CC)c(C)c1OC,C#CN1[C]N(CC)C(C)=C1OC
HZWYEIHUIYPBHJ-UHFFFAOYSA-N,Me,Et,NO2,NH2,CCn1c[n+](C)c(N)c1[N+](=O)[O-],CCN1[C]N(C)C(N)=C1[N+](=O)[O-]
IAESBLPJQUYKQX-UHFFFAOYSA-N,Vinyl,Allyl,NH2,CN,C=CCn1c[n+](C=C)c(C#N)c1N,C=CCN1[C]N(C=C)C(C#N)=C1N
IAHWLAKWYPXHMJ-UHFFFAOYSA-N,nBu,Ph,H,NO2,CCCC[n+]1cn(-c2ccccc2)cc1[N+](=O)[O-],CCCCN1[C]N(c2ccccc2)C=C1[N+](=O)[O-]
IAMGYDLVBCNWNB-UHFFFAOYSA-N,Et,Vinyl,OMe,NH2,C=Cn1c[n+](CC)c(N)c1OC,C=CN1[C]N(CC)C(N)=C1OC
IAMYIWFQHXLYBC-UHFFFAOYSA-N,Me,iPr,CN,OMe,COc1c(C#N)n(C(C)C)c[n+]1C,COC1=C(C#N)N(C(C)C)[C]N1C
IAPQCRIJFHJIKI-UHFFFAOYSA-N,Me,tBu,NO2,NO2,C[n+]1cn(C(C)(C)C)c([N+](=O)[O-])c1[N+](=O)[O-],CN1[C]N(C(C)(C)C)C([N+](=O)[O-])=C1[N+](=O)[O-]
IAUJUGVIIWVZPX-UHFFFAOYSA-N,nBu,Ph,NO2,OMe,CCCC[n+]1cn(-c2ccccc2)c([N+](=O)[O-])c1OC,CCCCN1[C]N(c2ccccc2)C([N+](=O)[O-])=C1OC
IAYDPCAFOOTFRE-UHFFFAOYSA-N,Ethynyl,Propargyl,H,H,C#CCn1cc[n+](C#C)c1,C#CCN1[C]N(C#C)C=C1
IBALRXGVLFAMBO-UHFFFAOYSA-N,Me,Ethynyl,H,NH2,C#Cn1cc(N)[n+](C)c1,C#CN1[C]N(C)C(N)=C1
IBFOYCLTUHRVIN-UHFFFAOYSA-N,nBu,Propargyl,CN,Me,C#CCn1c[n+](CCCC)c(C)c1C#N,C#CCN1[C]N(CCCC)C(C)=C1C#N
IBHIGJWPVRQSKA-UHFFFAOYSA-N,Vinyl,Ethynyl,F,OMe,C#Cn1c[n+](C=C)c(OC)c1F,C#CN1[C]N(C=C)C(OC)=C1F
IBTHRLVVPWYGJU-UHFFFAOYSA-N,tBu,Allyl,CF3,CF3,C=CCn1c[n+](C(C)(C)C)c(C(F)(F)F)c1C(F)(F)F,C=CCN1[C]N(C(C)(C)C)C(C(F)(F)F)=C1C(F)(F)F
IBTRPJDKKGFHAW-UHFFFAOYSA-N,Vinyl,Ethynyl,NH2,F,C#Cn1c[n+](C=C)c(F)c1N,C#CN1[C]N(C=C)C(F)=C1N
IBWLHHGEPYDHAG-UHFFFAOYSA-N,Me,Allyl,CF3,NO2,C=CCn1c[n+](C)c([N+](=O)[O-])c1C(F)(F)F,C=CCN1[C]N(C)C([N+](=O)[O-])=C1C(F)(F)F
IBXRKUIXEJXYNL-UHFFFAOYSA-N,Ethynyl,Ph,NO2,NO2,C#C[n+]1cn(-c2ccccc2)c([N+](=O)[O-])c1[N+](=O)[O-],C#CN1[C]N(c2ccccc2)C([N+](=O)[O-])=C1[N+](=O)[O-]
ICRZRSQKFJUNID-UHFFFAOYSA-N,nBu,Ph,H,H,CCCC[n+]1ccn(-c2ccccc2)c1,CCCCN1[C]N(c2ccccc2)C=C1
ICVLZTUTIQEANK-UHFFFAOYSA-N,Vinyl,Ph,F,F,C=C[n+]1cn(-c2ccccc2)c(F)c1F,C=CN1[C]N(c2ccccc2)C(F)=C1F
ICVUCGZBSTUPOE-UHFFFAOYSA-N,nBu,Allyl,OMe,NO2,C=CCn1c[n+](CCCC)c([N+](=O)[O-])c1OC,C=CCN1[C]N(CCCC)C([N+](=O)[O-])=C1OC
ICZZGWRKTKBZIY-UHFFFAOYSA-N,Me,Vinyl,NH2,NH2,C=Cn1c[n+](C)c(N)c1N,C=CN1[C]N(C)C(N)=C1N
IDGQHUBFKUDTRR-UHFFFAOYSA-N,nBu,Ethynyl,NO2,CF3,C#Cn1c[n+](CCCC)c(C(F)(F)F)c1[N+](=O)[O-],C#CN1[C]N(CCCC)C(C(F)(F)F)=C1[N+](=O)[O-]
IDHCOEGDSHYALL-UHFFFAOYSA-N,tBu,Propargyl,CF3,Me,C#CCn1c[n+](C(C)(C)C)c(C)c1C(F)(F)F,C#CCN1[C]N(C(C)(C)C)C(C)=C1C(F)(F)F
IDZXEKPIWUGLAG-UHFFFAOYSA-N,tBu,Vinyl,NH2,CN,C=Cn1c[n+](C(C)(C)C)c(C#N)c1N,C=CN1[C]N(C(C)(C)C)C(C#N)=C1N
IEDVENBIDRZNIS-UHFFFAOYSA-N,Me,Allyl,H,F,C=CCn1cc(F)[n+](C)c1,C=CCN1[C]N(C)C(F)=C1
IEMLINGBMFLLMT-UHFFFAOYSA-N,Me,Et,CF3,CN,CCn1c[n+](C)c(C#N)c1C(F)(F)F,CCN1[C]N(C)C(C#N)=C1C(F)(F)F
IERLZGQLRBNYPD-UHFFFAOYSA-N,Me,Vinyl,H,CN,C=Cn1cc(C#N)[n+](C)c1,C=CN1[C]N(C)C(C#N)=C1
IEVMINUPNHCOEW-UHFFFAOYSA-N,nBu,Vinyl,NH2,NO2,C=Cn1c[n+](CCCC)c([N+](=O)[O-])c1N,C=CN1[C]N(CCCC)C([N+](=O)[O-])=C1N
IEXCTJAXNUPPRX-UHFFFAOYSA-N,nBu,Propargyl,NH2,H,C#CCn1c[n+](CCCC)cc1N,C#CCN1[C]N(CCCC)C=C1N
IEYQQZLAOJQYEW-UHFFFAOYSA-N,tBu,Vinyl,CF3,H,C=Cn1c[n+](C(C)(C)C)cc1C(F)(F)F,C=CN1[C]N(C(C)(C)C)C=C1C(F)(F)F
IEYYJAZZTGKDRT-UHFFFAOYSA-N,Et,Et,F,OMe,CCn1c[n+](CC)c(OC)c1F,CCN1[C]N(CC)C(OC)=C1F
IFVFRILLACXUKE-UHFFFAOYSA-N,tBu,Ethynyl,F,NH2,C#Cn1c[n+](C(C)(C)C)c(N)c1F,C#CN1[C]N(C(C)(C)C)C(N)=C1F
IFZCXXAZVXIEKV-UHFFFAOYSA-N,Ethynyl,Ethynyl,F,F,C#Cn1c[n+](C#C)c(F)c1F,C#CN1[C]N(C#C)C(F)=C1F
IFZKBBMJJBGMRF-UHFFFAOYSA-N,Me,tBu,CN,CN,C[n+]1cn(C(C)(C)C)c(C#N)c1C#N,CN1[C]N(C(C)(C)C)C(C#N)=C1C#N
IGJCAJSPAQEMHC-UHFFFAOYSA-N,Me,tBu,H,OMe,COc1cn(C(C)(C)C)c[n+]1C,COC1=CN(C(C)(C)C)[C]N1C
IGUCLXGHQOAAHV-UHFFFAOYSA-N,Me,Allyl,F,OMe,C=CCn1c[n+](C)c(OC)c1F,C=CCN1[C]N(C)C(OC)=C1F
IHDVQHXUZTYCNU-UHFFFAOYSA-N,Vinyl,Ethynyl,CF3,CF3,C#Cn1c[n+](C=C)c(C(F)(F)F)c1C(F)(F)F,C#CN1[C]N(C=C)C(C(F)(F)F)=C1C(F)(F)F
IIOAIOSGPPAUDW-UHFFFAOYSA-N,Vinyl,Ph,NH2,Me,C=C[n+]1cn(-c2ccccc2)c(N)c1C,C=CN1[C]N(c2ccccc2)C(N)=C1C
IIQANTGBRDPINM-UHFFFAOYSA-N,tBu,Allyl,NO2,OMe,C=CCn1c[n+](C(C)(C)C)c(OC)c1[N+](=O)[O-],C=CCN1[C]N(C(C)(C)C)C(OC)=C1[N+](=O)[O-]
IJDIGSREOYKSAS-UHFFFAOYSA-N,Me,iPr,OMe,OMe,COc1c(OC)[n+](C)cn1C(C)C,COC1=C(OC)N(C(C)C)[C]N1C
IJJWJVLEODCHIY-UHFFFAOYSA-N,Vinyl,Allyl,NH2,Me,C=CCn1c[n+](C=C)c(C)c1N,C=CCN1[C]N(C=C)C(C)=C1N
IJOSCJHCRGUZPR-UHFFFAOYSA-N,Ethynyl,Ph,CN,CF3,C#C[n+]1cn(-c2ccccc2)c(C#N)c1C(F)(F)F,C#CN1[C]N(c2ccccc2)C(C#N)=C1C(F)(F)F
IKAJLURKGVJJJT-UHFFFAOYSA-N,Et,Propargyl,H,F,C#CCn1cc(F)[n+](CC)c1,C#CCN1[C]N(CC)C(F)=C1
IKEQFKLWDBKNOP-UHFFFAOYSA-N,Ethynyl,Propargyl,CF3,H,C#CCn1c[n+](C#C)cc1C(F)(F)F,C#CCN1[C]N(C#C)C=C1C(F)(F)F
IKMMLKCXRQRECQ-UHFFFAOYSA-N,nBu,tBu,NH2,CN,CCCC[n+]1cn(C(C)(C)C)c(N)c1C#N,CCCCN1[C]N(C(C)(C)C)C(N)=C1C#N
IKQLFEIREMWRHD-UHFFFAOYSA-N,tBu,Vinyl,CF3,CF3,C=Cn1c[n+](C(C)(C)C)c(C(F)(F)F)c1C(F)(F)F,C=CN1[C]N(C(C)(C)C)C(C(F)(F)F)=C1C(F)(F)F
ILCFRBMQJAZBHN-UHFFFAOYSA-N,Me,Ph,NO2,Me,Cc1c([N+](=O)[O-])n(-c2ccccc2)c[n+]1C,CC1=C([N+](=O)[O-])N(c2ccccc2)[C]N1C
IMEPYHJFPYDTPM-UHFFFAOYSA-N,Me,tBu,NH2,NH2,C[n+]1cn(C(C)(C)C)c(N)c1N,CN1[C]N(C(C)(C)C)C(N)=C1N
IMLDVMPWQAGSSA-UHFFFAOYSA-N,Ethynyl,Ethynyl,NO2,NO2,C#Cn1c[n+](C#C)c([N+](=O)[O-])c1[N+](=O)[O-],C#CN1[C]N(C#C)C([N+](=O)[O-])=C1[N+](=O)[O-]
IMZXCUGRNPEPTB-UHFFFAOYSA-N,Me,Propargyl,OMe,CF3,C#CCn1c[n+](C)c(C(F)(F)F)c1OC,C#CCN1[C]N(C)C(C(F)(F)F)=C1OC
INBGNCHTALUSSM-UHFFFAOYSA-N,Et,tBu,NO2,CN,CC[n+]1cn(C(C)(C)C)c([N+](=O)[O-])c1C#N,CCN1[C]N(C(C)(C)C)C([N+](=O)[O-])=C1C#N
INBULGXHLWUINF-UHFFFAOYSA-N,nBu,iPr,OMe,F,CCCC[n+]1cn(C(C)C)c(OC)c1F,CCCCN1[C]N(C(C)C)C(OC)=C1F
INPOMCPRCBDMKE-UHFFFAOYSA-N,tBu,tBu,H,NO2,CC(C)(C)n1cc([N+](=O)[O-])[n+](C(C)(C)C)c1,CC(C)(C)N1[C]N(C(C)(C)C)C([N+](=O)[O-])=C1
IONVYTJJEGVFLD-UHFFFAOYSA-N,Et,Ethynyl,NO2,OMe,C#Cn1c[n+](CC)c(OC)c1[N+](=O)[O-],C#CN1[C]N(CC)C(OC)=C1[N+](=O)[O-]
IOSPVMIOUMMKPN-UHFFFAOYSA-N,tBu,Ethynyl,CF3,CN,C#Cn1c[n+](C(C)(C)C)c(C#N)c1C(F)(F)F,C#CN1[C]N(C(C)(C)C)C(C#N)=C1C(F)(F)F
IOSUWHWFVCNTNQ-UHFFFAOYSA-N,Me,Allyl,CN,OMe,C=CCn1c[n+](C)c(OC)c1C#N,C=CCN1[C]N(C)C(OC)=C1C#N
IOZPHDZCXZFLJG-UHFFFAOYSA-N,Me,Me,NO2,NH2,Cn1c[n+](C)c(N)c1[N+](=O)[O-],CN1[C]N(C)C([N+](=O)[O-])=C1N
IPBOYRXMXSBFGS-UHFFFAOYSA-N,Me,tBu,NH2,CF3,C[n+]1cn(C(C)(C)C)c(N)c1C(F)(F)F,CN1[C]N(C(C)(C)C)C(N)=C1C(F)(F)F
IPMZWBRHUWBMSP-UHFFFAOYSA-N,Vinyl,Vinyl,H,CN,C=Cn1cc(C#N)[n+](C=C)c1,C=CN1[C]N(C=C)C(C#N)=C1
IPNKKUJCIUJETE-UHFFFAOYSA-N,Et,Propargyl,F,Me,C#CCn1c[n+](CC)c(C)c1F,C#CCN1[C]N(CC)C(C)=C1F
IPTXUHAEFKTLLU-UHFFFAOYSA-N,Me,Ethynyl,H,F,C#Cn1cc(F)[n+](C)c1,C#CN1[C]N(C)C(F)=C1
IPVBTTNJPZVNBG-UHFFFAOYSA-N,nBu,iPr,NH2,CN,CCCC[n+]1cn(C(C)C)c(N)c1C#N,CCCCN1[C]N(C(C)C)C(N)=C1C#N
IQRKIWZBIJVRCJ-UHFFFAOYSA-N,nBu,Ethynyl,F,CF3,C#Cn1c[n+](CCCC)c(C(F)(F)F)c1F,C#CN1[C]N(CCCC)C(C(F)(F)F)=C1F
IRGYIGCJMBSASN-UHFFFAOYSA-N,Me,Ph,F,OMe,COc1c(F)n(-c2ccccc2)c[n+]1C,COC1=C(F)N(c2ccccc2)[C]N1C
IRJLCUAAKOVVIP-UHFFFAOYSA-N,Me,Ethynyl,CF3,NO2,C#Cn1c[n+](C)c([N+](=O)[O-])c1C(F)(F)F,C#CN1[C]N(C)C([N+](=O)[O-])=C1C(F)(F)F
IRQWYWISPUGHHU-UHFFFAOYSA-N,tBu,Ethynyl,NH2,NO2,C#Cn1c[n+](C(C)(C)C)c([N+](=O)[O-])c1N,C#CN1[C]N(C(C)(C)C)C([N+](=O)[O-])=C1N
ISSXXMAXQSQRCT-UHFFFAOYSA-N,Me,Propargyl,NH2,F,C#CCn1c[n+](C)c(F)c1N,C#CCN1[C]N(C)C(F)=C1N
IUMBXXVZQGGVRT-UHFFFAOYSA-N,nBu,Ethynyl,CF3,NO2,C#Cn1c[n+](CCCC)c([N+](=O)[O-])c1C(F)(F)F,C#CN1[C]N(CCCC)C([N+](=O)[O-])=C1C(F)(F)F
IVMZTUTXWBWDDB-UHFFFAOYSA-N,Et,Ph,F,CF3,CC[n+]1cn(-c2ccccc2)c(F)c1C(F)(F)F,CCN1[C]N(c2ccccc2)C(F)=C1C(F)(F)F
IWPRIQFDEZMCNQ-UHFFFAOYSA-N,tBu,Propargyl,F,CN,C#CCn1c[n+](C(C)(C)C)c(C#N)c1F,C#CCN1[C]N(C(C)(C)C)C(C#N)=C1F
IYUMLWHXPQNJTD-UHFFFAOYSA-N,Et,tBu,H,CF3,CC[n+]1cn(C(C)(C)C)cc1C(F)(F)F,CCN1[C]N(C(C)(C)C)C=C1C(F)(F)F
IYURKGKENVZSGN-UHFFFAOYSA-N,tBu,Ph,H,CN,CC(C)(C)[n+]1cn(-c2ccccc2)cc1C#N,CC(C)(C)N1[C]N(c2ccccc2)C=C1C#N
IYYQFTPEFIMXFC-UHFFFAOYSA-N,Et,Allyl,CN,NH2,C=CCn1c[n+](CC)c(N)c1C#N,C=CCN1[C]N(CC)C(N)=C1C#N
IZHTYBQRYYYVRZ-UHFFFAOYSA-N,Me,Ph,CN,NO2,C[n+]1cn(-c2ccccc2)c(C#N)c1[N+](=O)[O-],CN1[C]N(c2ccccc2)C(C#N)=C1[N+](=O)[O-]
JBDBWFGAMMEDAT-UHFFFAOYSA-N,nBu,Ph,NH2,NH2,CCCC[n+]1cn(-c2ccccc2)c(N)c1N,CCCCN1[C]N(c2ccccc2)C(N)=C1N
JCJKUEGIXPZFRG-UHFFFAOYSA-N,Vinyl,Ph,OMe,F,C=C[n+]1cn(-c2ccccc2)c(OC)c1F,C=CN1[C]N(c2ccccc2)C(OC)=C1F
JCYVYUCMKGZUHD-UHFFFAOYSA-N,Me,Allyl,CF3,NH2,C=CCn1c[n+](C)c(N)c1C(F)(F)F,C=CCN1[C]N(C)C(N)=C1C(F)(F)F
JDHYDZNLCDDZBR-UHFFFAOYSA-N,Me,Ethynyl,NO2,NH2,C#Cn1c[n+](C)c(N)c1[N+](=O)[O-],C#CN1[C]N(C)C(N)=C1[N+](=O)[O-]
JDLHQJLKRXTOPO-UHFFFAOYSA-N,Et,Vinyl,F,NO2,C=Cn1c[n+](CC)c([N+](=O)[O-])c1F,C=CN1[C]N(CC)C([N+](=O)[O-])=C1F
JECANEYRVZYQBQ-UHFFFAOYSA-N,Et,Ph,NH2,F,CC[n+]1cn(-c2ccccc2)c(N)c1F,CCN1[C]N(c2ccccc2)C(N)=C1F
JEKUPZHTQUDCPX-UHFFFAOYSA-N,Me,tBu,OMe,OMe,COc1c(OC)[n+](C)cn1C(C)(C)C,COC1=C(OC)N(C(C)(C)C)[C]N1C
JEOIHOACFUHHGI-UHFFFAOYSA-N,tBu,Vinyl,H,NH2,C=Cn1cc(N)[n+](C(C)(C)C)c1,C=CN1[C]N(C(C)(C)C)C(N)=C1
JEVAAWYUGZXTCP-UHFFFAOYSA-N,tBu,Ethynyl,CN,H,C#Cn1c[n+](C(C)(C)C)cc1C#N,C#CN1[C]N(C(C)(C)C)C=C1C#N
JFWIVDSPYBBZHJ-UHFFFAOYSA-N,Et,Allyl,CN,H,C=CCn1c[n+](CC)cc1C#N,C=CCN1[C]N(CC)C=C1C#N
JGLXHVMLWJYWON-UHFFFAOYSA-N,Et,Allyl,CF3,OMe,C=CCn1c[n+](CC)c(OC)c1C(F)(F)F,C=CCN1[C]N(CC)C(OC)=C1C(F)(F)F
JGRQAJHCODGGKK-UHFFFAOYSA-N,Et,Ethynyl,NO2,NH2,C#Cn1c[n+](CC)c(N)c1[N+](=O)[O-],C#CN1[C]N(CC)C(N)=C1[N+](=O)[O-]
JGVDLXACBNMJEQ-UHFFFAOYSA-N,Me,tBu,CN,H,C[n+]1cc(C#N)n(C(C)(C)C)c1,CN1[C]N(C(C)(C)C)C(C#N)=C1
JGYBXFZEGPBPRZ-UHFFFAOYSA-N,Me,Allyl,F,H,C=CCn1c[n+](C)cc1F,C=CCN1[C]N(C)C=C1F
JHHXYXNYBPTLIV-UHFFFAOYSA-N,nBu,Ethynyl,NH2,H,C#Cn1c[n+](CCCC)cc1N,C#CN1[C]N(CCCC)C=C1N
JHVCUGXKNHXZAP-UHFFFAOYSA-N,Et,Vinyl,F,Me,C=Cn1c[n+](CC)c(C)c1F,C=CN1[C]N(CC)C(C)=C1F
JHXHPPJYNHUSTP-UHFFFAOYSA-N,nBu,Propargyl,OMe,OMe,C#CCn1c[n+](CCCC)c(OC)c1OC,C#CCN1[C]N(CCCC)C(OC)=C1OC
JIDOMGGCFQQTLH-UHFFFAOYSA-N,Et,tBu,OMe,H,CC[n+]1cc(OC)n(C(C)(C)C)c1,CCN1[C]N(C(C)(C)C)C(OC)=C1
JIEHVLIQDXISSY-UHFFFAOYSA-N,nBu,Allyl,NH2,F,C=CCn1c[n+](CCCC)c(F)c1N,C=CCN1[C]N(CCCC)C(F)=C1N
JIJDPBYBDYQCON-UHFFFAOYSA-N,Et,Vinyl,CF3,F,C=Cn1c[n+](CC)c(F)c1C(F)(F)F,C=CN1[C]N(CC)C(F)=C1C(F)(F)F
JIKFGSJOJDOQOL-UHFFFAOYSA-N,Me,Ethynyl,H,Me,C#Cn1cc(C)[n+](C)c1,C#CN1[C]N(C)C(C)=C1
JIOMCACGHMSVEI-UHFFFAOYSA-N,Et,Et,H,F,CCn1cc(F)[n+](CC)c1,CCN1[C]N(CC)C(F)=C1
JJFUBJMFQXUAHW-UHFFFAOYSA-N,tBu,Ethynyl,NO2,NH2,C#Cn1c[n+](C(C)(C)C)c(N)c1[N+](=O)[O-],C#CN1[C]N(C(C)(C)C)C(N)=C1[N+](=O)[O-]
JJKJWRGLZMEOOU-UHFFFAOYSA-N,Vinyl,Ethynyl,NH2,Me,C#Cn1c[n+](C=C)c(C)c1N,C#CN1[C]N(C=C)C(C)=C1N
JKCQIPDELJNCOK-UHFFFAOYSA-N,nBu,Ethynyl,CN,NH2,C#Cn1c[n+](CCCC)c(N)c1C#N,C#CN1[C]N(CCCC)C(N)=C1C#N
JLAMXGWRGYXIKL-UHFFFAOYSA-N,nBu,tBu,CF3,H,CCCC[n+]1cc(C(F)(F)F)n(C(C)(C)C)c1,CCCCN1[C]N(C(C)(C)C)C(C(F)(F)F)=C1
JLBFSFXAEUEYSS-UHFFFAOYSA-N,tBu,Vinyl,H,OMe,C=Cn1cc(OC)[n+](C(C)(C)C)c1,C=CN1[C]N(C(C)(C)C)C(OC)=C1
JMERNTKSRMIHBT-UHFFFAOYSA-N,tBu,Ethynyl,CF3,Me,C#Cn1c[n+](C(C)(C)C)c(C)c1C(F)(F)F,C#CN1[C]N(C(C)(C)C)C(C)=C1C(F)(F)F
JMLYMOKKGQZMMS-UHFFFAOYSA-N,tBu,Ethynyl,F,H,C#Cn1c[n+](C(C)(C)C)cc1F,C#CN1[C]N(C(C)(C)C)C=C1F
JMNVIZUZOUAJBD-UHFFFAOYSA-N,Et,tBu,F,NO2,CC[n+]1cn(C(C)(C)C)c(F)c1[N+](=O)[O-],CCN1[C]N(C(C)(C)C)C(F)=C1[N+](=O)[O-]
JMROPCZRPOCMBT-UHFFFAOYSA-N,tBu,Allyl,CN,Me,C=CCn1c[n+](C(C)(C)C)c(C)c1C#N,C=CCN1[C]N(C(C)(C)C)C(C)=C1C#N
JNAGDOVYRJWIGZ-UHFFFAOYSA-N,nBu,tBu,F,CN,CCCC[n+]1cn(C(C)(C)C)c(F)c1C#N,CCCCN1[C]N(C(C)(C)C)C(F)=C1C#N
JNEHMXHBLYNNAK-UHFFFAOYSA-N,Me,iPr,F,Me,Cc1c(F)n(C(C)C)c[n+]1C,CC1=C(F)N(C(C)C)[C]N1C
JNKPRWRFDPKLQP-UHFFFAOYSA-N,Vinyl,Ethynyl,CN,NO2,C#Cn1c[n+](C=C)c([N+](=O)[O-])c1C#N,C#CN1[C]N(C=C)C([N+](=O)[O-])=C1C#N
JNMWQRLSXUIEKZ-UHFFFAOYSA-N,nBu,Ph,CF3,NO2,CCCC[n+]1cn(-c2ccccc2)c(C(F)(F)F)c1[N+](=O)[O-],CCCCN1[C]N(c2ccccc2)C(C(F)(F)F)=C1[N+](=O)[O-]
JNPBTAOLMKVUKW-UHFFFAOYSA-N,Et,iPr,CN,OMe,CC[n+]1cn(C(C)C)c(C#N)c1OC,CCN1[C]N(C(C)C)C(C#N)=C1OC
JODLRVPWGJMYCI-UHFFFAOYSA-N,Et,iPr,NH2,CN,CC[n+]1cn(C(C)C)c(N)c1C#N,CCN1[C]N(C(C)C)C(N)=C1C#N
JOLQPIOHEWLLPS-UHFFFAOYSA-N,Vinyl,Ethynyl,CN,NH2,C#Cn1c[n+](C=C)c(N)c1C#N,C#CN1[C]N(C=C)C(N)=C1C#N
JPFSBCMKAKAXHQ-UHFFFAOYSA-N,nBu,tBu,CN,CN,CCCC[n+]1cn(C(C)(C)C)c(C#N)c1C#N,CCCCN1[C]N(C(C)(C)C)C(C#N)=C1C#N
JPHOLSQLOVNPHQ-UHFFFAOYSA-N,Et,Allyl,CN,CN,C=CCn1c[n+](CC)c(C#N)c1C#N,C=CCN1[C]N(CC)C(C#N)=C1C#N
JPJNFACWEKSQET-UHFFFAOYSA-N,tBu,Allyl,CN,NH2,C=CCn1c[n+](C(C)(C)C)c(N)c1C#N,C=CCN1[C]N(C(C)(C)C)C(N)=C1C#N
JPPLYFMDJLJVKH-UHFFFAOYSA-N,Vinyl,Ph,F,OMe,C=C[n+]1cn(-c2ccccc2)c(F)c1OC,C=CN1[C]N(c2ccccc2)C(F)=C1OC
JRECJLKEABOYBT-UHFFFAOYSA-N,Me,tBu,H,CF3,C[n+]1cn(C(C)(C)C)cc1C(F)(F)F,CN1[C]N(C(C)(C)C)C=C1C(F)(F)F
JSAVRYHMCQXBNC-UHFFFAOYSA-N,Et,iPr,NO2,NH2,CC[n+]1cn(C(C)C)c([N+](=O)[O-])c1N,CCN1[C]N(C(C)C)C([N+](=O)[O-])=C1N
JSBKQGALUVXALX-UHFFFAOYSA-N,Vinyl,Ethynyl,OMe,OMe,C#Cn1c[n+](C=C)c(OC)c1OC,C#CN1[C]N(C=C)C(OC)=C1OC
JSBVTEJTGCCMIM-UHFFFAOYSA-N,tBu,Allyl,CF3,CN,C=CCn1c[n+](C(C)(C)C)c(C#N)c1C(F)(F)F,C=CCN1[C]N(C(C)(C)C)C(C#N)=C1C(F)(F)F
JSEQONOBXWIDJQ-UHFFFAOYSA-N,Me,Propargyl,CF3,NO2,C#CCn1c[n+](C)c([N+](=O)[O-])c1C(F)(F)F,C#CCN1[C]N(C)C([N+](=O)[O-])=C1C(F)(F)F
JSJNYHRKSCOACF-UHFFFAOYSA-N,Ethynyl,Propargyl,NO2,CF3,C#CCn1c[n+](C#C)c(C(F)(F)F)c1[N+](=O)[O-],C#CCN1[C]N(C#C)C(C(F)(F)F)=C1[N+](=O)[O-]
JSOINBYCPTZWGE-UHFFFAOYSA-N,nBu,tBu,NH2,NH2,CCCC[n+]1cn(C(C)(C)C)c(N)c1N,CCCCN1[C]N(C(C)(C)C)C(N)=C1N
JSXVRLSSWQDQFG-UHFFFAOYSA-N,tBu,Ph,CF3,NH2,CC(C)(C)[n+]1cn(-c2ccccc2)c(C(F)(F)F)c1N,CC(C)(C)N1[C]N(c2ccccc2)C(C(F)(F)F)=C1N
JTNUHKQMMQUCAX-UHFFFAOYSA-N,nBu,Propargyl,OMe,CF3,C#CCn1c[n+](CCCC)c(C(F)(F)F)c1OC,C#CCN1[C]N(CCCC)C(C(F)(F)F)=C1OC
JTZJTVLHNMUHHF-UHFFFAOYSA-N,nBu,Allyl,CN,CN,C=CCn1c[n+](CCCC)c(C#N)c1C#N,C=CCN1[C]N(CCCC)C(C#N)=C1C#N
JUMFOSQGNLCNEJ-UHFFFAOYSA-N,nBu,tBu,OMe,CF3,CCCC[n+]1cn(C(C)(C)C)c(OC)c1C(F)(F)F,CCCCN1[C]N(C(C)(C)C)C(OC)=C1C(F)(F)F
JUZXDJPXDHPFSX-UHFFFAOYSA-N,Vinyl,Ethynyl,F,NO2,C#Cn1c[n+](C=C)c([N+](=O)[O-])c1F,C#CN1[C]N(C=C)C([N+](=O)[O-])=C1F
JVCSWBUKXUADCH-UHFFFAOYSA-N,Vinyl,Ethynyl,CF3,NH2,C#Cn1c[n+](C=C)c(N)c1C(F)(F)F,C#CN1[C]N(C=C)C(N)=C1C(F)(F)F
JVFVCUNTCAIDFL-UHFFFAOYSA-N,tBu,Ethynyl,H,F,C#Cn1cc(F)[n+](C(C)(C)C)c1,C#CN1[C]N(C(C)(C)C)C(F)=C1
JVTVLUBWKGNNRU-UHFFFAOYSA-N,Ethynyl,Ethynyl,NO2,CF3,C#Cn1c[n+](C#C)c(C(F)(F)F)c1[N+](=O)[O-],C#CN1[C]N(C#C)C(C(F)(F)F)=C1[N+](=O)[O-]
JVVJXIDPHQUZJF-UHFFFAOYSA-N,tBu,Ethynyl,NH2,CN,C#Cn1c[n+](C(C)(C)C)c(C#N)c1N,C#CN1[C]N(C(C)(C)C)C(C#N)=C1N
JWAMINXTVIWVKT-UHFFFAOYSA-N,nBu,iPr,H,Me,CCCC[n+]1cn(C(C)C)cc1C,CCCCN1[C]N(C(C)C)C=C1C
JWCBBKGRURSFNP-UHFFFAOYSA-N,Me,Et,NH2,F,CCn1c[n+](C)c(F)c1N,CCN1[C]N(C)C(F)=C1N
JWENJPJUYWROBQ-UHFFFAOYSA-N,Me,Ph,NO2,OMe,COc1c([N+](=O)[O-])n(-c2ccccc2)c[n+]1C,COC1=C([N+](=O)[O-])N(c2ccccc2)[C]N1C
JWKLEOHOQWGLMC-UHFFFAOYSA-N,tBu,Allyl,H,F,C=CCn1cc(F)[n+](C(C)(C)C)c1,C=CCN1[C]N(C(C)(C)C)C(F)=C1
JWXVIMOHHHPNFE-UHFFFAOYSA-N,Ethynyl,Propargyl,H,F,C#CCn1cc(F)[n+](C#C)c1,C#CCN1[C]N(C#C)C(F)=C1
JWXYUKRXUZQOMI-UHFFFAOYSA-N,nBu,Allyl,NO2,CF3,C=CCn1c[n+](CCCC)c(C(F)(F)F)c1[N+](=O)[O-],C=CCN1[C]N(CCCC)C(C(F)(F)F)=C1[N+](=O)[O-]
JXJKIQKELXCUPO-UHFFFAOYSA-N,Vinyl,Propargyl,NO2,H,C#CCn1c[n+](C=C)cc1[N+](=O)[O-],C#CCN1[C]N(C=C)C=C1[N+](=O)[O-]
JXNZTKDLQLDZBS-UHFFFAOYSA-N,Et,iPr,OMe,NH2,CC[n+]1cn(C(C)C)c(OC)c1N,CCN1[C]N(C(C)C)C(OC)=C1N
JXVJWFOARGUMAD-UHFFFAOYSA-N,Et,Ethynyl,H,Me,C#Cn1cc(C)[n+](CC)c1,C#CN1[C]N(CC)C(C)=C1
JYISYYNTNDWRCU-UHFFFAOYSA-N,nBu,iPr,NH2,OMe,CCCC[n+]1cn(C(C)C)c(N)c1OC,CCCCN1[C]N(C(C)C)C(N)=C1OC
JYJKNGUYBQWPAM-UHFFFAOYSA-N,Vinyl,Ph,CN,CN,C=C[n+]1cn(-c2ccccc2)c(C#N)c1C#N,C=CN1[C]N(c2ccccc2)C(C#N)=C1C#N
JYPBBPKRMIPNNC-UHFFFAOYSA-N,Et,iPr,NO2,F,CC[n+]1cn(C(C)C)c([N+](=O)[O-])c1F,CCN1[C]N(C(C)C)C([N+](=O)[O-])=C1F
JYSGNXHDJHOCPO-UHFFFAOYSA-N,nBu,Ph,NH2,CF3,CCCC[n+]1cn(-c2ccccc2)c(N)c1C(F)(F)F,CCCCN1[C]N(c2ccccc2)C(N)=C1C(F)(F)F
JYTNBAYICKASNT-UHFFFAOYSA-N,nBu,Ethynyl,NH2,OMe,C#Cn1c[n+](CCCC)c(OC)c1N,C#CN1[C]N(CCCC)C(OC)=C1N
JZUIBVXQIHRROI-UHFFFAOYSA-N,Me,Et,CN,OMe,CCn1c[n+](C)c(OC)c1C#N,CCN1[C]N(C)C(OC)=C1C#N
JZZKDFHIDXGOFU-UHFFFAOYSA-N,nBu,Propargyl,CF3,CN,C#CCn1c[n+](CCCC)c(C#N)c1C(F)(F)F,C#CCN1[C]N(CCCC)C(C#N)=C1C(F)(F)F
KABOFOITQFFSDM-UHFFFAOYSA-N,Et,iPr,CN,NO2,CC[n+]1cn(C(C)C)c(C#N)c1[N+](=O)[O-],CCN1[C]N(C(C)C)C(C#N)=C1[N+](=O)[O-]
KBQYKQPGPAELRU-UHFFFAOYSA-N,Et,Allyl,H,NO2,C=CCn1cc([N+](=O)[O-])[n+](CC)c1,C=CCN1[C]N(CC)C([N+](=O)[O-])=C1
KCUVPMRRMTXKMA-UHFFFAOYSA-N,nBu,Ph,CF3,F,CCCC[n+]1cn(-c2ccccc2)c(C(F)(F)F)c1F,CCCCN1[C]N(c2ccccc2)C(C(F)(F)F)=C1F
KCXLRUYCEUKAPF-UHFFFAOYSA-N,Et,tBu,F,CF3,CC[n+]1cn(C(C)(C)C)c(F)c1C(F)(F)F,CCN1[C]N(C(C)(C)C)C(F)=C1C(F)(F)F
KDKAZMZMWZXIBF-UHFFFAOYSA-N,Me,Vinyl,CF3,CF3,C=Cn1c[n+](C)c(C(F)(F)F)c1C(F)(F)F,C=CN1[C]N(C)C(C(F)(F)F)=C1C(F)(F)F
KDNRPQMRZOVXBF-UHFFFAOYSA-N,Et,Ethynyl,H,F,C#Cn1cc(F)[n+](CC)c1,C#CN1[C]N(CC)C(F)=C1
KDUGZPVTQMWPOX-UHFFFAOYSA-N,Me,Propargyl,CN,F,C#CCn1c[n+](C)c(F)c1C#N,C#CCN1[C]N(C)C(F)=C1C#N
KEEZXKUBTBWNKX-UHFFFAOYSA-N,Vinyl,Propargyl,NO2,NO2,C#CCn1c[n+](C=C)c([N+](=O)[O-])c1[N+](=O)[O-],C#CCN1[C]N(C=C)C([N+](=O)[O-])=C1[N+](=O)[O-]
KEGLJXPRUBHKNU-UHFFFAOYSA-N,Vinyl,Ethynyl,NH2,CF3,C#Cn1c[n+](C=C)c(C(F)(F)F)c1N,C#CN1[C]N(C=C)C(C(F)(F)F)=C1N
KEKDPXNAPHITKP-UHFFFAOYSA-N,Ethynyl,Propargyl,H,NH2,C#CCn1cc(N)[n+](C#C)c1,C#CCN1[C]N(C#C)C(N)=C1
KENPJCLYNDZTQZ-UHFFFAOYSA-N,Et,Ethynyl,NO2,CN,C#Cn1c[n+](CC)c(C#N)c1[N+](=O)[O-],C#CN1[C]N(CC)C(C#N)=C1[N+](=O)[O-]
KEQVUXHZHOPHDF-UHFFFAOYSA-N,Et,Ph,NH2,CF3,CC[n+]1cn(-c2ccccc2)c(N)c1C(F)(F)F,CCN1[C]N(c2ccccc2)C(N)=C1C(F)(F)F
KFCXPLDDOAHCPE-UHFFFAOYSA-N,Me,iPr,H,NO2,CC(C)n1cc([N+](=O)[O-])[n+](C)c1,CC(C)N1[C]N(C)C([N+](=O)[O-])=C1
KFJJHLIVKMOWMN-UHFFFAOYSA-N,Et,Ethynyl,CN,CF3,C#Cn1c[n+](CC)c(C(F)(F)F)c1C#N,C#CN1[C]N(CC)C(C(F)(F)F)=C1C#N
KFQJKMSJNCAGGP-UHFFFAOYSA-N,Me,Ph,OMe,NO2,COc1c([N+](=O)[O-])[n+](C)cn1-c1ccccc1,COC1=C([N+](=O)[O-])N(C)[C]N1c1ccccc1
KFSYXEHWEAIPIQ-UHFFFAOYSA-N,Me,Allyl,CF3,OMe,C=CCn1c[n+](C)c(OC)c1C(F)(F)F,C=CCN1[C]N(C)C(OC)=C1C(F)(F)F
KFTSFNWUHZXCDK-UHFFFAOYSA-N,Et,Ph,NH2,CN,CC[n+]1cn(-c2ccccc2)c(N)c1C#N,CCN1[C]N(c2ccccc2)C(N)=C1C#N
KFVQBLGLNDNFCW-UHFFFAOYSA-N,Me,Propargyl,CF3,OMe,C#CCn1c[n+](C)c(OC)c1C(F)(F)F,C#CCN1[C]N(C)C(OC)=C1C(F)(F)F
KGKOUFRDCKEOHJ-UHFFFAOYSA-N,Ethynyl,Propargyl,NH2,OMe,C#CCn1c[n+](C#C)c(OC)c1N,C#CCN1[C]N(C#C)C(OC)=C1N
KGWNNBKISKVYED-UHFFFAOYSA-N,tBu,Propargyl,NH2,CN,C#CCn1c[n+](C(C)(C)C)c(C#N)c1N,C#CCN1[C]N(C(C)(C)C)C(C#N)=C1N
KHFUUQMMQDYPMY-UHFFFAOYSA-N,nBu,Propargyl,H,NO2,C#CCn1cc([N+](=O)[O-])[n+](CCCC)c1,C#CCN1[C]N(CCCC)C([N+](=O)[O-])=C1
KHLJFZCLAVWYBA-UHFFFAOYSA-N,Et,iPr,CN,Me,CC[n+]1cn(C(C)C)c(C#N)c1C,CCN1[C]N(C(C)C)C(C#N)=C1C
KHSPVFGJJQROJA-UHFFFAOYSA-N,Me,Ethynyl,F,F,C#Cn1c[n+](C)c(F)c1F,C#CN1[C]N(C)C(F)=C1F
KHUJTXPNFMFTIC-UHFFFAOYSA-N,Me,Me,CF3,NH2,Cn1c[n+](C)c(N)c1C(F)(F)F,CN1[C]N(C)C(C(F)(F)F)=C1N
KIVBYLZTUCFFNG-UHFFFAOYSA-N,nBu,Allyl,NO2,NH2,C=CCn1c[n+](CCCC)c(N)c1[N+](=O)[O-],C=CCN1[C]N(CCCC)C(N)=C1[N+](=O)[O-]
KIWGRJNFRYQKHW-UHFFFAOYSA-N,nBu,iPr,CF3,H,CCCC[n+]1cc(C(F)(F)F)n(C(C)C)c1,CCCCN1[C]N(C(C)C)C(C(F)(F)F)=C1
KJAUUCPQKCYFOW-UHFFFAOYSA-N,Ethynyl,Ph,OMe,NH2,C#C[n+]1cn(-c2ccccc2)c(OC)c1N,C#CN1[C]N(c2ccccc2)C(OC)=C1N
KJBORJMRDBBHEO-UHFFFAOYSA-N,Me,Et,NH2,OMe,CCn1c[n+](C)c(OC)c1N,CCN1[C]N(C)C(OC)=C1N
KJKQLOPMSVZPBM-UHFFFAOYSA-N,tBu,Ethynyl,NO2,CF3,C#Cn1c[n+](C(C)(C)C)c(C(F)(F)F)c1[N+](=O)[O-],C#CN1[C]N(C(C)(C)C)C(C(F)(F)F)=C1[N+](=O)[O-]
KJTMGJPRNWDZMN-UHFFFAOYSA-N,nBu,Vinyl,F,OMe,C=Cn1c[n+](CCCC)c(OC)c1F,C=CN1[C]N(CCCC)C(OC)=C1F
KKMFBBHKDYZOOG-UHFFFAOYSA-N,nBu,Vinyl,CF3,H,C=Cn1c[n+](CCCC)cc1C(F)(F)F,C=CN1[C]N(CCCC)C=C1C(F)(F)F
KKYHJPIAIFYAQC-UHFFFAOYSA-N,Ethynyl,Ph,F,CN,C#C[n+]1cn(-c2ccccc2)c(F)c1C#N,C#CN1[C]N(c2ccccc2)C(F)=C1C#N
KLHBAPBKWDFSRS-UHFFFAOYSA-N,nBu,Allyl,NH2,NH2,C=CCn1c[n+](CCCC)c(N)c1N,C=CCN1[C]N(CCCC)C(N)=C1N
KLHWWIUEYQOPDV-UHFFFAOYSA-N,Et,Ethynyl,CF3,F,C#Cn1c[n+](CC)c(F)c1C(F)(F)F,C#CN1[C]N(CC)C(F)=C1C(F)(F)F
KMGFNMXFGWNLPH-UHFFFAOYSA-N,Me,iPr,NH2,H,CC(C)n1c[n+](C)cc1N,CC(C)N1[C]N(C)C=C1N
KMZWFFURCHWLNG-UHFFFAOYSA-N,Ethynyl,Ph,CN,NH2,C#C[n+]1cn(-c2ccccc2)c(C#N)c1N,C#CN1[C]N(c2ccccc2)C(C#N)=C1N
KNHKKACQCKFXSC-UHFFFAOYSA-N,Me,Propargyl,NO2,OMe,C#CCn1c[n+](C)c(OC)c1[N+](=O)[O-],C#CCN1[C]N(C)C(OC)=C1[N+](=O)[O-]
KNKIYCCTNRYZIX-UHFFFAOYSA-N,Et,tBu,NH2,NH2,CC[n+]1cn(C(C)(C)C)c(N)c1N,CCN1[C]N(C(C)(C)C)C(N)=C1N
KNKXNMQHMLDKMX-UHFFFAOYSA-N,Et,iPr,CF3,CN,CC[n+]1cn(C(C)C)c(C(F)(F)F)c1C#N,CCN1[C]N(C(C)C)C(C(F)(F)F)=C1C#N
KNTCEKHMYSXYJP-UHFFFAOYSA-N,Ethynyl,Ph,OMe,NO2,C#C[n+]1cn(-c2ccccc2)c(OC)c1[N+](=O)[O-],C#CN1[C]N(c2ccccc2)C(OC)=C1[N+](=O)[O-]
KNTYRJWFGFNIJY-UHFFFAOYSA-N,Et,Allyl,H,CF3,C=CCn1cc(C(F)(F)F)[n+](CC)c1,C=CCN1[C]N(CC)C(C(F)(F)F)=C1
KOEZEKBPQYVPON-UHFFFAOYSA-N,Et,Ethynyl,F,CN,C#Cn1c[n+](CC)c(C#N)c1F,C#CN1[C]N(CC)C(C#N)=C1F
KPCIUTASHOTKNA-UHFFFAOYSA-N,Et,tBu,NH2,CN,CC[n+]1cn(C(C)(C)C)c(N)c1C#N,CCN1[C]N(C(C)(C)C)C(N)=C1C#N
KPCULZSSZHLZAS-UHFFFAOYSA-N,Et,Vinyl,H,OMe,C=Cn1cc(OC)[n+](CC)c1,C=CN1[C]N(CC)C(OC)=C1
KPOLXZWBUMRBEB-UHFFFAOYSA-N,tBu,Ph,OMe,H,COc1c[n+](C(C)(C)C)cn1-c1ccccc1,COC1=CN(C(C)(C)C)[C]N1c1ccccc1
KPPYVNIAMDAESZ-UHFFFAOYSA-N,tBu,tBu,CF3,CF3,CC(C)(C)n1c[n+](C(C)(C)C)c(C(F)(F)F)c1C(F)(F)F,CC(C)(C)N1[C]N(C(C)(C)C)C(C(F)(F)F)=C1C(F)(F)F
KQCUHSKGQSHPHN-UHFFFAOYSA-N,Et,iPr,H,OMe,CC[n+]1cn(C(C)C)cc1OC,CCN1[C]N(C(C)C)C=C1OC
KQGKQLUVALPKDG-UHFFFAOYSA-N,Et,Vinyl,NH2,F,C=Cn1c[n+](CC)c(F)c1N,C=CN1[C]N(CC)C(F)=C1N
KQLDBBDQTYPHEN-UHFFFAOYSA-N,Vinyl,Ethynyl,H,NH2,C#Cn1cc(N)[n+](C=C)c1,C#CN1[C]N(C=C)C(N)=C1
KQRVZXZGNALYDD-UHFFFAOYSA-N,Ethynyl,Ph,NH2,CF3,C#C[n+]1cn(-c2ccccc2)c(N)c1C(F)(F)F,C#CN1[C]N(c2ccccc2)C(N)=C1C(F)(F)F
KRAPLPHERXLGDI-UHFFFAOYSA-N,Me,Allyl,H,CN,C=CCn1cc(C#N)[n+](C)c1,C=CCN1[C]N(C)C(C#N)=C1
KRHVFXOUKBZCET-UHFFFAOYSA-N,Et,tBu,OMe,NO2,CC[n+]1cn(C(C)(C)C)c(OC)c1[N+](=O)[O-],CCN1[C]N(C(C)(C)C)C(OC)=C1[N+](=O)[O-]
KRNPZMJHMQCGFK-UHFFFAOYSA-N,Et,iPr,F,H,CC[n+]1cc(F)n(C(C)C)c1,CCN1[C]N(C(C)C)C(F)=C1
KRQHJEGUWIMTFR-UHFFFAOYSA-N,Me,Vinyl,H,NO2,C=Cn1cc([N+](=O)[O-])[n+](C)c1,C=CN1[C]N(C)C([N+](=O)[O-])=C1
KRYWAQSXYQJTOM-UHFFFAOYSA-N,nBu,Ethynyl,CF3,F,C#Cn1c[n+](CCCC)c(F)c1C(F)(F)F,C#CN1[C]N(CCCC)C(F)=C1C(F)(F)F
KSOWPCUTFNAQDU-UHFFFAOYSA-N,Et,Et,H,CN,CCn1cc(C#N)[n+](CC)c1,CCN1[C]N(CC)C(C#N)=C1
KSPQISQPUIALKY-UHFFFAOYSA-N,Ethynyl,Propargyl,F,CN,C#CCn1c[n+](C#C)c(C#N)c1F,C#CCN1[C]N(C#C)C(C#N)=C1F
KSRCVMBIOYURHX-UHFFFAOYSA-N,nBu,Ethynyl,H,H,C#Cn1cc[n+](CCCC)c1,C#CN1[C]N(CCCC)C=C1
KSXAXGHAXUTWTP-UHFFFAOYSA-N,Ethynyl,Propargyl,NO2,OMe,C#CCn1c[n+](C#C)c(OC)c1[N+](=O)[O-],C#CCN1[C]N(C#C)C(OC)=C1[N+](=O)[O-]
KTIKRVUOTPKDSR-UHFFFAOYSA-N,Et,Propargyl,OMe,Me,C#CCn1c[n+](CC)c(C)c1OC,C#CCN1[C]N(CC)C(C)=C1OC
KTUUQTXWKUFDAD-UHFFFAOYSA-N,Me,Ethynyl,NO2,Me,C#Cn1c[n+](C)c(C)c1[N+](=O)[O-],C#CN1[C]N(C)C(C)=C1[N+](=O)[O-]
KUCCYCBAAWQVTH-UHFFFAOYSA-N,Me,Vinyl,OMe,CF3,C=Cn1c[n+](C)c(C(F)(F)F)c1OC,C=CN1[C]N(C)C(C(F)(F)F)=C1OC
KUPKOCXYLAJTOD-UHFFFAOYSA-N,Me,tBu,NH2,OMe,COc1c(N)n(C(C)(C)C)c[n+]1C,COC1=C(N)N(C(C)(C)C)[C]N1C
KUQKJVRQJCVYQW-UHFFFAOYSA-N,Vinyl,Propargyl,H,H,C#CCn1cc[n+](C=C)c1,C#CCN1[C]N(C=C)C=C1
KUSXNJIWWJIMKR-UHFFFAOYSA-N,Et,Propargyl,NH2,Me,C#CCn1c[n+](CC)c(C)c1N,C#CCN1[C]N(CC)C(C)=C1N
KVOBHSBENDWECR-UHFFFAOYSA-N,Et,iPr,H,CF3,CC[n+]1cn(C(C)C)cc1C(F)(F)F,CCN1[C]N(C(C)C)C=C1C(F)(F)F
KVUNFORGQCPXAN-UHFFFAOYSA-N,nBu,Propargyl,CF3,CF3,C#CCn1c[n+](CCCC)c(C(F)(F)F)c1C(F)(F)F,C#CCN1[C]N(CCCC)C(C(F)(F)F)=C1C(F)(F)F
KWIVUCLLCJRACK-UHFFFAOYSA-N,Vinyl,Allyl,CF3,OMe,C=CCn1c[n+](C=C)c(OC)c1C(F)(F)F,C=CCN1[C]N(C=C)C(OC)=C1C(F)(F)F
KWJVHIRQWGLFOQ-UHFFFAOYSA-N,nBu,Ph,F,Me,CCCC[n+]1cn(-c2ccccc2)c(F)c1C,CCCCN1[C]N(c2ccccc2)C(F)=C1C
KXJCPYGJAAAJDD-UHFFFAOYSA-N,tBu,Ph,NH2,OMe,COc1c(N)n(-c2ccccc2)c[n+]1C(C)(C)C,COC1=C(N)N(c2ccccc2)[C]N1C(C)(C)C
KXKLDJPGRIVXQG-UHFFFAOYSA-N,nBu,Propargyl,CN,H,C#CCn1c[n+](CCCC)cc1C#N,C#CCN1[C]N(CCCC)C=C1C#N
KXNHDMZPFHDWEG-UHFFFAOYSA-N,nBu,Allyl,CN,CF3,C=CCn1c[n+](CCCC)c(C(F)(F)F)c1C#N,C=CCN1[C]N(CCCC)C(C(F)(F)F)=C1C#N
KXUXTSSXAPOKJN-UHFFFAOYSA-N,Ethynyl,Ethynyl,NH2,NH2,C#Cn1c[n+](C#C)c(N)c1N,C#CN1[C]N(C#C)C(N)=C1N
KXYZHLJUPVVWHS-UHFFFAOYSA-N,Vinyl,Ethynyl,H,CN,C#Cn1cc(C#N)[n+](C=C)c1,C#CN1[C]N(C=C)C(C#N)=C1
KYEUINBBTICJPV-UHFFFAOYSA-N,nBu,Propargyl,NO2,CF3,C#CCn1c[n+](CCCC)c(C(F)(F)F)c1[N+](=O)[O-],C#CCN1[C]N(CCCC)C(C(F)(F)F)=C1[N+](=O)[O-]
KYJIOGCIXQEWPI-UHFFFAOYSA-N,Me,Allyl,H,NO2,C=CCn1cc([N+](=O)[O-])[n+](C)c1,C=CCN1[C]N(C)C([N+](=O)[O-])=C1
KYZGDSZZMXWKQD-UHFFFAOYSA-N,Vinyl,Vinyl,CF3,OMe,C=Cn1c[n+](C=C)c(OC)c1C(F)(F)F,C=CN1[C]N(C=C)C(C(F)(F)F)=C1OC
KZDZADBLFBAILJ-UHFFFAOYSA-N,nBu,Allyl,H,H,C=CCn1cc[n+](CCCC)c1,C=CCN1[C]N(CCCC)C=C1
KZJFSRQIPYETET-UHFFFAOYSA-N,tBu,Propargyl,CF3,OMe,C#CCn1c[n+](C(C)(C)C)c(OC)c1C(F)(F)F,C#CCN1[C]N(C(C)(C)C)C(OC)=C1C(F)(F)F
KZSPPVCDUPRBRO-UHFFFAOYSA-N,tBu,Vinyl,F,OMe,C=Cn1c[n+](C(C)(C)C)c(OC)c1F,C=CN1[C]N(C(C)(C)C)C(OC)=C1F
KZULNMQCAFYEPL-UHFFFAOYSA-N,Et,Vinyl,NH2,CN,C=Cn1c[n+](CC)c(C#N)c1N,C=CN1[C]N(CC)C(C#N)=C1N
KZYKDQNIIMATMJ-UHFFFAOYSA-N,Et,iPr,F,OMe,CC[n+]1cn(C(C)C)c(F)c1OC,CCN1[C]N(C(C)C)C(F)=C1OC
LACJBRKDSXOQJJ-UHFFFAOYSA-N,tBu,Allyl,NO2,F,C=CCn1c[n+](C(C)(C)C)c(F)c1[N+](=O)[O-],C=CCN1[C]N(C(C)(C)C)C(F)=C1[N+](=O)[O-]
LAOXHGBZOHMVLA-UHFFFAOYSA-N,nBu,iPr,OMe,CF3,CCCC[n+]1cn(C(C)C)c(OC)c1C(F)(F)F,CCCCN1[C]N(C(C)C)C(OC)=C1C(F)(F)F
LARJHTUDBSSHOM-UHFFFAOYSA-N,Me,Me,H,F,Cn1cc(F)[n+](C)c1,CN1[C]N(C)C(F)=C1
LAYBWGZWZMOPNC-UHFFFAOYSA-N,Et,Propargyl,NO2,CN,C#CCn1c[n+](CC)c(C#N)c1[N+](=O)[O-],C#CCN1[C]N(CC)C(C#N)=C1[N+](=O)[O-]
LBIOFEVLXWEXLN-UHFFFAOYSA-N,nBu,Allyl,CF3,NO2,C=CCn1c[n+](CCCC)c([N+](=O)[O-])c1C(F)(F)F,C=CCN1[C]N(CCCC)C([N+](=O)[O-])=C1C(F)(F)F
LBSZQJUNEQMDSC-UHFFFAOYSA-N,Et,Et,NO2,NO2,CCn1c[n+](CC)c([N+](=O)[O-])c1[N+](=O)[O-],CCN1[C]N(CC)C([N+](=O)[O-])=C1[N+](=O)[O-]
LCECTXPQZDLMAT-UHFFFAOYSA-N,Vinyl,Ph,H,H,C=C[n+]1ccn(-c2ccccc2)c1,C=CN1[C]N(c2ccccc2)C=C1
LCURJPULJVOUEV-UHFFFAOYSA-N,Ethynyl,Propargyl,OMe,H,C#CCn1c[n+](C#C)cc1OC,C#CCN1[C]N(C#C)C=C1OC
LCVNICJCXNAJKV-UHFFFAOYSA-N,Et,iPr,CN,CF3,CC[n+]1cn(C(C)C)c(C#N)c1C(F)(F)F,CCN1[C]N(C(C)C)C(C#N)=C1C(F)(F)F
LCWHBPLUAHNHLV-UHFFFAOYSA-N,Me,Ethynyl,NH2,OMe,C#Cn1c[n+](C)c(OC)c1N,C#CN1[C]N(C)C(OC)=C1N
LDBOIQFKZGUVQQ-UHFFFAOYSA-N,Ethynyl,Ph,NH2,F,C#C[n+]1cn(-c2ccccc2)c(N)c1F,C#CN1[C]N(c2ccccc2)C(N)=C1F
LDCXYPDLSWBXTN-UHFFFAOYSA-N,nBu,iPr,F,OMe,CCCC[n+]1cn(C(C)C)c(F)c1OC,CCCCN1[C]N(C(C)C)C(F)=C1OC
LDXNUHHIRVGFAC-UHFFFAOYSA-N,Vinyl,Ethynyl,OMe,NO2,C#Cn1c[n+](C=C)c([N+](=O)[O-])c1OC,C#CN1[C]N(C=C)C([N+](=O)[O-])=C1OC
LEJQKTJCLJDQDM-UHFFFAOYSA-N,Me,Propargyl,H,OMe,C#CCn1cc(OC)[n+](C)c1,C#CCN1[C]N(C)C(OC)=C1
LERIARRDKAOANN-UHFFFAOYSA-N,Et,Vinyl,CF3,CN,C=Cn1c[n+](CC)c(C#N)c1C(F)(F)F,C=CN1[C]N(CC)C(C#N)=C1C(F)(F)F
LEZFLWFRXQBGOS-UHFFFAOYSA-N,Et,Vinyl,CN,NO2,C=Cn1c[n+](CC)c([N+](=O)[O-])c1C#N,C=CN1[C]N(CC)C([N+](=O)[O-])=C1C#N
LFAFYKXKGNKSNN-UHFFFAOYSA-N,nBu,Vinyl,H,CN,C=Cn1cc(C#N)[n+](CCCC)c1,C=CN1[C]N(CCCC)C(C#N)=C1
LFBOTHJPLFOKIS-UHFFFAOYSA-N,nBu,Vinyl,F,F,C=Cn1c[n+](CCCC)c(F)c1F,C=CN1[C]N(CCCC)C(F)=C1F
LFLRICLVHONRHD-UHFFFAOYSA-N,Ethynyl,Ph,CF3,OMe,C#C[n+]1cn(-c2ccccc2)c(C(F)(F)F)c1OC,C#CN1[C]N(c2ccccc2)C(C(F)(F)F)=C1OC
LGGNWULERPHFBF-UHFFFAOYSA-N,tBu,Ethynyl,CN,OMe,C#Cn1c[n+](C(C)(C)C)c(OC)c1C#N,C#CN1[C]N(C(C)(C)C)C(OC)=C1C#N
LGHZNZPEZFNEPL-UHFFFAOYSA-N,nBu,Vinyl,H,Me,C=Cn1cc(C)[n+](CCCC)c1,C=CN1[C]N(CCCC)C(C)=C1
LGKGKUOTRRMWCA-UHFFFAOYSA-N,Vinyl,Allyl,CN,NH2,C=CCn1c[n+](C=C)c(N)c1C#N,C=CCN1[C]N(C=C)C(N)=C1C#N
LGWMZKYMRKTCLX-UHFFFAOYSA-N,nBu,Ethynyl,F,F,C#Cn1c[n+](CCCC)c(F)c1F,C#CN1[C]N(CCCC)C(F)=C1F
LHAHAXIWUCIKJT-UHFFFAOYSA-N,Me,Vinyl,CN,Me,C=Cn1c[n+](C)c(C)c1C#N,C=CN1[C]N(C)C(C)=C1C#N
LHLOAHXHSHICIB-UHFFFAOYSA-N,Et,Ethynyl,H,CF3,C#Cn1cc(C(F)(F)F)[n+](CC)c1,C#CN1[C]N(CC)C(C(F)(F)F)=C1
LIHXMNHQMAUQJO-UHFFFAOYSA-N,Me,Propargyl,OMe,F,C#CCn1c[n+](C)c(F)c1OC,C#CCN1[C]N(C)C(F)=C1OC
LIMXMPZOUPQMBA-UHFFFAOYSA-N,Me,iPr,F,CN,CC(C)n1c[n+](C)c(C#N)c1F,CC(C)N1[C]N(C)C(C#N)=C1F
LIWCEMHYMJYZQJ-UHFFFAOYSA-N,Vinyl,Allyl,NO2,Me,C=CCn1c[n+](C=C)c(C)c1[N+](=O)[O-],C=CCN1[C]N(C=C)C(C)=C1[N+](=O)[O-]
LJKDFBLEWFYVMY-UHFFFAOYSA-N,Et,Ph,OMe,Me,CC[n+]1cn(-c2ccccc2)c(OC)c1C,CCN1[C]N(c2ccccc2)C(OC)=C1C
LJXFVIHWTJAMPK-UHFFFAOYSA-N,Vinyl,Ethynyl,NH2,H,C#Cn1c[n+](C=C)cc1N,C#CN1[C]N(C=C)C=C1N
LJXWGJNKQMFPQS-UHFFFAOYSA-N,Et,Allyl,F,F,C=CCn1c[n+](CC)c(F)c1F,C=CCN1[C]N(CC)C(F)=C1F
LKGTXXZXWMEJSB-UHFFFAOYSA-N,Me,iPr,CF3,F,CC(C)n1c[n+](C)c(F)c1C(F)(F)F,CC(C)N1[C]N(C)C(F)=C1C(F)(F)F
LKIMYIOBUINKEH-UHFFFAOYSA-N,Et,Ph,CN,H,CC[n+]1cc(C#N)n(-c2ccccc2)c1,CCN1[C]N(c2ccccc2)C(C#N)=C1
LKUGLPBQVAEJCT-UHFFFAOYSA-N,nBu,Ethynyl,OMe,F,C#Cn1c[n+](CCCC)c(F)c1OC,C#CN1[C]N(CCCC)C(F)=C1OC
LKXSMNALKMZKCW-UHFFFAOYSA-N,Me,tBu,CF3,F,C[n+]1cn(C(C)(C)C)c(C(F)(F)F)c1F,CN1[C]N(C(C)(C)C)C(C(F)(F)F)=C1F
LLBPKNNZYDJAGU-UHFFFAOYSA-N,Et,Propargyl,CN,CF3,C#CCn1c[n+](CC)c(C(F)(F)F)c1C#N,C#CCN1[C]N(CC)C(C(F)(F)F)=C1C#N
LLCBMFKADQMIOL-UHFFFAOYSA-N,Me,Propargyl,CF3,F,C#CCn1c[n+](C)c(F)c1C(F)(F)F,C#CCN1[C]N(C)C(F)=C1C(F)(F)F
LLXVNFOERAECNY-UHFFFAOYSA-N,nBu,iPr,NH2,Me,CCCC[n+]1cn(C(C)C)c(N)c1C,CCCCN1[C]N(C(C)C)C(N)=C1C
LMEDRQCSSAAXDF-UHFFFAOYSA-N,tBu,Ph,H,NH2,CC(C)(C)[n+]1cn(-c2ccccc2)cc1N,CC(C)(C)N1[C]N(c2ccccc2)C=C1N
LMJOHBNHKGTOGJ-UHFFFAOYSA-N,nBu,Allyl,F,Me,C=CCn1c[n+](CCCC)c(C)c1F,C=CCN1[C]N(CCCC)C(C)=C1F
LMLLWCKJUMCLRA-UHFFFAOYSA-N,Et,tBu,CF3,F,CC[n+]1cn(C(C)(C)C)c(C(F)(F)F)c1F,CCN1[C]N(C(C)(C)C)C(C(F)(F)F)=C1F
LMPDYTPOZBBQPB-UHFFFAOYSA-N,nBu,Ethynyl,F,NH2,C#Cn1c[n+](CCCC)c(N)c1F,C#CN1[C]N(CCCC)C(N)=C1F
LMTIMKVRYPQMCM-UHFFFAOYSA-N,Et,Ethynyl,CN,NH2,C#Cn1c[n+](CC)c(N)c1C#N,C#CN1[C]N(CC)C(N)=C1C#N
LNNMPGCVTUAXPS-UHFFFAOYSA-N,Et,tBu,H,H,CC[n+]1ccn(C(C)(C)C)c1,CCN1[C]N(C(C)(C)C)C=C1
LNPQTZHLFQNEOI-UHFFFAOYSA-N,nBu,Allyl,F,OMe,C=CCn1c[n+](CCCC)c(OC)c1F,C=CCN1[C]N(CCCC)C(OC)=C1F
LNPZPEUJEPGSHV-UHFFFAOYSA-N,nBu,tBu,F,Me,CCCC[n+]1cn(C(C)(C)C)c(F)c1C,CCCCN1[C]N(C(C)(C)C)C(F)=C1C
LNSCUKPABPVYBT-UHFFFAOYSA-N,nBu,tBu,NO2,CF3,CCCC[n+]1cn(C(C)(C)C)c([N+](=O)[O-])c1C(F)(F)F,CCCCN1[C]N(C(C)(C)C)C([N+](=O)[O-])=C1C(F)(F)F
LNSNWPSNGDOWDW-UHFFFAOYSA-N,nBu,iPr,CF3,OMe,CCCC[n+]1cn(C(C)C)c(C(F)(F)F)c1OC,CCCCN1[C]N(C(C)C)C(C(F)(F)F)=C1OC
LNURVQIMGULIOH-UHFFFAOYSA-N,Et,Ethynyl,NH2,CN,C#Cn1c[n+](CC)c(C#N)c1N,C#CN1[C]N(CC)C(C#N)=C1N
LNXHNQVCSGUUFW-UHFFFAOYSA-N,tBu,Vinyl,CN,NO2,C=Cn1c[n+](C(C)(C)C)c([N+](=O)[O-])c1C#N,C=CN1[C]N(C(C)(C)C)C([N+](=O)[O-])=C1C#N
LOBZREHRIXLNLJ-UHFFFAOYSA-N,Ethynyl,Ph,OMe,CN,C#C[n+]1cn(-c2ccccc2)c(OC)c1C#N,C#CN1[C]N(c2ccccc2)C(OC)=C1C#N
LPGSVAOWGMEJEF-UHFFFAOYSA-N,Et,iPr,NH2,H,CC[n+]1cc(N)n(C(C)C)c1,CCN1[C]N(C(C)C)C(N)=C1
LPKVWBBOOFXJNL-UHFFFAOYSA-N,Me,tBu,F,NH2,C[n+]1cn(C(C)(C)C)c(F)c1N,CN1[C]N(C(C)(C)C)C(F)=C1N
LQGUYJWLRUBCSM-UHFFFAOYSA-N,nBu,Ethynyl,NH2,Me,C#Cn1c[n+](CCCC)c(C)c1N,C#CN1[C]N(CCCC)C(C)=C1N
LRNJOTXPLHZRGW-UHFFFAOYSA-N,tBu,Ph,H,F,CC(C)(C)[n+]1cn(-c2ccccc2)cc1F,CC(C)(C)N1[C]N(c2ccccc2)C=C1F
LRNPIOXGQDXZTA-UHFFFAOYSA-N,Et,Ph,OMe,NO2,CC[n+]1cn(-c2ccccc2)c(OC)c1[N+](=O)[O-],CCN1[C]N(c2ccccc2)C(OC)=C1[N+](=O)[O-]
LRNQXHLCVGUQFX-UHFFFAOYSA-N,Et,Propargyl,CN,CN,C#CCn1c[n+](CC)c(C#N)c1C#N,C#CCN1[C]N(CC)C(C#N)=C1C#N
LROMCJSAIGTGLY-UHFFFAOYSA-N,Me,Ethynyl,F,NH2,C#Cn1c[n+](C)c(N)c1F,C#CN1[C]N(C)C(N)=C1F
LRTKWDBZFYJFDC-UHFFFAOYSA-N,tBu,Propargyl,H,OMe,C#CCn1cc(OC)[n+](C(C)(C)C)c1,C#CCN1[C]N(C(C)(C)C)C(OC)=C1
LSADFMNCINIKNS-UHFFFAOYSA-N,nBu,Ph,CN,NH2,CCCC[n+]1cn(-c2ccccc2)c(C#N)c1N,CCCCN1[C]N(c2ccccc2)C(C#N)=C1N
LSQGIMCMDMCFCX-UHFFFAOYSA-N,nBu,Ph,NH2,Me,CCCC[n+]1cn(-c2ccccc2)c(N)c1C,CCCCN1[C]N(c2ccccc2)C(N)=C1C
LTNRHCCMRQJGLT-UHFFFAOYSA-N,Ethynyl,Ph,F,Me,C#C[n+]1cn(-c2ccccc2)c(F)c1C,C#CN1[C]N(c2ccccc2)C(F)=C1C
LTSXZQFHGPMWAT-UHFFFAOYSA-N,Vinyl,Allyl,OMe,NO2,C=CCn1c[n+](C=C)c([N+](=O)[O-])c1OC,C=CCN1[C]N(C=C)C([N+](=O)[O-])=C1OC
LUIXVMQKFLAAPK-UHFFFAOYSA-N,Me,Propargyl,CN,OMe,C#CCn1c[n+](C)c(OC)c1C#N,C#CCN1[C]N(C)C(OC)=C1C#N
LUMYVKCJANFNCI-UHFFFAOYSA-N,Ethynyl,Ph,H,NH2,C#C[n+]1cn(-c2ccccc2)cc1N,C#CN1[C]N(c2ccccc2)C=C1N
LVTIPOTVSZNTAL-UHFFFAOYSA-N,nBu,iPr,CN,CN,CCCC[n+]1cn(C(C)C)c(C#N)c1C#N,CCCCN1[C]N(C(C)C)C(C#N)=C1C#N
LWBQHYXRESAIMO-UHFFFAOYSA-N,Me,Et,OMe,NO2,CCn1c[n+](C)c([N+](=O)[O-])c1OC,CCN1[C]N(C)C([N+](=O)[O-])=C1OC
LWDCQCHMTSHFKT-UHFFFAOYSA-N,tBu,Propargyl,F,CF3,C#CCn1c[n+](C(C)(C)C)c(C(F)(F)F)c1F,C#CCN1[C]N(C(C)(C)C)C(C(F)(F)F)=C1F
LWGCBHKQKUUWLS-UHFFFAOYSA-N,Me,tBu,CN,CF3,C[n+]1cn(C(C)(C)C)c(C#N)c1C(F)(F)F,CN1[C]N(C(C)(C)C)C(C#N)=C1C(F)(F)F
LWJIQPAUEIYAKU-UHFFFAOYSA-N,Et,Ethynyl,H,CN,C#Cn1cc(C#N)[n+](CC)c1,C#CN1[C]N(CC)C(C#N)=C1
LWLWEMCASPZRHU-UHFFFAOYSA-N,nBu,Ph,F,H,CCCC[n+]1cc(F)n(-c2ccccc2)c1,CCCCN1[C]N(c2ccccc2)C(F)=C1
LXCZLZJGBUBKAH-UHFFFAOYSA-N,nBu,tBu,NO2,F,CCCC[n+]1cn(C(C)(C)C)c([N+](=O)[O-])c1F,CCCCN1[C]N(C(C)(C)C)C([N+](=O)[O-])=C1F
LXDVLMUNVYLSRB-UHFFFAOYSA-N,Me,Allyl,F,NO2,C=CCn1c[n+](C)c([N+](=O)[O-])c1F,C=CCN1[C]N(C)C([N+](=O)[O-])=C1F
LXINXSMRWKULMN-UHFFFAOYSA-N,tBu,Allyl,H,H,C=CCn1cc[n+](C(C)(C)C)c1,C=CCN1[C]N(C(C)(C)C)C=C1
LXNSFGFZYBEQGM-UHFFFAOYSA-N,nBu,Ph,CN,OMe,CCCC[n+]1cn(-c2ccccc2)c(C#N)c1OC,CCCCN1[C]N(c2ccccc2)C(C#N)=C1OC
LXRSNUBVOFURAK-UHFFFAOYSA-N,Vinyl,Ph,CN,OMe,C=C[n+]1cn(-c2ccccc2)c(C#N)c1OC,C=CN1[C]N(c2ccccc2)C(C#N)=C1OC
LXUVPFULCGAYDP-UHFFFAOYSA-N,Me,Propargyl,NO2,CN,C#CCn1c[n+](C)c(C#N)c1[N+](=O)[O-],C#CCN1[C]N(C)C(C#N)=C1[N+](=O)[O-]
LXWIQCPJCKNLCL-UHFFFAOYSA-N,Me,Vinyl,CF3,F,C=Cn1c[n+](C)c(F)c1C(F)(F)F,C=CN1[C]N(C)C(F)=C1C(F)(F)F
LYDXCPCHWJGFJA-UHFFFAOYSA-N,Et,Ph,CF3,NH2,CC[n+]1cn(-c2ccccc2)c(C(F)(F)F)c1N,CCN1[C]N(c2ccccc2)C(C(F)(F)F)=C1N
LYKZABHSEDLABB-UHFFFAOYSA-N,nBu,Ph,H,F,CCCC[n+]1cn(-c2ccccc2)cc1F,CCCCN1[C]N(c2ccccc2)C=C1F
LYOALMXXZDYKTC-UHFFFAOYSA-N,Me,Propargyl,H,CF3,C#CCn1cc(C(F)(F)F)[n+](C)c1,C#CCN1[C]N(C)C(C(F)(F)F)=C1
LYUUHLGWMMTNHB-UHFFFAOYSA-N,Me,Propargyl,OMe,Me,C#CCn1c[n+](C)c(C)c1OC,C#CCN1[C]N(C)C(C)=C1OC
LZBHIHJCJRHTOQ-UHFFFAOYSA-N,Et,Vinyl,NO2,NH2,C=Cn1c[n+](CC)c(N)c1[N+](=O)[O-],C=CN1[C]N(CC)C(N)=C1[N+](=O)[O-]
LZVZZYJUNTXSKO-UHFFFAOYSA-N,Et,iPr,OMe,NO2,CC[n+]1cn(C(C)C)c(OC)c1[N+](=O)[O-],CCN1[C]N(C(C)C)C(OC)=C1[N+](=O)[O-]
LZWOQUBFEPIXIV-UHFFFAOYSA-N,Ethynyl,Propargyl,OMe,NO2,C#CCn1c[n+](C#C)c([N+](=O)[O-])c1OC,C#CCN1[C]N(C#C)C([N+](=O)[O-])=C1OC
MAGUJEKKJAWFFD-UHFFFAOYSA-N,Me,Vinyl,H,CF3,C=Cn1cc(C(F)(F)F)[n+](C)c1,C=CN1[C]N(C)C(C(F)(F)F)=C1
MAMIXYGTLAOZRH-UHFFFAOYSA-N,Me,Et,F,NH2,CCn1c[n+](C)c(N)c1F,CCN1[C]N(C)C(N)=C1F
MAMRLSZJABSUTJ-UHFFFAOYSA-N,tBu,Propargyl,CN,F,C#CCn1c[n+](C(C)(C)C)c(F)c1C#N,C#CCN1[C]N(C(C)(C)C)C(F)=C1C#N
MASSUEHDMYCDFP-UHFFFAOYSA-N,Et,Propargyl,CF3,CF3,C#CCn1c[n+](CC)c(C(F)(F)F)c1C(F)(F)F,C#CCN1[C]N(CC)C(C(F)(F)F)=C1C(F)(F)F
MAXSYFSJUKUMRE-UHFFFAOYSA-N,Et,Vinyl,H,H,C=Cn1cc[n+](CC)c1,C=CN1[C]N(CC)C=C1
MBDYCAINUBRQHG-UHFFFAOYSA-N,Et,Vinyl,OMe,H,C=Cn1c[n+](CC)cc1OC,C=CN1[C]N(CC)C=C1OC
MBGFBNIEDMMWDN-UHFFFAOYSA-N,nBu,tBu,OMe,F,CCCC[n+]1cn(C(C)(C)C)c(OC)c1F,CCCCN1[C]N(C(C)(C)C)C(OC)=C1F
MBPFKIYHWRKWCK-UHFFFAOYSA-N,Et,Vinyl,CN,CN,C=Cn1c[n+](CC)c(C#N)c1C#N,C=CN1[C]N(CC)C(C#N)=C1C#N
MBRVZDQWKIBABW-UHFFFAOYSA-N,Et,Ph,F,F,CC[n+]1cn(-c2ccccc2)c(F)c1F,CCN1[C]N(c2ccccc2)C(F)=C1F
MBSOXNKJUMKPFH-UHFFFAOYSA-N,Me,Vinyl,OMe,F,C=Cn1c[n+](C)c(F)c1OC,C=CN1[C]N(C)C(F)=C1OC
MCGDCRNKZRKPMM-UHFFFAOYSA-N,Et,Vinyl,NH2,CF3,C=Cn1c[n+](CC)c(C(F)(F)F)c1N,C=CN1[C]N(CC)C(C(F)(F)F)=C1N
MCPUQAHSIAZGDU-UHFFFAOYSA-N,Vinyl,Allyl,NO2,F,C=CCn1c[n+](C=C)c(F)c1[N+](=O)[O-],C=CCN1[C]N(C=C)C(F)=C1[N+](=O)[O-]
MCUFVFKHLJKSQA-UHFFFAOYSA-N,tBu,Vinyl,CN,NH2,C=Cn1c[n+](C(C)(C)C)c(N)c1C#N,C=CN1[C]N(C(C)(C)C)C(N)=C1C#N
MDHNCHABLVRRHJ-UHFFFAOYSA-N,tBu,Ph,H,NO2,CC(C)(C)[n+]1cn(-c2ccccc2)cc1[N+](=O)[O-],CC(C)(C)N1[C]N(c2ccccc2)C=C1[N+](=O)[O-]
MDQDDGVZXZDBTE-UHFFFAOYSA-N,Et,Vinyl,CN,OMe,C=Cn1c[n+](CC)c(OC)c1C#N,C=CN1[C]N(CC)C(OC)=C1C#N
MEDSBWBYHUSBKX-UHFFFAOYSA-N,nBu,iPr,H,OMe,CCCC[n+]1cn(C(C)C)cc1OC,CCCCN1[C]N(C(C)C)C=C1OC
MEHBMOULNPUDQH-UHFFFAOYSA-N,Me,Vinyl,OMe,H,C=Cn1c[n+](C)cc1OC,C=CN1[C]N(C)C=C1OC
MEWNBPLMIZXQIZ-UHFFFAOYSA-N,Me,Allyl,NO2,NH2,C=CCn1c[n+](C)c(N)c1[N+](=O)[O-],C=CCN1[C]N(C)C(N)=C1[N+](=O)[O-]
MEWSTAZAXHRKOW-UHFFFAOYSA-N,Me,iPr,OMe,CF3,COc1c(C(F)(F)F)[n+](C)cn1C(C)C,COC1=C(C(F)(F)F)N(C)[C]N1C(C)C
MFBGROWCTVKASN-UHFFFAOYSA-N,Ethynyl,Ethynyl,F,CN,C#Cn1c[n+](C#C)c(C#N)c1F,C#CN1[C]N(C#C)C(C#N)=C1F
MFCYATHKFDGTTA-UHFFFAOYSA-N,Et,tBu,OMe,F,CC[n+]1cn(C(C)(C)C)c(OC)c1F,CCN1[C]N(C(C)(C)C)C(OC)=C1F
MFEMKJICABETNL-UHFFFAOYSA-N,Et,Vinyl,CN,F,C=Cn1c[n+](CC)c(F)c1C#N,C=CN1[C]N(CC)C(F)=C1C#N
MFIHABOWSKDOHC-UHFFFAOYSA-N,nBu,Ph,CN,H,CCCC[n+]1cc(C#N)n(-c2ccccc2)c1,CCCCN1[C]N(c2ccccc2)C(C#N)=C1
MFOSBTKRPOGVIW-UHFFFAOYSA-N,Me,Ph,F,F,C[n+]1cn(-c2ccccc2)c(F)c1F,CN1[C]N(c2ccccc2)C(F)=C1F
MFTAHTGZVMLXPM-UHFFFAOYSA-N,nBu,Allyl,CN,Me,C=CCn1c[n+](CCCC)c(C)c1C#N,C=CCN1[C]N(CCCC)C(C)=C1C#N
MFYQQIOUWKSGJW-UHFFFAOYSA-N,tBu,Ph,CN,CN,CC(C)(C)[n+]1cn(-c2ccccc2)c(C#N)c1C#N,CC(C)(C)N1[C]N(c2ccccc2)C(C#N)=C1C#N
MGIWBCPCUIALDL-UHFFFAOYSA-N,Et,tBu,NO2,NO2,CC[n+]1cn(C(C)(C)C)c([N+](=O)[O-])c1[N+](=O)[O-],CCN1[C]N(C(C)(C)C)C([N+](=O)[O-])=C1[N+](=O)[O-]
MGPQWJPJEKYINW-UHFFFAOYSA-N,Me,Ethynyl,CF3,H,C#Cn1c[n+](C)cc1C(F)(F)F,C#CN1[C]N(C)C=C1C(F)(F)F
MGPURAKSXXHBPQ-UHFFFAOYSA-N,Et,tBu,H,Me,CC[n+]1cn(C(C)(C)C)cc1C,CCN1[C]N(C(C)(C)C)C=C1C
MGTBFCUQEUOSJL-UHFFFAOYSA-N,nBu,iPr,F,Me,CCCC[n+]1cn(C(C)C)c(F)c1C,CCCCN1[C]N(C(C)C)C(F)=C1C
MGVOSCHUQKONGG-UHFFFAOYSA-N,tBu,tBu,F,CN,CC(C)(C)n1c[n+](C(C)(C)C)c(C#N)c1F,CC(C)(C)N1[C]N(C(C)(C)C)C(C#N)=C1F
MHANZYBVIQRQSL-UHFFFAOYSA-N,Vinyl,Allyl,CN,NO2,C=CCn1c[n+](C=C)c([N+](=O)[O-])c1C#N,C=CCN1[C]N(C=C)C([N+](=O)[O-])=C1C#N
MHYUSZOQMFCJTM-UHFFFAOYSA-N,Ethynyl,Ph,CN,OMe,C#C[n+]1cn(-c2ccccc2)c(C#N)c1OC,C#CN1[C]N(c2ccccc2)C(C#N)=C1OC
MIOMCFIRYBKMCR-UHFFFAOYSA-N,tBu,Ethynyl,NH2,H,C#Cn1c[n+](C(C)(C)C)cc1N,C#CN1[C]N(C(C)(C)C)C=C1N
MIPZZSLJCRKPQG-UHFFFAOYSA-N,Ethynyl,Ethynyl,CN,OMe,C#Cn1c[n+](C#C)c(OC)c1C#N,C#CN1[C]N(C#C)C(OC)=C1C#N
MJUKZNKWLIOAFQ-UHFFFAOYSA-N,Ethynyl,Ethynyl,F,OMe,C#Cn1c[n+](C#C)c(OC)c1F,C#CN1[C]N(C#C)C(OC)=C1F
MKFYOMQVXAXSBI-UHFFFAOYSA-N,Et,Ph,CN,OMe,CC[n+]1cn(-c2ccccc2)c(C#N)c1OC,CCN1[C]N(c2ccccc2)C(C#N)=C1OC
MLGFDPDNJGPKMV-UHFFFAOYSA-N,Me,Allyl,NH2,CN,C=CCn1c[n+](C)c(C#N)c1N,C=CCN1[C]N(C)C(C#N)=C1N
MLJFDXRRTOJXNZ-UHFFFAOYSA-N,Me,Ethynyl,CF3,F,C#Cn1c[n+](C)c(F)c1C(F)(F)F,C#CN1[C]N(C)C(F)=C1C(F)(F)F
MLRZRJWHGWRVJN-UHFFFAOYSA-N,Vinyl,Vinyl,CN,NO2,C=Cn1c[n+](C=C)c([N+](=O)[O-])c1C#N,C=CN1[C]N(C=C)C([N+](=O)[O-])=C1C#N
MLSWSHPZZPZEEQ-UHFFFAOYSA-N,Ethynyl,Ph,OMe,CF3,C#C[n+]1cn(-c2ccccc2)c(OC)c1C(F)(F)F,C#CN1[C]N(c2ccccc2)C(OC)=C1C(F)(F)F
MLZMJZNNHXZNNX-UHFFFAOYSA-N,tBu,tBu,H,Me,Cc1cn(C(C)(C)C)c[n+]1C(C)(C)C,CC1=CN(C(C)(C)C)[C]N1C(C)(C)C
MNEKJMQBWUYFGQ-UHFFFAOYSA-N,tBu,Vinyl,F,NO2,C=Cn1c[n+](C(C)(C)C)c([N+](=O)[O-])c1F,C=CN1[C]N(C(C)(C)C)C([N+](=O)[O-])=C1F
MNGXRWAJQOKJCR-UHFFFAOYSA-N,Ethynyl,Ethynyl,NO2,NH2,C#Cn1c[n+](C#C)c(N)c1[N+](=O)[O-],C#CN1[C]N(C#C)C([N+](=O)[O-])=C1N
MNUDOPYUJHGXGG-UHFFFAOYSA-N,Vinyl,Ethynyl,NH2,OMe,C#Cn1c[n+](C=C)c(OC)c1N,C#CN1[C]N(C=C)C(OC)=C1N
MNXPPPLEFAEIED-UHFFFAOYSA-N,Et,Ph,NH2,NO2,CC[n+]1cn(-c2ccccc2)c(N)c1[N+](=O)[O-],CCN1[C]N(c2ccccc2)C(N)=C1[N+](=O)[O-]
MOLYMGDVVFGYDK-UHFFFAOYSA-N,Et,tBu,CN,OMe,CC[n+]1cn(C(C)(C)C)c(C#N)c1OC,CCN1[C]N(C(C)(C)C)C(C#N)=C1OC
MPEYTFWEXVVCPH-UHFFFAOYSA-N,Me,Propargyl,CF3,H,C#CCn1c[n+](C)cc1C(F)(F)F,C#CCN1[C]N(C)C=C1C(F)(F)F
MPIGXPYJISKAQP-UHFFFAOYSA-N,Me,Allyl,F,CN,C=CCn1c[n+](C)c(C#N)c1F,C=CCN1[C]N(C)C(C#N)=C1F
MPKCIIVPGPRRFQ-UHFFFAOYSA-N,Me,iPr,NH2,Me,Cc1c(N)n(C(C)C)c[n+]1C,CC1=C(N)N(C(C)C)[C]N1C
MPLOWRDQRKMQFK-UHFFFAOYSA-N,tBu,Ph,F,OMe,COc1c(F)n(-c2ccccc2)c[n+]1C(C)(C)C,COC1=C(F)N(c2ccccc2)[C]N1C(C)(C)C
MPMXGWBXRJHJBD-UHFFFAOYSA-N,Et,Propargyl,NO2,NO2,C#CCn1c[n+](CC)c([N+](=O)[O-])c1[N+](=O)[O-],C#CCN1[C]N(CC)C([N+](=O)[O-])=C1[N+](=O)[O-]
MPPDGGPACUHRMT-UHFFFAOYSA-N,Me,iPr,NO2,F,CC(C)n1c[n+](C)c(F)c1[N+](=O)[O-],CC(C)N1[C]N(C)C(F)=C1[N+](=O)[O-]
MPVQOMDQGKHNTJ-UHFFFAOYSA-N,Et,Propargyl,CF3,NH2,C#CCn1c[n+](CC)c(N)c1C(F)(F)F,C#CCN1[C]N(CC)C(N)=C1C(F)(F)F
MQBKZYLDFRQNOS-UHFFFAOYSA-N,Et,Ethynyl,NO2,CF3,C#Cn1c[n+](CC)c(C(F)(F)F)c1[N+](=O)[O-],C#CN1[C]N(CC)C(C(F)(F)F)=C1[N+](=O)[O-]
MRKOQHCMRDQZEC-UHFFFAOYSA-N,tBu,Ethynyl,NH2,NH2,C#Cn1c[n+](C(C)(C)C)c(N)c1N,C#CN1[C]N(C(C)(C)C)C(N)=C1N
MRPMRCXORWSDLE-UHFFFAOYSA-N,nBu,iPr,NO2,CF3,CCCC[n+]1cn(C(C)C)c([N+](=O)[O-])c1C(F)(F)F,CCCCN1[C]N(C(C)C)C([N+](=O)[O-])=C1C(F)(F)F
MRVSDWRSZASOJG-UHFFFAOYSA-N,Et,Et,F,NH2,CCn1c[n+](CC)c(N)c1F,CCN1[C]N(CC)C(F)=C1N
MRYSHWPCHVVLDD-UHFFFAOYSA-N,Vinyl,Allyl,H,CF3,C=CCn1cc(C(F)(F)F)[n+](C=C)c1,C=CCN1[C]N(C=C)C(C(F)(F)F)=C1
MSGLEHCXIHQUCR-UHFFFAOYSA-N,Me,Vinyl,NH2,OMe,C=Cn1c[n+](C)c(OC)c1N,C=CN1[C]N(C)C(OC)=C1N
MSRZPONLPCRKEQ-UHFFFAOYSA-N,Me,Vinyl,NH2,NO2,C=Cn1c[n+](C)c([N+](=O)[O-])c1N,C=CN1[C]N(C)C([N+](=O)[O-])=C1N
MSXZIXRODLVPPR-UHFFFAOYSA-N,Me,Et,CN,CF3,CCn1c[n+](C)c(C(F)(F)F)c1C#N,CCN1[C]N(C)C(C(F)(F)F)=C1C#N
MTCCREMNDCTPFF-UHFFFAOYSA-N,Me,tBu,CF3,CF3,C[n+]1cn(C(C)(C)C)c(C(F)(F)F)c1C(F)(F)F,CN1[C]N(C(C)(C)C)C(C(F)(F)F)=C1C(F)(F)F
MTPUGSCMTZTOIX-UHFFFAOYSA-N,nBu,Allyl,F,NH2,C=CCn1c[n+](CCCC)c(N)c1F,C=CCN1[C]N(CCCC)C(N)=C1F
MTRXIKIEGAXCIQ-UHFFFAOYSA-N,Me,Me,H,CF3,Cn1cc(C(F)(F)F)[n+](C)c1,CN1[C]N(C)C(C(F)(F)F)=C1
MTUVWTWYDVOAGK-UHFFFAOYSA-N,Me,Propargyl,CF3,CN,C#CCn1c[n+](C)c(C#N)c1C(F)(F)F,C#CCN1[C]N(C)C(C#N)=C1C(F)(F)F
MUDSRJNRKJGCFH-UHFFFAOYSA-N,Vinyl,Allyl,CF3,CN,C=CCn1c[n+](C=C)c(C#N)c1C(F)(F)F,C=CCN1[C]N(C=C)C(C#N)=C1C(F)(F)F
MULKCIVTAVAEHJ-UHFFFAOYSA-N,Et,Ph,H,NH2,CC[n+]1cn(-c2ccccc2)cc1N,CCN1[C]N(c2ccccc2)C=C1N
MVECTWXISJCATO-UHFFFAOYSA-N,Me,Et,CF3,Me,CCn1c[n+](C)c(C)c1C(F)(F)F,CCN1[C]N(C)C(C)=C1C(F)(F)F
MVEQULSHHODGOL-UHFFFAOYSA-N,tBu,Allyl,NO2,CN,C=CCn1c[n+](C(C)(C)C)c(C#N)c1[N+](=O)[O-],C=CCN1[C]N(C(C)(C)C)C(C#N)=C1[N+](=O)[O-]
MVVTUUYDMBSPJA-UHFFFAOYSA-N,nBu,Ethynyl,NO2,Me,C#Cn1c[n+](CCCC)c(C)c1[N+](=O)[O-],C#CN1[C]N(CCCC)C(C)=C1[N+](=O)[O-]
MVZSSFFQOYVGCF-UHFFFAOYSA-N,Vinyl,Propargyl,NH2,H,C#CCn1c[n+](C=C)cc1N,C#CCN1[C]N(C=C)C=C1N
MWOMOOKJOFMJON-UHFFFAOYSA-N,Me,tBu,CF3,OMe,COc1c(C(F)(F)F)n(C(C)(C)C)c[n+]1C,COC1=C(C(F)(F)F)N(C(C)(C)C)[C]N1C
MWUSTROLVNNRCY-UHFFFAOYSA-N,tBu,tBu,OMe,OMe,COc1c(OC)[n+](C(C)(C)C)cn1C(C)(C)C,COC1=C(OC)N(C(C)(C)C)[C]N1C(C)(C)C
MWXXWXMEHTUQMP-UHFFFAOYSA-N,Me,iPr,CN,F,CC(C)n1c[n+](C)c(F)c1C#N,CC(C)N1[C]N(C)C(F)=C1C#N
MXBAKVORORUDRA-UHFFFAOYSA-N,nBu,Propargyl,NH2,CF3,C#CCn1c[n+](CCCC)c(C(F)(F)F)c1N,C#CCN1[C]N(CCCC)C(C(F)(F)F)=C1N
MXBZSBSKUMTJDH-UHFFFAOYSA-N,tBu,tBu,H,H,CC(C)(C)n1cc[n+](C(C)(C)C)c1,CC(C)(C)N1[C]N(C(C)(C)C)C=C1
MXIAKJYUOKWYCA-UHFFFAOYSA-N,Vinyl,Allyl,F,H,C=CCn1c[n+](C=C)cc1F,C=CCN1[C]N(C=C)C=C1F
MXMUDSGXLICAAM-UHFFFAOYSA-N,Me,iPr,OMe,F,COc1c(F)[n+](C)cn1C(C)C,COC1=C(F)N(C)[C]N1C(C)C
MXRZXYXHGLLNTQ-UHFFFAOYSA-N,Me,tBu,H,H,C[n+]1ccn(C(C)(C)C)c1,CN1[C]N(C(C)(C)C)C=C1
MYGWPQQXFUGRDZ-UHFFFAOYSA-N,nBu,Ph,OMe,NH2,CCCC[n+]1cn(-c2ccccc2)c(OC)c1N,CCCCN1[C]N(c2ccccc2)C(OC)=C1N
MYHCOXQCYHTQDU-UHFFFAOYSA-N,Et,tBu,H,NH2,CC[n+]1cn(C(C)(C)C)cc1N,CCN1[C]N(C(C)(C)C)C=C1N
MYHUETQRYBIPGZ-UHFFFAOYSA-N,Vinyl,Ph,CF3,F,C=C[n+]1cn(-c2ccccc2)c(C(F)(F)F)c1F,C=CN1[C]N(c2ccccc2)C(C(F)(F)F)=C1F
MYKIURLFGHPJSI-UHFFFAOYSA-N,Et,Propargyl,OMe,H,C#CCn1c[n+](CC)cc1OC,C#CCN1[C]N(CC)C=C1OC
MZGXNOYYFSIXLF-UHFFFAOYSA-N,Et,Ph,OMe,CN,CC[n+]1cn(-c2ccccc2)c(OC)c1C#N,CCN1[C]N(c2ccccc2)C(OC)=C1C#N
MZQUMPSRRUAUEA-UHFFFAOYSA-N,tBu,tBu,F,F,CC(C)(C)n1c[n+](C(C)(C)C)c(F)c1F,CC(C)(C)N1[C]N(C(C)(C)C)C(F)=C1F
MZTDVUGZODSSMA-UHFFFAOYSA-N,Ethynyl,Ethynyl,CN,CN,C#Cn1c[n+](C#C)c(C#N)c1C#N,C#CN1[C]N(C#C)C(C#N)=C1C#N
MZTITKPZSLRXKY-UHFFFAOYSA-N,tBu,Allyl,F,Me,C=CCn1c[n+](C(C)(C)C)c(C)c1F,C=CCN1[C]N(C(C)(C)C)C(C)=C1F
NAFREKQWTJHAOM-UHFFFAOYSA-N,nBu,Ethynyl,CN,OMe,C#Cn1c[n+](CCCC)c(OC)c1C#N,C#CN1[C]N(CCCC)C(OC)=C1C#N
NALFMNLRAXHKLJ-UHFFFAOYSA-N,Me,tBu,CN,F,C[n+]1cn(C(C)(C)C)c(C#N)c1F,CN1[C]N(C(C)(C)C)C(C#N)=C1F
NAURDHPAUXTFKX-UHFFFAOYSA-N,Ethynyl,Ph,H,F,C#C[n+]1cn(-c2ccccc2)cc1F,C#CN1[C]N(c2ccccc2)C=C1F
NAYNSBATTZWKGE-UHFFFAOYSA-N,Et,Ph,NO2,H,CC[n+]1cc([N+](=O)[O-])n(-c2ccccc2)c1,CCN1[C]N(c2ccccc2)C([N+](=O)[O-])=C1
NBBAQQFMJBKRDO-UHFFFAOYSA-N,Et,Vinyl,CF3,NO2,C=Cn1c[n+](CC)c([N+](=O)[O-])c1C(F)(F)F,C=CN1[C]N(CC)C([N+](=O)[O-])=C1C(F)(F)F
NBMKDKMOJDVSDM-UHFFFAOYSA-N,Me,Ph,CN,OMe,COc1c(C#N)n(-c2ccccc2)c[n+]1C,COC1=C(C#N)N(c2ccccc2)[C]N1C
NBRGEXFPJYRMGP-UHFFFAOYSA-N,tBu,Ethynyl,H,OMe,C#Cn1cc(OC)[n+](C(C)(C)C)c1,C#CN1[C]N(C(C)(C)C)C(OC)=C1
NBWMTWSQQSWSGA-UHFFFAOYSA-N,nBu,Propargyl,F,H,C#CCn1c[n+](CCCC)cc1F,C#CCN1[C]N(CCCC)C=C1F
NCDRMAPIQGWPJR-UHFFFAOYSA-N,Me,iPr,NO2,NO2,CC(C)n1c[n+](C)c([N+](=O)[O-])c1[N+](=O)[O-],CC(C)N1[C]N(C)C([N+](=O)[O-])=C1[N+](=O)[O-]
NCGMCXWLHXWYGO-UHFFFAOYSA-N,Me,Ethynyl,H,CN,C#Cn1cc(C#N)[n+](C)c1,C#CN1[C]N(C)C(C#N)=C1
NCMYYIDEECDMGY-UHFFFAOYSA-N,tBu,Allyl,OMe,OMe,C=CCn1c[n+](C(C)(C)C)c(OC)c1OC,C=CCN1[C]N(C(C)(C)C)C(OC)=C1OC
NCNJROAZOLCILN-UHFFFAOYSA-N,Vinyl,Allyl,NH2,NH2,C=CCn1c[n+](C=C)c(N)c1N,C=CCN1[C]N(C=C)C(N)=C1N
NCUXSGHTAHCFEI-UHFFFAOYSA-N,Me,Propargyl,H,CN,C#CCn1cc(C#N)[n+](C)c1,C#CCN1[C]N(C)C(C#N)=C1
NDBQAKIRSXIDAY-UHFFFAOYSA-N,Vinyl,Propargyl,NO2,F,C#CCn1c[n+](C=C)c(F)c1[N+](=O)[O-],C#CCN1[C]N(C=C)C(F)=C1[N+](=O)[O-]
NDHUEGIFHOKHLP-UHFFFAOYSA-N,Ethynyl,Propargyl,H,NO2,C#CCn1cc([N+](=O)[O-])[n+](C#C)c1,C#CCN1[C]N(C#C)C([N+](=O)[O-])=C1
NDJRFJJOPKHDFR-UHFFFAOYSA-N,Me,Me,F,NO2,Cn1c[n+](C)c([N+](=O)[O-])c1F,CN1[C]N(C)C([N+](=O)[O-])=C1F
NDWABMXPMHRZGQ-UHFFFAOYSA-N,tBu,Ethynyl,OMe,NH2,C#Cn1c[n+](C(C)(C)C)c(N)c1OC,C#CN1[C]N(C(C)(C)C)C(N)=C1OC
NEIHRBDMLVKLSG-UHFFFAOYSA-N,Et,iPr,CF3,CF3,CC[n+]1cn(C(C)C)c(C(F)(F)F)c1C(F)(F)F,CCN1[C]N(C(C)C)C(C(F)(F)F)=C1C(F)(F)F
NEIUSHSPAKMGSA-UHFFFAOYSA-N,Ethynyl,Ph,OMe,Me,C#C[n+]1cn(-c2ccccc2)c(OC)c1C,C#CN1[C]N(c2ccccc2)C(OC)=C1C
NEYXPSLHYPIGBI-UHFFFAOYSA-N,Me,Me,NO2,NO2,Cn1c[n+](C)c([N+](=O)[O-])c1[N+](=O)[O-],CN1[C]N(C)C([N+](=O)[O-])=C1[N+](=O)[O-]
NFAORZDZYQDMCZ-UHFFFAOYSA-N,Vinyl,Propargyl,CF3,NO2,C#CCn1c[n+](C=C)c([N+](=O)[O-])c1C(F)(F)F,C#CCN1[C]N(C=C)C([N+](=O)[O-])=C1C(F)(F)F
NFSCKVDRJDXOEX-UHFFFAOYSA-N,Me,Me,OMe,OMe,COc1c(OC)[n+](C)cn1C,COC1=C(OC)N(C)[C]N1C
NFTUZJKLFDELLW-UHFFFAOYSA-N,Et,Allyl,NO2,F,C=CCn1c[n+](CC)c(F)c1[N+](=O)[O-],C=CCN1[C]N(CC)C(F)=C1[N+](=O)[O-]
NFZLLSLFDHIJIK-UHFFFAOYSA-N,Et,Propargyl,NH2,CF3,C#CCn1c[n+](CC)c(C(F)(F)F)c1N,C#CCN1[C]N(CC)C(C(F)(F)F)=C1N
NGAPCHIZKMNWTO-UHFFFAOYSA-N,Me,tBu,NO2,OMe,COc1c([N+](=O)[O-])n(C(C)(C)C)c[n+]1C,COC1=C([N+](=O)[O-])N(C(C)(C)C)[C]N1C
NGMHNHAXZYTALU-UHFFFAOYSA-N,Ethynyl,Propargyl,CN,NO2,C#CCn1c[n+](C#C)c([N+](=O)[O-])c1C#N,C#CCN1[C]N(C#C)C([N+](=O)[O-])=C1C#N
NGVJGFUFBWZOGI-UHFFFAOYSA-N,Et,Propargyl,F,NO2,C#CCn1c[n+](CC)c([N+](=O)[O-])c1F,C#CCN1[C]N(CC)C([N+](=O)[O-])=C1F
NGWGZXOHLOGKDZ-UHFFFAOYSA-N,Et,iPr,H,F,CC[n+]1cn(C(C)C)cc1F,CCN1[C]N(C(C)C)C=C1F
NGZQSTJSRPTJBU-UHFFFAOYSA-N,tBu,Allyl,NH2,OMe,C=CCn1c[n+](C(C)(C)C)c(OC)c1N,C=CCN1[C]N(C(C)(C)C)C(OC)=C1N
NHGZLSIVIZEWGS-UHFFFAOYSA-N,nBu,iPr,CN,F,CCCC[n+]1cn(C(C)C)c(C#N)c1F,CCCCN1[C]N(C(C)C)C(C#N)=C1F
NHKIRLDOYGTGKX-UHFFFAOYSA-N,Me,Propargyl,F,H,C#CCn1c[n+](C)cc1F,C#CCN1[C]N(C)C=C1F
NIBRAGYVHFBUNI-UHFFFAOYSA-N,nBu,Propargyl,CN,CF3,C#CCn1c[n+](CCCC)c(C(F)(F)F)c1C#N,C#CCN1[C]N(CCCC)C(C(F)(F)F)=C1C#N
NIZSRJOKOJVPLL-UHFFFAOYSA-N,Vinyl,Ph,H,NO2,C=C[n+]1cn(-c2ccccc2)cc1[N+](=O)[O-],C=CN1[C]N(c2ccccc2)C=C1[N+](=O)[O-]
NJDRCXQRZQVKRS-UHFFFAOYSA-N,Me,Ethynyl,NH2,CN,C#Cn1c[n+](C)c(C#N)c1N,C#CN1[C]N(C)C(C#N)=C1N
NJJWCLQTBSCABM-UHFFFAOYSA-N,Me,tBu,F,CF3,C[n+]1cn(C(C)(C)C)c(F)c1C(F)(F)F,CN1[C]N(C(C)(C)C)C(F)=C1C(F)(F)F
NJMWOUFKYKNWDW-UHFFFAOYSA-N,Me,Et,H,H,CCn1cc[n+](C)c1,CCN1[C]N(C)C=C1
NKGVYPWDHXDMDX-UHFFFAOYSA-N,Et,Allyl,CN,Me,C=CCn1c[n+](CC)c(C)c1C#N,C=CCN1[C]N(CC)C(C)=C1C#N
NKONQEJECIIACY-UHFFFAOYSA-N,tBu,Vinyl,NH2,OMe,C=Cn1c[n+](C(C)(C)C)c(OC)c1N,C=CN1[C]N(C(C)(C)C)C(OC)=C1N
NKXCGWFJLSRQSZ-UHFFFAOYSA-N,tBu,Propargyl,F,OMe,C#CCn1c[n+](C(C)(C)C)c(OC)c1F,C#CCN1[C]N(C(C)(C)C)C(OC)=C1F
NLFLTYJQQNHWAA-UHFFFAOYSA-N,Me,iPr,CF3,Me,Cc1c(C(F)(F)F)n(C(C)C)c[n+]1C,CC1=C(C(F)(F)F)N(C(C)C)[C]N1C
NLIQJBFNDCRZDW-UHFFFAOYSA-N,Me,iPr,CN,NO2,CC(C)n1c[n+](C)c([N+](=O)[O-])c1C#N,CC(C)N1[C]N(C)C([N+](=O)[O-])=C1C#N
NLKFNUFZQOWOIA-UHFFFAOYSA-N,nBu,tBu,F,F,CCCC[n+]1cn(C(C)(C)C)c(F)c1F,CCCCN1[C]N(C(C)(C)C)C(F)=C1F
NLSNYNXQGHCCMC-UHFFFAOYSA-N,Vinyl,Propargyl,CF3,F,C#CCn1c[n+](C=C)c(F)c1C(F)(F)F,C#CCN1[C]N(C=C)C(F)=C1C(F)(F)F
NMACYGYNGVRREZ-UHFFFAOYSA-N,Me,iPr,CF3,NH2,CC(C)n1c[n+](C)c(N)c1C(F)(F)F,CC(C)N1[C]N(C)C(N)=C1C(F)(F)F
NMCLKWXVYJLYLW-UHFFFAOYSA-N,Et,tBu,CF3,NO2,CC[n+]1cn(C(C)(C)C)c(C(F)(F)F)c1[N+](=O)[O-],CCN1[C]N(C(C)(C)C)C(C(F)(F)F)=C1[N+](=O)[O-]
NMFZRIMHDOBZSH-UHFFFAOYSA-N,nBu,Vinyl,NH2,CF3,C=Cn1c[n+](CCCC)c(C(F)(F)F)c1N,C=CN1[C]N(CCCC)C(C(F)(F)F)=C1N
NMRZAIBPLHCFBW-UHFFFAOYSA-N,Et,Propargyl,CN,H,C#CCn1c[n+](CC)cc1C#N,C#CCN1[C]N(CC)C=C1C#N
NMYVRLFHUYXXPW-UHFFFAOYSA-N,nBu,tBu,NH2,H,CCCC[n+]1cc(N)n(C(C)(C)C)c1,CCCCN1[C]N(C(C)(C)C)C(N)=C1
NNESSEIPXVTZMA-UHFFFAOYSA-N,tBu,Ph,OMe,OMe,COc1c(OC)[n+](C(C)(C)C)cn1-c1ccccc1,COC1=C(OC)N(C(C)(C)C)[C]N1c1ccccc1
NNUPDUIMFXOKEA-UHFFFAOYSA-N,nBu,Allyl,H,F,C=CCn1cc(F)[n+](CCCC)c1,C=CCN1[C]N(CCCC)C(F)=C1
NOCOXSSHTMOFML-UHFFFAOYSA-N,tBu,Ph,H,CF3,CC(C)(C)[n+]1cn(-c2ccccc2)cc1C(F)(F)F,CC(C)(C)N1[C]N(c2ccccc2)C=C1C(F)(F)F
NOFYPUWOFOLHDH-UHFFFAOYSA-N,tBu,Allyl,F,CN,C=CCn1c[n+](C(C)(C)C)c(C#N)c1F,C=CCN1[C]N(C(C)(C)C)C(C#N)=C1F
NOZSQHQPMDQCOY-UHFFFAOYSA-N,Me,Et,H,NO2,CCn1cc([N+](=O)[O-])[n+](C)c1,CCN1[C]N(C)C([N+](=O)[O-])=C1
NPJKCCJGLJERHX-UHFFFAOYSA-N,nBu,Propargyl,NO2,F,C#CCn1c[n+](CCCC)c(F)c1[N+](=O)[O-],C#CCN1[C]N(CCCC)C(F)=C1[N+](=O)[O-]
NPRWOOQDPZOQTN-UHFFFAOYSA-N,Vinyl,Ethynyl,CF3,F,C#Cn1c[n+](C=C)c(F)c1C(F)(F)F,C#CN1[C]N(C=C)C(F)=C1C(F)(F)F
NPUFICZKGXHJIL-UHFFFAOYSA-N,nBu,tBu,H,NO2,CCCC[n+]1cn(C(C)(C)C)cc1[N+](=O)[O-],CCCCN1[C]N(C(C)(C)C)C=C1[N+](=O)[O-]
NPYHEIBTRIPVFC-UHFFFAOYSA-N,tBu,Ethynyl,H,H,C#Cn1cc[n+](C(C)(C)C)c1,C#CN1[C]N(C(C)(C)C)C=C1
NQFROIFVUBRVFR-UHFFFAOYSA-N,Et,Propargyl,NH2,H,C#CCn1c[n+](CC)cc1N,C#CCN1[C]N(CC)C=C1N
NQNALFRXIPQFHR-UHFFFAOYSA-N,Me,Ph,NO2,F,C[n+]1cn(-c2ccccc2)c([N+](=O)[O-])c1F,CN1[C]N(c2ccccc2)C([N+](=O)[O-])=C1F
NQVHRKYRNYZXOU-UHFFFAOYSA-N,nBu,Ph,CF3,CN,CCCC[n+]1cn(-c2ccccc2)c(C(F)(F)F)c1C#N,CCCCN1[C]N(c2ccccc2)C(C(F)(F)F)=C1C#N
NRIQLPDIPACQDU-UHFFFAOYSA-N,Et,Vinyl,CF3,CF3,C=Cn1c[n+](CC)c(C(F)(F)F)c1C(F)(F)F,C=CN1[C]N(CC)C(C(F)(F)F)=C1C(F)(F)F
NRMOULQAZDCDAT-UHFFFAOYSA-N,Et,iPr,NO2,Me,CC[n+]1cn(C(C)C)c([N+](=O)[O-])c1C,CCN1[C]N(C(C)C)C([N+](=O)[O-])=C1C
NRQAVVPLBRNMAI-UHFFFAOYSA-N,Vinyl,Allyl,H,NH2,C=CCn1cc(N)[n+](C=C)c1,C=CCN1[C]N(C=C)C(N)=C1
NRWAOVKJCUGNIO-UHFFFAOYSA-N,Et,Allyl,CF3,NH2,C=CCn1c[n+](CC)c(N)c1C(F)(F)F,C=CCN1[C]N(CC)C(N)=C1C(F)(F)F
NRZYJCWMLYGORT-UHFFFAOYSA-N,Me,Vinyl,NH2,F,C=Cn1c[n+](C)c(F)c1N,C=CN1[C]N(C)C(F)=C1N
NSAWSAKFYFHBPL-UHFFFAOYSA-N,Me,Vinyl,CN,CN,C=Cn1c[n+](C)c(C#N)c1C#N,C=CN1[C]N(C)C(C#N)=C1C#N
NSZTWAAVCZHAIZ-UHFFFAOYSA-N,tBu,Ph,H,Me,Cc1cn(-c2ccccc2)c[n+]1C(C)(C)C,CC1=CN(c2ccccc2)[C]N1C(C)(C)C
NTDBCWMGOAPVOT-UHFFFAOYSA-N,Et,Vinyl,F,CN,C=Cn1c[n+](CC)c(C#N)c1F,C=CN1[C]N(CC)C(C#N)=C1F
NTLVRZLYEVDREF-UHFFFAOYSA-N,Me,Ethynyl,NO2,H,C#Cn1c[n+](C)cc1[N+](=O)[O-],C#CN1[C]N(C)C=C1[N+](=O)[O-]
NUAIGDUFACOFOA-UHFFFAOYSA-N,nBu,Ethynyl,OMe,NH2,C#Cn1c[n+](CCCC)c(N)c1OC,C#CN1[C]N(CCCC)C(N)=C1OC
NUCHPKQSDRTYBO-UHFFFAOYSA-N,Me,Ethynyl,CF3,OMe,C#Cn1c[n+](C)c(OC)c1C(F)(F)F,C#CN1[C]N(C)C(OC)=C1C(F)(F)F
NUMOUSLIGVERDW-UHFFFAOYSA-N,Et,Vinyl,NH2,NH2,C=Cn1c[n+](CC)c(N)c1N,C=CN1[C]N(CC)C(N)=C1N
NUQVOELNIDQQGP-UHFFFAOYSA-N,tBu,Vinyl,NO2,OMe,C=Cn1c[n+](C(C)(C)C)c(OC)c1[N+](=O)[O-],C=CN1[C]N(C(C)(C)C)C(OC)=C1[N+](=O)[O-]
NUSYLEZGVLQMMB-UHFFFAOYSA-N,Ethynyl,Propargyl,CN,NH2,C#CCn1c[n+](C#C)c(N)c1C#N,C#CCN1[C]N(C#C)C(N)=C1C#N
NVDJCVHRSSMCDA-UHFFFAOYSA-N,nBu,Ph,NH2,CN,CCCC[n+]1cn(-c2ccccc2)c(N)c1C#N,CCCCN1[C]N(c2ccccc2)C(N)=C1C#N
NVLJCEHQTPSASI-UHFFFAOYSA-N,nBu,Vinyl,F,NH2,C=Cn1c[n+](CCCC)c(N)c1F,C=CN1[C]N(CCCC)C(N)=C1F
NVMUNKPUBGBJLT-UHFFFAOYSA-N,Me,iPr,H,CF3,CC(C)n1cc(C(F)(F)F)[n+](C)c1,CC(C)N1[C]N(C)C(C(F)(F)F)=C1
NVUCXQNQBYDYLR-UHFFFAOYSA-N,Me,Vinyl,CN,F,C=Cn1c[n+](C)c(F)c1C#N,C=CN1[C]N(C)C(F)=C1C#N
NVZOTRHNMVQPNJ-UHFFFAOYSA-N,Et,Ethynyl,H,OMe,C#Cn1cc(OC)[n+](CC)c1,C#CN1[C]N(CC)C(OC)=C1
NWHWDRAMFMSKJX-UHFFFAOYSA-N,nBu,Allyl,NO2,F,C=CCn1c[n+](CCCC)c(F)c1[N+](=O)[O-],C=CCN1[C]N(CCCC)C(F)=C1[N+](=O)[O-]
NWKCGGUJNBKPNI-UHFFFAOYSA-N,nBu,Vinyl,NH2,NH2,C=Cn1c[n+](CCCC)c(N)c1N,C=CN1[C]N(CCCC)C(N)=C1N
NWRRMQPENWLCEM-UHFFFAOYSA-N,Et,Et,CN,CF3,CCn1c[n+](CC)c(C(F)(F)F)c1C#N,CCN1[C]N(CC)C(C(F)(F)F)=C1C#N
NXHVWLBDWROERV-UHFFFAOYSA-N,tBu,Ph,NO2,CF3,CC(C)(C)[n+]1cn(-c2ccccc2)c([N+](=O)[O-])c1C(F)(F)F,CC(C)(C)N1[C]N(c2ccccc2)C([N+](=O)[O-])=C1C(F)(F)F
NXIKZYPFHIOKPP-UHFFFAOYSA-N,tBu,tBu,NH2,NH2,CC(C)(C)n1c[n+](C(C)(C)C)c(N)c1N,CC(C)(C)N1[C]N(C(C)(C)C)C(N)=C1N
NXWKZZCMGINQSV-UHFFFAOYSA-N,Et,iPr,F,CF3,CC[n+]1cn(C(C)C)c(F)c1C(F)(F)F,CCN1[C]N(C(C)C)C(F)=C1C(F)(F)F
NYKBDEHEZZVZSF-UHFFFAOYSA-N,tBu,Ph,CF3,OMe,COc1c(C(F)(F)F)n(-c2ccccc2)c[n+]1C(C)(C)C,COC1=C(C(F)(F)F)N(c2ccccc2)[C]N1C(C)(C)C
NYQVMTYAASXWBW-UHFFFAOYSA-N,Vinyl,Ethynyl,CF3,CN,C#Cn1c[n+](C=C)c(C#N)c1C(F)(F)F,C#CN1[C]N(C=C)C(C#N)=C1C(F)(F)F
NZHOWOARFRJCBD-UHFFFAOYSA-N,nBu,Propargyl,OMe,Me,C#CCn1c[n+](CCCC)c(C)c1OC,C#CCN1[C]N(CCCC)C(C)=C1OC
NZJNQGSSFBBUCD-UHFFFAOYSA-N,Vinyl,Ethynyl,F,CN,C#Cn1c[n+](C=C)c(C#N)c1F,C#CN1[C]N(C=C)C(C#N)=C1F
OAGKGBBIVQTKKW-UHFFFAOYSA-N,Vinyl,Propargyl,OMe,NO2,C#CCn1c[n+](C=C)c([N+](=O)[O-])c1OC,C#CCN1[C]N(C=C)C([N+](=O)[O-])=C1OC
OAHBDXZXKUEFPE-UHFFFAOYSA-N,tBu,Ph,F,CN,CC(C)(C)[n+]1cn(-c2ccccc2)c(F)c1C#N,CC(C)(C)N1[C]N(c2ccccc2)C(F)=C1C#N
OANPULWMEJLOLK-UHFFFAOYSA-N,Et,Ph,CF3,NO2,CC[n+]1cn(-c2ccccc2)c(C(F)(F)F)c1[N+](=O)[O-],CCN1[C]N(c2ccccc2)C(C(F)(F)F)=C1[N+](=O)[O-]
OAPCVXWERBDFPR-UHFFFAOYSA-N,nBu,Allyl,CN,NH2,C=CCn1c[n+](CCCC)c(N)c1C#N,C=CCN1[C]N(CCCC)C(N)=C1C#N
OAVAYQRYNFSEQI-UHFFFAOYSA-N,Et,Et,CF3,NH2,CCn1c[n+](CC)c(N)c1C(F)(F)F,CCN1[C]N(CC)C(C(F)(F)F)=C1N
OAXHDVKVHDJZGD-UHFFFAOYSA-N,nBu,Propargyl,H,CN,C#CCn1cc(C#N)[n+](CCCC)c1,C#CCN1[C]N(CCCC)C(C#N)=C1
OAYODNMZTUGQSF-UHFFFAOYSA-N,Vinyl,Ph,CN,H,C=C[n+]1cc(C#N)n(-c2ccccc2)c1,C=CN1[C]N(c2ccccc2)C(C#N)=C1
OBBGHDWEMKODJB-UHFFFAOYSA-N,tBu,Ethynyl,F,Me,C#Cn1c[n+](C(C)(C)C)c(C)c1F,C#CN1[C]N(C(C)(C)C)C(C)=C1F
OBFGHTYYKLYYGQ-UHFFFAOYSA-N,Vinyl,Vinyl,NO2,CF3,C=Cn1c[n+](C=C)c(C(F)(F)F)c1[N+](=O)[O-],C=CN1[C]N(C=C)C(C(F)(F)F)=C1[N+](=O)[O-]
OBTXAAHEHBVKNL-UHFFFAOYSA-N,Et,Propargyl,NO2,F,C#CCn1c[n+](CC)c(F)c1[N+](=O)[O-],C#CCN1[C]N(CC)C(F)=C1[N+](=O)[O-]
OBZMSWIJNBNUEJ-UHFFFAOYSA-N,Vinyl,Ethynyl,OMe,NH2,C#Cn1c[n+](C=C)c(N)c1OC,C#CN1[C]N(C=C)C(N)=C1OC
OCBPAPCHXWHDEM-UHFFFAOYSA-N,Et,Propargyl,NH2,NH2,C#CCn1c[n+](CC)c(N)c1N,C#CCN1[C]N(CC)C(N)=C1N
OCKJQZPXRDMMNY-UHFFFAOYSA-N,Ethynyl,Ph,F,NO2,C#C[n+]1cn(-c2ccccc2)c(F)c1[N+](=O)[O-],C#CN1[C]N(c2ccccc2)C(F)=C1[N+](=O)[O-]
OCTLOMKNXGIYOX-UHFFFAOYSA-N,nBu,Vinyl,CN,H,C=Cn1c[n+](CCCC)cc1C#N,C=CN1[C]N(CCCC)C=C1C#N
ODBQRXFRMVTVMJ-UHFFFAOYSA-N,Ethynyl,Ph,NH2,NH2,C#C[n+]1cn(-c2ccccc2)c(N)c1N,C#CN1[C]N(c2ccccc2)C(N)=C1N
ODCWNEICNYPXBB-UHFFFAOYSA-N,Et,tBu,F,H,CC[n+]1cc(F)n(C(C)(C)C)c1,CCN1[C]N(C(C)(C)C)C(F)=C1
ODDMDUOLDJKERT-UHFFFAOYSA-N,Vinyl,Allyl,NO2,CN,C=CCn1c[n+](C=C)c(C#N)c1[N+](=O)[O-],C=CCN1[C]N(C=C)C(C#N)=C1[N+](=O)[O-]
OEMPJVCRVYOQRA-UHFFFAOYSA-N,nBu,Allyl,H,NO2,C=CCn1cc([N+](=O)[O-])[n+](CCCC)c1,C=CCN1[C]N(CCCC)C([N+](=O)[O-])=C1
OEUGTHFPNABAIA-UHFFFAOYSA-N,Ethynyl,Ph,H,OMe,C#C[n+]1cn(-c2ccccc2)cc1OC,C#CN1[C]N(c2ccccc2)C=C1OC
OEZASFFKLVCMFM-UHFFFAOYSA-N,Me,Allyl,CN,NO2,C=CCn1c[n+](C)c([N+](=O)[O-])c1C#N,C=CCN1[C]N(C)C([N+](=O)[O-])=C1C#N
OEZYSKCZXZYZSK-UHFFFAOYSA-N,Me,Ethynyl,NH2,NH2,C#Cn1c[n+](C)c(N)c1N,C#CN1[C]N(C)C(N)=C1N
OFCNAVBBEMDUES-UHFFFAOYSA-N,Et,Allyl,NH2,OMe,C=CCn1c[n+](CC)c(OC)c1N,C=CCN1[C]N(CC)C(OC)=C1N
OFIADIOPMICNLI-UHFFFAOYSA-N,tBu,Allyl,NH2,CN,C=CCn1c[n+](C(C)(C)C)c(C#N)c1N,C=CCN1[C]N(C(C)(C)C)C(C#N)=C1N
OFIDDJQZAXVXPA-UHFFFAOYSA-N,Me,Me,H,CN,Cn1cc(C#N)[n+](C)c1,CN1[C]N(C)C(C#N)=C1
OGFGUEMQVLSNAF-UHFFFAOYSA-N,Vinyl,Vinyl,CF3,NH2,C=Cn1c[n+](C=C)c(N)c1C(F)(F)F,C=CN1[C]N(C=C)C(C(F)(F)F)=C1N
OGJBDTIEYRIOFT-UHFFFAOYSA-N,Me,Ph,CN,CN,C[n+]1cn(-c2ccccc2)c(C#N)c1C#N,CN1[C]N(c2ccccc2)C(C#N)=C1C#N
OHBHTTCDELMDED-UHFFFAOYSA-N,Vinyl,Ethynyl,NH2,NH2,C#Cn1c[n+](C=C)c(N)c1N,C#CN1[C]N(C=C)C(N)=C1N
OHSANWSGHFEJOC-UHFFFAOYSA-N,nBu,tBu,CF3,NO2,CCCC[n+]1cn(C(C)(C)C)c(C(F)(F)F)c1[N+](=O)[O-],CCCCN1[C]N(C(C)(C)C)C(C(F)(F)F)=C1[N+](=O)[O-]
OHTCXMJHKUIHIW-UHFFFAOYSA-N,Me,Vinyl,F,NO2,C=Cn1c[n+](C)c([N+](=O)[O-])c1F,C=CN1[C]N(C)C([N+](=O)[O-])=C1F
OIPZZJFLVJRZDL-UHFFFAOYSA-N,tBu,Allyl,OMe,CN,C=CCn1c[n+](C(C)(C)C)c(C#N)c1OC,C=CCN1[C]N(C(C)(C)C)C(C#N)=C1OC
OJBNUZWGESVGOV-UHFFFAOYSA-N,Et,tBu,OMe,Me,CC[n+]1cn(C(C)(C)C)c(OC)c1C,CCN1[C]N(C(C)(C)C)C(OC)=C1C
OJDOIVFAFUAXAE-UHFFFAOYSA-N,nBu,Vinyl,H,F,C=Cn1cc(F)[n+](CCCC)c1,C=CN1[C]N(CCCC)C(F)=C1
OJJIWTSQYNHALP-UHFFFAOYSA-N,nBu,iPr,F,CF3,CCCC[n+]1cn(C(C)C)c(F)c1C(F)(F)F,CCCCN1[C]N(C(C)C)C(F)=C1C(F)(F)F
OJRPCLMUBIRXTA-UHFFFAOYSA-N,tBu,tBu,H,F,CC(C)(C)n1cc(F)[n+](C(C)(C)C)c1,CC(C)(C)N1[C]N(C(C)(C)C)C(F)=C1
OJZCDPCJZNOMBZ-UHFFFAOYSA-N,tBu,Ph,NH2,F,CC(C)(C)[n+]1cn(-c2ccccc2)c(N)c1F,CC(C)(C)N1[C]N(c2ccccc2)C(N)=C1F
OKCLFZNFPCKQRP-UHFFFAOYSA-N,nBu,Vinyl,OMe,F,C=Cn1c[n+](CCCC)c(F)c1OC,C=CN1[C]N(CCCC)C(F)=C1OC
OKFQDENZTRRRIO-UHFFFAOYSA-N,Me,Et,NH2,CN,CCn1c[n+](C)c(C#N)c1N,CCN1[C]N(C)C(C#N)=C1N
OKFTWSYBBTVELE-UHFFFAOYSA-N,Me,Ethynyl,H,CF3,C#Cn1cc(C(F)(F)F)[n+](C)c1,C#CN1[C]N(C)C(C(F)(F)F)=C1
OKQMBPNOFDAPPK-UHFFFAOYSA-N,tBu,Allyl,NO2,NO2,C=CCn1c[n+](C(C)(C)C)c([N+](=O)[O-])c1[N+](=O)[O-],C=CCN1[C]N(C(C)(C)C)C([N+](=O)[O-])=C1[N+](=O)[O-]
OKRCFAOMRLOHOS-UHFFFAOYSA-N,nBu,Allyl,NH2,NO2,C=CCn1c[n+](CCCC)c([N+](=O)[O-])c1N,C=CCN1[C]N(CCCC)C([N+](=O)[O-])=C1N
OKWNFFRMRMMSKQ-UHFFFAOYSA-N,Et,Vinyl,H,CF3,C=Cn1cc(C(F)(F)F)[n+](CC)c1,C=CN1[C]N(CC)C(C(F)(F)F)=C1
OLIYWMYZAOXMQW-UHFFFAOYSA-N,Et,Allyl,OMe,NO2,C=CCn1c[n+](CC)c([N+](=O)[O-])c1OC,C=CCN1[C]N(CC)C([N+](=O)[O-])=C1OC
OLQBUYASKKFHAQ-UHFFFAOYSA-N,Me,Ph,NO2,H,C[n+]1cc([N+](=O)[O-])n(-c2ccccc2)c1,CN1[C]N(c2ccccc2)C([N+](=O)[O-])=C1
OLTJZCOJUPOZPV-UHFFFAOYSA-N,Ethynyl,Ph,OMe,H,C#C[n+]1cc(OC)n(-c2ccccc2)c1,C#CN1[C]N(c2ccccc2)C(OC)=C1
OMAPQHRECCSZBH-UHFFFAOYSA-N,Vinyl,Ph,NO2,CF3,C=C[n+]1cn(-c2ccccc2)c([N+](=O)[O-])c1C(F)(F)F,C=CN1[C]N(c2ccccc2)C([N+](=O)[O-])=C1C(F)(F)F
OMFASBFZMSJXNZ-UHFFFAOYSA-N,Me,Ph,CF3,NO2,C[n+]1cn(-c2ccccc2)c(C(F)(F)F)c1[N+](=O)[O-],CN1[C]N(c2ccccc2)C(C(F)(F)F)=C1[N+](=O)[O-]
OMIHTXAWNPGPNC-UHFFFAOYSA-N,Vinyl,Ph,NH2,CN,C=C[n+]1cn(-c2ccccc2)c(N)c1C#N,C=CN1[C]N(c2ccccc2)C(N)=C1C#N
OMOYOIAXVOXUEE-UHFFFAOYSA-N,Me,Allyl,CF3,F,C=CCn1c[n+](C)c(F)c1C(F)(F)F,C=CCN1[C]N(C)C(F)=C1C(F)(F)F
OMQAGEAMKXYYKW-UHFFFAOYSA-N,tBu,Allyl,NH2,Me,C=CCn1c[n+](C(C)(C)C)c(C)c1N,C=CCN1[C]N(C(C)(C)C)C(C)=C1N
OMWPPZHXYZESLD-UHFFFAOYSA-N,tBu,Ethynyl,CF3,NO2,C#Cn1c[n+](C(C)(C)C)c([N+](=O)[O-])c1C(F)(F)F,C#CN1[C]N(C(C)(C)C)C([N+](=O)[O-])=C1C(F)(F)F
ONCFKMGOXDTFCQ-UHFFFAOYSA-N,Et,Ethynyl,OMe,F,C#Cn1c[n+](CC)c(F)c1OC,C#CN1[C]N(CC)C(F)=C1OC
ONLHXEWDCUQCLP-UHFFFAOYSA-N,nBu,Ethynyl,CN,CN,C#Cn1c[n+](CCCC)c(C#N)c1C#N,C#CN1[C]N(CCCC)C(C#N)=C1C#N
ONLNWOOVMCNQMW-UHFFFAOYSA-N,nBu,tBu,NH2,NO2,CCCC[n+]1cn(C(C)(C)C)c(N)c1[N+](=O)[O-],CCCCN1[C]N(C(C)(C)C)C(N)=C1[N+](=O)[O-]
ONYUNPZKIBMLKG-UHFFFAOYSA-N,Ethynyl,Propargyl,NH2,NO2,C#CCn1c[n+](C#C)c([N+](=O)[O-])c1N,C#CCN1[C]N(C#C)C([N+](=O)[O-])=C1N
OOACCZDMPFQRRK-UHFFFAOYSA-N,Et,iPr,NO2,CN,CC[n+]1cn(C(C)C)c([N+](=O)[O-])c1C#N,CCN1[C]N(C(C)C)C([N+](=O)[O-])=C1C#N
OOFHONGHLNWHAQ-UHFFFAOYSA-N,Et,iPr,CN,CN,CC[n+]1cn(C(C)C)c(C#N)c1C#N,CCN1[C]N(C(C)C)C(C#N)=C1C#N
OOPUBMNNVFTXJI-UHFFFAOYSA-N,Et,Vinyl,H,NH2,C=Cn1cc(N)[n+](CC)c1,C=CN1[C]N(CC)C(N)=C1
OOYPNLOWUALUQX-UHFFFAOYSA-N,Me,tBu,NO2,NH2,C[n+]1cn(C(C)(C)C)c([N+](=O)[O-])c1N,CN1[C]N(C(C)(C)C)C([N+](=O)[O-])=C1N
OPCSVINXNOZZAT-UHFFFAOYSA-N,nBu,Ph,F,OMe,CCCC[n+]1cn(-c2ccccc2)c(F)c1OC,CCCCN1[C]N(c2ccccc2)C(F)=C1OC
OQAJXDXFWZOMAI-UHFFFAOYSA-N,Me,Ethynyl,OMe,F,C#Cn1c[n+](C)c(F)c1OC,C#CN1[C]N(C)C(F)=C1OC
OQCXYPCVVSAHTO-UHFFFAOYSA-N,nBu,Ethynyl,OMe,CN,C#Cn1c[n+](CCCC)c(C#N)c1OC,C#CN1[C]N(CCCC)C(C#N)=C1OC
OQMNXKPMQLUILA-UHFFFAOYSA-N,Me,Allyl,NH2,OMe,C=CCn1c[n+](C)c(OC)c1N,C=CCN1[C]N(C)C(OC)=C1N
OQUAHXDHULEABF-UHFFFAOYSA-N,Vinyl,Propargyl,CN,Me,C#CCn1c[n+](C=C)c(C)c1C#N,C#CCN1[C]N(C=C)C(C)=C1C#N
ORSYIMGEAZXOOJ-UHFFFAOYSA-N,Et,Ethynyl,CF3,CF3,C#Cn1c[n+](CC)c(C(F)(F)F)c1C(F)(F)F,C#CN1[C]N(CC)C(C(F)(F)F)=C1C(F)(F)F
ORZXZLIGAYQQKS-UHFFFAOYSA-N,Me,Ph,H,Me,Cc1cn(-c2ccccc2)c[n+]1C,CC1=CN(c2ccccc2)[C]N1C
OSRGKEVXBDTZIM-UHFFFAOYSA-N,tBu,tBu,CF3,OMe,COc1c(C(F)(F)F)n(C(C)(C)C)c[n+]1C(C)(C)C,COC1=C(C(F)(F)F)N(C(C)(C)C)[C]N1C(C)(C)C
OSUPUYJMMNILSQ-UHFFFAOYSA-N,Me,iPr,H,F,CC(C)n1cc(F)[n+](C)c1,CC(C)N1[C]N(C)C(F)=C1
OSXWRDDIVAHXNE-UHFFFAOYSA-N,Et,Propargyl,NH2,CN,C#CCn1c[n+](CC)c(C#N)c1N,C#CCN1[C]N(CC)C(C#N)=C1N
OTJSFYUICSASFT-UHFFFAOYSA-N,nBu,Ph,F,NH2,CCCC[n+]1cn(-c2ccccc2)c(F)c1N,CCCCN1[C]N(c2ccccc2)C(F)=C1N
OTOCHEOZXDLYCN-UHFFFAOYSA-N,nBu,Vinyl,NO2,Me,C=Cn1c[n+](CCCC)c(C)c1[N+](=O)[O-],C=CN1[C]N(CCCC)C(C)=C1[N+](=O)[O-]
OTRVIRXFFGKRNM-UHFFFAOYSA-N,Ethynyl,Propargyl,H,OMe,C#CCn1cc(OC)[n+](C#C)c1,C#CCN1[C]N(C#C)C(OC)=C1
OTYNVJGHZWYRIF-UHFFFAOYSA-N,tBu,Propargyl,CN,OMe,C#CCn1c[n+](C(C)(C)C)c(OC)c1C#N,C#CCN1[C]N(C(C)(C)C)C(OC)=C1C#N
OUDLGVQZWIZUDR-UHFFFAOYSA-N,Et,Allyl,NH2,F,C=CCn1c[n+](CC)c(F)c1N,C=CCN1[C]N(CC)C(F)=C1N
OUQTVTDSUVLCCT-UHFFFAOYSA-N,Me,Allyl,NO2,F,C=CCn1c[n+](C)c(F)c1[N+](=O)[O-],C=CCN1[C]N(C)C(F)=C1[N+](=O)[O-]
OVFOWOIUZMWGKP-UHFFFAOYSA-N,Me,Ethynyl,NO2,OMe,C#Cn1c[n+](C)c(OC)c1[N+](=O)[O-],C#CN1[C]N(C)C(OC)=C1[N+](=O)[O-]
OVFRCVMDFGMBMK-UHFFFAOYSA-N,Et,Allyl,H,F,C=CCn1cc(F)[n+](CC)c1,C=CCN1[C]N(CC)C(F)=C1
OVQKHYXEZOUWLP-UHFFFAOYSA-N,tBu,Ph,OMe,Me,COc1c(C)[n+](C(C)(C)C)cn1-c1ccccc1,COC1=C(C)N(C(C)(C)C)[C]N1c1ccccc1
OWDJBEAIUGONGX-UHFFFAOYSA-N,Me,Ethynyl,CF3,CF3,C#Cn1c[n+](C)c(C(F)(F)F)c1C(F)(F)F,C#CN1[C]N(C)C(C(F)(F)F)=C1C(F)(F)F
OWLFJYBRZMNNQM-UHFFFAOYSA-N,Et,Vinyl,H,NO2,C=Cn1cc([N+](=O)[O-])[n+](CC)c1,C=CN1[C]N(CC)C([N+](=O)[O-])=C1
OWMPVKRAMIPHTO-UHFFFAOYSA-N,tBu,Propargyl,NO2,Me,C#CCn1c[n+](C(C)(C)C)c(C)c1[N+](=O)[O-],C#CCN1[C]N(C(C)(C)C)C(C)=C1[N+](=O)[O-]
OWMRZQDAYUKSHZ-UHFFFAOYSA-N,Ethynyl,Ethynyl,OMe,OMe,C#Cn1c[n+](C#C)c(OC)c1OC,C#CN1[C]N(C#C)C(OC)=C1OC
OWRQJEVOFIULQM-UHFFFAOYSA-N,tBu,Ph,F,H,CC(C)(C)[n+]1cc(F)n(-c2ccccc2)c1,CC(C)(C)N1[C]N(c2ccccc2)C(F)=C1
OXDTTXFKMOHWCF-UHFFFAOYSA-N,tBu,Propargyl,NO2,NO2,C#CCn1c[n+](C(C)(C)C)c([N+](=O)[O-])c1[N+](=O)[O-],C#CCN1[C]N(C(C)(C)C)C([N+](=O)[O-])=C1[N+](=O)[O-]
OXOSBNRFQNVRCO-UHFFFAOYSA-N,Et,tBu,F,CN,CC[n+]1cn(C(C)(C)C)c(F)c1C#N,CCN1[C]N(C(C)(C)C)C(F)=C1C#N
OXPUDGKQAOCNIZ-UHFFFAOYSA-N,tBu,Allyl,F,NO2,C=CCn1c[n+](C(C)(C)C)c([N+](=O)[O-])c1F,C=CCN1[C]N(C(C)(C)C)C([N+](=O)[O-])=C1F
OYHDUOGKABSRTL-UHFFFAOYSA-N,Me,Vinyl,NO2,CF3,C=Cn1c[n+](C)c(C(F)(F)F)c1[N+](=O)[O-],C=CN1[C]N(C)C(C(F)(F)F)=C1[N+](=O)[O-]
OYKOLLDFGUPBPJ-UHFFFAOYSA-N,Vinyl,Vinyl,CF3,CF3,C=Cn1c[n+](C=C)c(C(F)(F)F)c1C(F)(F)F,C=CN1[C]N(C=C)C(C(F)(F)F)=C1C(F)(F)F
OYVVGFBRSPXRHD-UHFFFAOYSA-N,Me,tBu,OMe,F,COc1c(F)[n+](C)cn1C(C)(C)C,COC1=C(F)N(C)[C]N1C(C)(C)C
OZANZOAYLZBQKQ-UHFFFAOYSA-N,nBu,iPr,F,CN,CCCC[n+]1cn(C(C)C)c(F)c1C#N,CCCCN1[C]N(C(C)C)C(F)=C1C#N
OZCDERZLWSKLDL-UHFFFAOYSA-N,nBu,iPr,NO2,F,CCCC[n+]1cn(C(C)C)c([N+](=O)[O-])c1F,CCCCN1[C]N(C(C)C)C([N+](=O)[O-])=C1F
OZCFVONCHSDUFE-UHFFFAOYSA-N,tBu,Ph,NO2,CN,CC(C)(C)[n+]1cn(-c2ccccc2)c([N+](=O)[O-])c1C#N,CC(C)(C)N1[C]N(c2ccccc2)C([N+](=O)[O-])=C1C#N
OZELOCNPHBNICC-UHFFFAOYSA-N,Vinyl,Ph,H,NH2,C=C[n+]1cn(-c2ccccc2)cc1N,C=CN1[C]N(c2ccccc2)C=C1N
OZSUOEJOZRNDLZ-UHFFFAOYSA-N,Et,Vinyl,CF3,H,C=Cn1c[n+](CC)cc1C(F)(F)F,C=CN1[C]N(CC)C=C1C(F)(F)F
OZTVNASJLNEHQA-UHFFFAOYSA-N,Me,Allyl,CF3,CN,C=CCn1c[n+](C)c(C#N)c1C(F)(F)F,C=CCN1[C]N(C)C(C#N)=C1C(F)(F)F
OZWLAEUSNYZCGX-UHFFFAOYSA-N,Vinyl,Ethynyl,NO2,CF3,C#Cn1c[n+](C=C)c(C(F)(F)F)c1[N+](=O)[O-],C#CN1[C]N(C=C)C(C(F)(F)F)=C1[N+](=O)[O-]
PAGWSYACKSZLAN-UHFFFAOYSA-N,nBu,Propargyl,NH2,NH2,C#CCn1c[n+](CCCC)c(N)c1N,C#CCN1[C]N(CCCC)C(N)=C1N
PAKPKJFYGXOLON-UHFFFAOYSA-N,Me,Et,F,NO2,CCn1c[n+](C)c([N+](=O)[O-])c1F,CCN1[C]N(C)C([N+](=O)[O-])=C1F
PANLKISPKZHCLG-UHFFFAOYSA-N,tBu,Vinyl,H,CN,C=Cn1cc(C#N)[n+](C(C)(C)C)c1,C=CN1[C]N(C(C)(C)C)C(C#N)=C1
PAOVUVMFGOVNKH-UHFFFAOYSA-N,Et,Vinyl,NO2,Me,C=Cn1c[n+](CC)c(C)c1[N+](=O)[O-],C=CN1[C]N(CC)C(C)=C1[N+](=O)[O-]
PAVFMFUUENSPFC-UHFFFAOYSA-N,Me,Propargyl,F,NH2,C#CCn1c[n+](C)c(N)c1F,C#CCN1[C]N(C)C(N)=C1F
PAXBYFMQAMICPN-UHFFFAOYSA-N,Me,Et,OMe,CF3,CCn1c[n+](C)c(C(F)(F)F)c1OC,CCN1[C]N(C)C(C(F)(F)F)=C1OC
PAYILWGXYCJMOS-UHFFFAOYSA-N,Et,iPr,NH2,OMe,CC[n+]1cn(C(C)C)c(N)c1OC,CCN1[C]N(C(C)C)C(N)=C1OC
PBEZSUHLJXFWDS-UHFFFAOYSA-N,Me,iPr,F,NH2,CC(C)n1c[n+](C)c(N)c1F,CC(C)N1[C]N(C)C(N)=C1F
PBGPNACNTOJFCF-UHFFFAOYSA-N,Vinyl,Allyl,CN,OMe,C=CCn1c[n+](C=C)c(OC)c1C#N,C=CCN1[C]N(C=C)C(OC)=C1C#N
PBMZLHJKSYNSTP-UHFFFAOYSA-N,Vinyl,Allyl,NH2,F,C=CCn1c[n+](C=C)c(F)c1N,C=CCN1[C]N(C=C)C(F)=C1N
PCNOKIIJNYMVAG-UHFFFAOYSA-N,Et,Allyl,OMe,CF3,C=CCn1c[n+](CC)c(C(F)(F)F)c1OC,C=CCN1[C]N(CC)C(C(F)(F)F)=C1OC
PDCWHMJIVXECKG-UHFFFAOYSA-N,nBu,Vinyl,CN,NO2,C=Cn1c[n+](CCCC)c([N+](=O)[O-])c1C#N,C=CN1[C]N(CCCC)C([N+](=O)[O-])=C1C#N
PDIYCCLDBKWBTK-UHFFFAOYSA-N,Et,Ph,H,Me,CC[n+]1cn(-c2ccccc2)cc1C,CCN1[C]N(c2ccccc2)C=C1C
PEQKNWSHHWHKMM-UHFFFAOYSA-N,Me,tBu,CN,NO2,C[n+]1cn(C(C)(C)C)c(C#N)c1[N+](=O)[O-],CN1[C]N(C(C)(C)C)C(C#N)=C1[N+](=O)[O-]
PEYBHUSPSIZTSQ-UHFFFAOYSA-N,nBu,tBu,NO2,H,CCCC[n+]1cc([N+](=O)[O-])n(C(C)(C)C)c1,CCCCN1[C]N(C(C)(C)C)C([N+](=O)[O-])=C1
PFUHIMJOUMQYOM-UHFFFAOYSA-N,nBu,Allyl,NO2,Me,C=CCn1c[n+](CCCC)c(C)c1[N+](=O)[O-],C=CCN1[C]N(CCCC)C(C)=C1[N+](=O)[O-]
PGVIPVZSLQCFEQ-UHFFFAOYSA-N,Et,Ethynyl,CF3,NH2,C#Cn1c[n+](CC)c(N)c1C(F)(F)F,C#CN1[C]N(CC)C(N)=C1C(F)(F)F
PGZJLFWLTKUKNX-UHFFFAOYSA-N,Me,tBu,CN,Me,Cc1c(C#N)n(C(C)(C)C)c[n+]1C,CC1=C(C#N)N(C(C)(C)C)[C]N1C
PHALZRVPBDFJIF-UHFFFAOYSA-N,Vinyl,Propargyl,CN,H,C#CCn1c[n+](C=C)cc1C#N,C#CCN1[C]N(C=C)C=C1C#N
PHSWRQDAMDRDPW-UHFFFAOYSA-N,Vinyl,Ph,NO2,NH2,C=C[n+]1cn(-c2ccccc2)c([N+](=O)[O-])c1N,C=CN1[C]N(c2ccccc2)C([N+](=O)[O-])=C1N
PIDASAXOGZAFSV-UHFFFAOYSA-N,Ethynyl,Ph,H,NO2,C#C[n+]1cn(-c2ccccc2)cc1[N+](=O)[O-],C#CN1[C]N(c2ccccc2)C=C1[N+](=O)[O-]
PILLLIJFVWYFIZ-UHFFFAOYSA-N,Me,Ph,NH2,F,C[n+]1cn(-c2ccccc2)c(N)c1F,CN1[C]N(c2ccccc2)C(N)=C1F
PISHXTFJAFJONT-UHFFFAOYSA-N,Vinyl,Propargyl,F,Me,C#CCn1c[n+](C=C)c(C)c1F,C#CCN1[C]N(C=C)C(C)=C1F
PJINCEYFEQZZAW-UHFFFAOYSA-N,Ethynyl,Propargyl,NO2,H,C#CCn1c[n+](C#C)cc1[N+](=O)[O-],C#CCN1[C]N(C#C)C=C1[N+](=O)[O-]
PJTXSQXACXRCQV-UHFFFAOYSA-N,Me,Ethynyl,CN,NH2,C#Cn1c[n+](C)c(N)c1C#N,C#CN1[C]N(C)C(N)=C1C#N
PJZUOZARJNIMPJ-UHFFFAOYSA-N,Me,Me,NO2,OMe,COc1c([N+](=O)[O-])n(C)c[n+]1C,COC1=C([N+](=O)[O-])N(C)[C]N1C
PKDFHRNFAXMVRT-UHFFFAOYSA-N,Et,Ph,H,CN,CC[n+]1cn(-c2ccccc2)cc1C#N,CCN1[C]N(c2ccccc2)C=C1C#N
PKEZWTZUHGIAJH-UHFFFAOYSA-N,nBu,Allyl,H,NH2,C=CCn1cc(N)[n+](CCCC)c1,C=CCN1[C]N(CCCC)C(N)=C1
PKFDDRGZVAGVKH-UHFFFAOYSA-N,tBu,Ethynyl,OMe,CF3,C#Cn1c[n+](C(C)(C)C)c(C(F)(F)F)c1OC,C#CN1[C]N(C(C)(C)C)C(C(F)(F)F)=C1OC
PKKPVXNBBYJRNI-UHFFFAOYSA-N,nBu,tBu,CF3,CF3,CCCC[n+]1cn(C(C)(C)C)c(C(F)(F)F)c1C(F)(F)F,CCCCN1[C]N(C(C)(C)C)C(C(F)(F)F)=C1C(F)(F)F
PKLUGHOKPWSYJS-UHFFFAOYSA-N,Me,Me,OMe,NH2,COc1c(N)[n+](C)cn1C,COC1=C(N)N(C)[C]N1C
PKMAOOMQFUMCRP-UHFFFAOYSA-N,Vinyl,Ph,OMe,CF3,C=C[n+]1cn(-c2ccccc2)c(OC)c1C(F)(F)F,C=CN1[C]N(c2ccccc2)C(OC)=C1C(F)(F)F
PKRHHPMKCOMZOT-UHFFFAOYSA-N,Et,Ph,H,H,CC[n+]1ccn(-c2ccccc2)c1,CCN1[C]N(c2ccccc2)C=C1
PKXKTGDKDHMWGK-UHFFFAOYSA-N,Me,tBu,F,CN,C[n+]1cn(C(C)(C)C)c(F)c1C#N,CN1[C]N(C(C)(C)C)C(F)=C1C#N
PKYSZIDRVZERNF-UHFFFAOYSA-N,nBu,Propargyl,NO2,OMe,C#CCn1c[n+](CCCC)c(OC)c1[N+](=O)[O-],C#CCN1[C]N(CCCC)C(OC)=C1[N+](=O)[O-]
PLSQHKFYMDRCAN-UHFFFAOYSA-N,nBu,Propargyl,H,OMe,C#CCn1cc(OC)[n+](CCCC)c1,C#CCN1[C]N(CCCC)C(OC)=C1
PLYWGRRLXOLBRJ-UHFFFAOYSA-N,tBu,Propargyl,OMe,CF3,C#CCn1c[n+](C(C)(C)C)c(C(F)(F)F)c1OC,C#CCN1[C]N(C(C)(C)C)C(C(F)(F)F)=C1OC
PMOVDUQFTHKDJS-UHFFFAOYSA-N,nBu,Ph,NH2,NO2,CCCC[n+]1cn(-c2ccccc2)c(N)c1[N+](=O)[O-],CCCCN1[C]N(c2ccccc2)C(N)=C1[N+](=O)[O-]
PMPUSEWFQVHUNO-UHFFFAOYSA-N,Me,Allyl,H,Me,C=CCn1cc(C)[n+](C)c1,C=CCN1[C]N(C)C(C)=C1
PMSIZDFADYEJTC-UHFFFAOYSA-N,nBu,Propargyl,H,F,C#CCn1cc(F)[n+](CCCC)c1,C#CCN1[C]N(CCCC)C(F)=C1
PMVJFLFMLGIOLT-UHFFFAOYSA-N,nBu,Ph,NH2,H,CCCC[n+]1cc(N)n(-c2ccccc2)c1,CCCCN1[C]N(c2ccccc2)C(N)=C1
PMYCDQIZOZLYNL-UHFFFAOYSA-N,Me,tBu,OMe,CN,COc1c(C#N)[n+](C)cn1C(C)(C)C,COC1=C(C#N)N(C)[C]N1C(C)(C)C
PNAIRXRAMYTVFC-UHFFFAOYSA-N,Me,Propargyl,F,CN,C#CCn1c[n+](C)c(C#N)c1F,C#CCN1[C]N(C)C(C#N)=C1F
PNBJUOAVNIIZNV-UHFFFAOYSA-N,Vinyl,Vinyl,F,NO2,C=Cn1c[n+](C=C)c([N+](=O)[O-])c1F,C=CN1[C]N(C=C)C([N+](=O)[O-])=C1F
PNFCCXWQHZNYND-UHFFFAOYSA-N,Et,iPr,CF3,NO2,CC[n+]1cn(C(C)C)c(C(F)(F)F)c1[N+](=O)[O-],CCN1[C]N(C(C)C)C(C(F)(F)F)=C1[N+](=O)[O-]
PNSWXSZMQLITFA-UHFFFAOYSA-N,nBu,iPr,CF3,CN,CCCC[n+]1cn(C(C)C)c(C(F)(F)F)c1C#N,CCCCN1[C]N(C(C)C)C(C(F)(F)F)=C1C#N
PNWCGEHDBSTXHO-UHFFFAOYSA-N,tBu,Propargyl,CF3,H,C#CCn1c[n+](C(C)(C)C)cc1C(F)(F)F,C#CCN1[C]N(C(C)(C)C)C=C1C(F)(F)F
PONOYKJLXFMKLI-UHFFFAOYSA-N,nBu,Ethynyl,H,NO2,C#Cn1cc([N+](=O)[O-])[n+](CCCC)c1,C#CN1[C]N(CCCC)C([N+](=O)[O-])=C1
POOXVKVFGKGFSS-UHFFFAOYSA-N,Et,tBu,CN,Me,CC[n+]1cn(C(C)(C)C)c(C#N)c1C,CCN1[C]N(C(C)(C)C)C(C#N)=C1C
PPFNVVWVOGEPCB-UHFFFAOYSA-N,Vinyl,Propargyl,H,Me,C#CCn1cc(C)[n+](C=C)c1,C#CCN1[C]N(C=C)C(C)=C1
PPIZPHDLGCIGBX-UHFFFAOYSA-N,Me,Me,H,OMe,COc1cn(C)c[n+]1C,COC1=CN(C)[C]N1C
PPXGNLJOPUUMHD-UHFFFAOYSA-N,Me,Ph,CN,NH2,C[n+]1cn(-c2ccccc2)c(C#N)c1N,CN1[C]N(c2ccccc2)C(C#N)=C1N
PQOPTKHODJNNPC-UHFFFAOYSA-N,nBu,Vinyl,H,H,C=Cn1cc[n+](CCCC)c1,C=CN1[C]N(CCCC)C=C1
PQTLDTGJABWCCH-UHFFFAOYSA-N,Ethynyl,Ph,F,NH2,C#C[n+]1cn(-c2ccccc2)c(F)c1N,C#CN1[C]N(c2ccccc2)C(F)=C1N
PRKGKLZVDLMTOY-UHFFFAOYSA-N,tBu,Propargyl,H,H,C#CCn1cc[n+](C(C)(C)C)c1,C#CCN1[C]N(C(C)(C)C)C=C1
PSGYWPXHDHKNFH-UHFFFAOYSA-N,Et,Ethynyl,F,Me,C#Cn1c[n+](CC)c(C)c1F,C#CN1[C]N(CC)C(C)=C1F
PSNPRKCFICUSFR-UHFFFAOYSA-N,tBu,Ph,H,H,CC(C)(C)[n+]1ccn(-c2ccccc2)c1,CC(C)(C)N1[C]N(c2ccccc2)C=C1
PSUOOGHAUPISSZ-UHFFFAOYSA-N,Me,Vinyl,CN,NO2,C=Cn1c[n+](C)c([N+](=O)[O-])c1C#N,C=CN1[C]N(C)C([N+](=O)[O-])=C1C#N
PTBVKXOOKVUJMN-UHFFFAOYSA-N,Me,Ph,CN,H,C[n+]1cc(C#N)n(-c2ccccc2)c1,CN1[C]N(c2ccccc2)C(C#N)=C1
PTKPJICHJKLJNM-UHFFFAOYSA-N,Ethynyl,Ph,NH2,H,C#C[n+]1cc(N)n(-c2ccccc2)c1,C#CN1[C]N(c2ccccc2)C(N)=C1
PTUWWQVWPAKSKD-UHFFFAOYSA-N,Vinyl,Propargyl,F,NO2,C#CCn1c[n+](C=C)c([N+](=O)[O-])c1F,C#CCN1[C]N(C=C)C([N+](=O)[O-])=C1F
PTXHLQQMTRWABC-UHFFFAOYSA-N,tBu,Ethynyl,CF3,NH2,C#Cn1c[n+](C(C)(C)C)c(N)c1C(F)(F)F,C#CN1[C]N(C(C)(C)C)C(N)=C1C(F)(F)F
PUCUUPDSKVPFAM-UHFFFAOYSA-N,nBu,Ph,H,CF3,CCCC[n+]1cn(-c2ccccc2)cc1C(F)(F)F,CCCCN1[C]N(c2ccccc2)C=C1C(F)(F)F
PUDUFYOWZAQFJU-UHFFFAOYSA-N,nBu,Propargyl,H,NH2,C#CCn1cc(N)[n+](CCCC)c1,C#CCN1[C]N(CCCC)C(N)=C1
PULUCCUGNAGAKC-UHFFFAOYSA-N,Ethynyl,Propargyl,CF3,Me,C#CCn1c[n+](C#C)c(C)c1C(F)(F)F,C#CCN1[C]N(C#C)C(C)=C1C(F)(F)F
PUQONCKINALKFH-UHFFFAOYSA-N,Me,Allyl,NH2,F,C=CCn1c[n+](C)c(F)c1N,C=CCN1[C]N(C)C(F)=C1N
PUSYZZBIDQDELP-UHFFFAOYSA-N,Et,Ph,H,CF3,CC[n+]1cn(-c2ccccc2)cc1C(F)(F)F,CCN1[C]N(c2ccccc2)C=C1C(F)(F)F
PUTBKVWJCAQIGC-UHFFFAOYSA-N,Me,Vinyl,F,H,C=Cn1c[n+](C)cc1F,C=CN1[C]N(C)C=C1F
PVAOBCDVIPSQJD-UHFFFAOYSA-N,Me,Et,H,OMe,CCn1cc(OC)[n+](C)c1,CCN1[C]N(C)C(OC)=C1
PVDCONWLROELRR-UHFFFAOYSA-N,nBu,Propargyl,NH2,OMe,C#CCn1c[n+](CCCC)c(OC)c1N,C#CCN1[C]N(CCCC)C(OC)=C1N
PVGVOWJWVXZHAT-UHFFFAOYSA-N,Vinyl,Ethynyl,F,CF3,C#Cn1c[n+](C=C)c(C(F)(F)F)c1F,C#CN1[C]N(C=C)C(C(F)(F)F)=C1F
PVLCICWSEASMPQ-UHFFFAOYSA-N,Et,iPr,NO2,NO2,CC[n+]1cn(C(C)C)c([N+](=O)[O-])c1[N+](=O)[O-],CCN1[C]N(C(C)C)C([N+](=O)[O-])=C1[N+](=O)[O-]
PVQKPWIMTGSXBZ-UHFFFAOYSA-N,Me,tBu,NH2,Me,Cc1c(N)n(C(C)(C)C)c[n+]1C,CC1=C(N)N(C(C)(C)C)[C]N1C
PWOVOLFMDZWWOO-UHFFFAOYSA-N,Et,Propargyl,OMe,OMe,C#CCn1c[n+](CC)c(OC)c1OC,C#CCN1[C]N(CC)C(OC)=C1OC
PXBDYJBSCCQJLT-UHFFFAOYSA-N,Me,iPr,OMe,NH2,COc1c(N)[n+](C)cn1C(C)C,COC1=C(N)N(C)[C]N1C(C)C
PYDKWFVJOUYBBJ-UHFFFAOYSA-N,Et,Allyl,OMe,CN,C=CCn1c[n+](CC)c(C#N)c1OC,C=CCN1[C]N(CC)C(C#N)=C1OC
PYFPPSYWBUVIIH-UHFFFAOYSA-N,Vinyl,Ph,H,Me,C=C[n+]1cn(-c2ccccc2)cc1C,C=CN1[C]N(c2ccccc2)C=C1C
PZFRDTKSAFHBPG-UHFFFAOYSA-N,Vinyl,Ph,CF3,CF3,C=C[n+]1cn(-c2ccccc2)c(C(F)(F)F)c1C(F)(F)F,C=CN1[C]N(c2ccccc2)C(C(F)(F)F)=C1C(F)(F)F
PZLBPWBSVFRRSK-UHFFFAOYSA-N,Me,Et,F,OMe,CCn1c[n+](C)c(OC)c1F,CCN1[C]N(C)C(OC)=C1F
PZNHFLOEWRCHTD-UHFFFAOYSA-N,nBu,Ethynyl,CF3,CN,C#Cn1c[n+](CCCC)c(C#N)c1C(F)(F)F,C#CN1[C]N(CCCC)C(C#N)=C1C(F)(F)F
PZPRHMQEVXJSLY-UHFFFAOYSA-N,tBu,tBu,OMe,NH2,COc1c(N)[n+](C(C)(C)C)cn1C(C)(C)C,COC1=C(N)N(C(C)(C)C)[C]N1C(C)(C)C
PZXUGDKLNRTKOC-UHFFFAOYSA-N,Vinyl,Allyl,H,NO2,C=CCn1cc([N+](=O)[O-])[n+](C=C)c1,C=CCN1[C]N(C=C)C([N+](=O)[O-])=C1
PZXXLCSIOGRCJN-UHFFFAOYSA-N,nBu,tBu,H,F,CCCC[n+]1cn(C(C)(C)C)cc1F,CCCCN1[C]N(C(C)(C)C)C=C1F
QAJDRKXBGAYSHD-UHFFFAOYSA-N,Me,Ethynyl,NH2,CF3,C#Cn1c[n+](C)c(C(F)(F)F)c1N,C#CN1[C]N(C)C(C(F)(F)F)=C1N
QARYRULQQZPLCI-UHFFFAOYSA-N,Me,iPr,OMe,Me,COc1c(C)[n+](C)cn1C(C)C,COC1=C(C)N(C)[C]N1C(C)C
QBAGMTYHEGYCQW-UHFFFAOYSA-N,Vinyl,Ethynyl,OMe,F,C#Cn1c[n+](C=C)c(F)c1OC,C#CN1[C]N(C=C)C(F)=C1OC
QBCHKGFPUDRBIA-UHFFFAOYSA-N,tBu,Propargyl,OMe,NO2,C#CCn1c[n+](C(C)(C)C)c([N+](=O)[O-])c1OC,C#CCN1[C]N(C(C)(C)C)C([N+](=O)[O-])=C1OC
QBKAHKAFBXYBFK-UHFFFAOYSA-N,nBu,Ph,CN,Me,CCCC[n+]1cn(-c2ccccc2)c(C#N)c1C,CCCCN1[C]N(c2ccccc2)C(C#N)=C1C
QBNKCYSXJWEQLN-UHFFFAOYSA-N,nBu,Vinyl,F,NO2,C=Cn1c[n+](CCCC)c([N+](=O)[O-])c1F,C=CN1[C]N(CCCC)C([N+](=O)[O-])=C1F
QBTNSJYRCBFRMW-UHFFFAOYSA-N,nBu,Propargyl,CN,CN,C#CCn1c[n+](CCCC)c(C#N)c1C#N,C#CCN1[C]N(CCCC)C(C#N)=C1C#N
QCVJTOPNPVYAAB-UHFFFAOYSA-N,nBu,Ethynyl,OMe,CF3,C#Cn1c[n+](CCCC)c(C(F)(F)F)c1OC,C#CN1[C]N(CCCC)C(C(F)(F)F)=C1OC
QDAKBXYYLZNZQA-UHFFFAOYSA-N,nBu,Ph,OMe,H,CCCC[n+]1cc(OC)n(-c2ccccc2)c1,CCCCN1[C]N(c2ccccc2)C(OC)=C1
QDHNONIOYWDLMH-UHFFFAOYSA-N,tBu,Ph,CN,NH2,CC(C)(C)[n+]1cn(-c2ccccc2)c(C#N)c1N,CC(C)(C)N1[C]N(c2ccccc2)C(C#N)=C1N
QDRLUWCYERTLDX-UHFFFAOYSA-N,Vinyl,Ethynyl,NO2,NO2,C#Cn1c[n+](C=C)c([N+](=O)[O-])c1[N+](=O)[O-],C#CN1[C]N(C=C)C([N+](=O)[O-])=C1[N+](=O)[O-]
QDURDLYOWYZYGZ-UHFFFAOYSA-N,Me,iPr,NH2,CN,CC(C)n1c[n+](C)c(C#N)c1N,CC(C)N1[C]N(C)C(C#N)=C1N
QEDJXOOYBCXXFZ-UHFFFAOYSA-N,nBu,tBu,H,H,CCCC[n+]1ccn(C(C)(C)C)c1,CCCCN1[C]N(C(C)(C)C)C=C1
QEOIENZOJBYKNY-UHFFFAOYSA-N,Vinyl,Ph,F,Me,C=C[n+]1cn(-c2ccccc2)c(F)c1C,C=CN1[C]N(c2ccccc2)C(F)=C1C
QFIPKJJCZBDSQH-UHFFFAOYSA-N,Et,Allyl,F,Me,C=CCn1c[n+](CC)c(C)c1F,C=CCN1[C]N(CC)C(C)=C1F
QFJVULZXSMGWHH-UHFFFAOYSA-N,nBu,Propargyl,CF3,F,C#CCn1c[n+](CCCC)c(F)c1C(F)(F)F,C#CCN1[C]N(CCCC)C(F)=C1C(F)(F)F
QFMRSRIXBGNIMK-UHFFFAOYSA-N,Vinyl,Ph,F,NH2,C=C[n+]1cn(-c2ccccc2)c(F)c1N,C=CN1[C]N(c2ccccc2)C(F)=C1N
QGNVJBVTIPMBDQ-UHFFFAOYSA-N,nBu,Propargyl,CF3,Me,C#CCn1c[n+](CCCC)c(C)c1C(F)(F)F,C#CCN1[C]N(CCCC)C(C)=C1C(F)(F)F
QHGROAWKRUQAHW-UHFFFAOYSA-N,Me,tBu,OMe,H,COc1c[n+](C)cn1C(C)(C)C,COC1=CN(C)[C]N1C(C)(C)C
QHOSAGVIJHQCIM-UHFFFAOYSA-N,tBu,tBu,NO2,NO2,CC(C)(C)n1c[n+](C(C)(C)C)c([N+](=O)[O-])c1[N+](=O)[O-],CC(C)(C)N1[C]N(C(C)(C)C)C([N+](=O)[O-])=C1[N+](=O)[O-]
QHPNHIGQKCBIGS-UHFFFAOYSA-N,tBu,Propargyl,H,CN,C#CCn1cc(C#N)[n+](C(C)(C)C)c1,C#CCN1[C]N(C(C)(C)C)C(C#N)=C1
QIBHFGLTZCSPGD-UHFFFAOYSA-N,Vinyl,Ethynyl,NO2,Me,C#Cn1c[n+](C=C)c(C)c1[N+](=O)[O-],C#CN1[C]N(C=C)C(C)=C1[N+](=O)[O-]
QICLBTAJGLBIDD-UHFFFAOYSA-N,Vinyl,Ethynyl,CN,OMe,C#Cn1c[n+](C=C)c(OC)c1C#N,C#CN1[C]N(C=C)C(OC)=C1C#N
QICYZBSUTVZSAL-UHFFFAOYSA-N,nBu,Ph,CN,F,CCCC[n+]1cn(-c2ccccc2)c(C#N)c1F,CCCCN1[C]N(c2ccccc2)C(C#N)=C1F
QIVAMKTWRLODCJ-UHFFFAOYSA-N,Me,Ethynyl,F,NO2,C#Cn1c[n+](C)c([N+](=O)[O-])c1F,C#CN1[C]N(C)C([N+](=O)[O-])=C1F
QJGFFOVLRHPECZ-UHFFFAOYSA-N,nBu,Ph,OMe,F,CCCC[n+]1cn(-c2ccccc2)c(OC)c1F,CCCCN1[C]N(c2ccccc2)C(OC)=C1F
QJKKGAFXWCMPGW-UHFFFAOYSA-N,nBu,Vinyl,F,Me,C=Cn1c[n+](CCCC)c(C)c1F,C=CN1[C]N(CCCC)C(C)=C1F
QJSQIGPHBRLJSV-UHFFFAOYSA-N,Et,Vinyl,NH2,OMe,C=Cn1c[n+](CC)c(OC)c1N,C=CN1[C]N(CC)C(OC)=C1N
QJVSNUHRMUYZJY-UHFFFAOYSA-N,tBu,Allyl,NO2,NH2,C=CCn1c[n+](C(C)(C)C)c(N)c1[N+](=O)[O-],C=CCN1[C]N(C(C)(C)C)C(N)=C1[N+](=O)[O-]
QKAXJYBZQFODEO-UHFFFAOYSA-N,Vinyl,Ethynyl,F,Me,C#Cn1c[n+](C=C)c(C)c1F,C#CN1[C]N(C=C)C(C)=C1F
QKJRGYNDXMJJHB-UHFFFAOYSA-N,Ethynyl,Propargyl,CF3,F,C#CCn1c[n+](C#C)c(F)c1C(F)(F)F,C#CCN1[C]N(C#C)C(F)=C1C(F)(F)F
QKLMWQXSHXJKCS-UHFFFAOYSA-N,tBu,Ph,F,NH2,CC(C)(C)[n+]1cn(-c2ccccc2)c(F)c1N,CC(C)(C)N1[C]N(c2ccccc2)C(F)=C1N
QKLQWAXQEDHRKN-UHFFFAOYSA-N,nBu,Allyl,CN,F,C=CCn1c[n+](CCCC)c(F)c1C#N,C=CCN1[C]N(CCCC)C(F)=C1C#N
QLCREYIUHVGPBH-UHFFFAOYSA-N,Vinyl,Allyl,F,CF3,C=CCn1c[n+](C=C)c(C(F)(F)F)c1F,C=CCN1[C]N(C=C)C(C(F)(F)F)=C1F
QLHGKESMQFCUOB-UHFFFAOYSA-N,tBu,Vinyl,F,H,C=Cn1c[n+](C(C)(C)C)cc1F,C=CN1[C]N(C(C)(C)C)C=C1F
QLZNQXZLIZFJTD-UHFFFAOYSA-N,nBu,tBu,F,NO2,CCCC[n+]1cn(C(C)(C)C)c(F)c1[N+](=O)[O-],CCCCN1[C]N(C(C)(C)C)C(F)=C1[N+](=O)[O-]
QMAMCXPGWBWZKU-UHFFFAOYSA-N,Me,iPr,CN,H,CC(C)n1c[n+](C)cc1C#N,CC(C)N1[C]N(C)C=C1C#N
QMMYBRKOXFKYKC-UHFFFAOYSA-N,Ethynyl,Ethynyl,H,NH2,C#Cn1cc(N)[n+](C#C)c1,C#CN1[C]N(C#C)C(N)=C1
QMWDLZOGPXYELA-UHFFFAOYSA-N,Et,iPr,OMe,Me,CC[n+]1cn(C(C)C)c(OC)c1C,CCN1[C]N(C(C)C)C(OC)=C1C
QNBSMZJSXHHOAQ-UHFFFAOYSA-N,Ethynyl,Ph,CF3,Me,C#C[n+]1cn(-c2ccccc2)c(C(F)(F)F)c1C,C#CN1[C]N(c2ccccc2)C(C(F)(F)F)=C1C
QNLUFCACRSSQKP-UHFFFAOYSA-N,Ethynyl,Ethynyl,NO2,OMe,C#Cn1c[n+](C#C)c(OC)c1[N+](=O)[O-],C#CN1[C]N(C#C)C([N+](=O)[O-])=C1OC
QNVHBCWJOLFGQO-UHFFFAOYSA-N,Et,Allyl,NO2,CN,C=CCn1c[n+](CC)c(C#N)c1[N+](=O)[O-],C=CCN1[C]N(CC)C(C#N)=C1[N+](=O)[O-]
QNVXLYQIKJAQLA-UHFFFAOYSA-N,Et,Propargyl,NO2,CF3,C#CCn1c[n+](CC)c(C(F)(F)F)c1[N+](=O)[O-],C#CCN1[C]N(CC)C(C(F)(F)F)=C1[N+](=O)[O-]
QNXZZRXACXARCU-UHFFFAOYSA-N,tBu,Ph,NO2,NH2,CC(C)(C)[n+]1cn(-c2ccccc2)c([N+](=O)[O-])c1N,CC(C)(C)N1[C]N(c2ccccc2)C([N+](=O)[O-])=C1N
QOIAOKPHKAYZNC-UHFFFAOYSA-N,tBu,Allyl,OMe,NO2,C=CCn1c[n+](C(C)(C)C)c([N+](=O)[O-])c1OC,C=CCN1[C]N(C(C)(C)C)C([N+](=O)[O-])=C1OC
QORKQPIOCCHUDM-UHFFFAOYSA-N,Et,Propargyl,CN,Me,C#CCn1c[n+](CC)c(C)c1C#N,C#CCN1[C]N(CC)C(C)=C1C#N
QOSPVYIWIHWYJK-UHFFFAOYSA-N,Et,Vinyl,NO2,H,C=Cn1c[n+](CC)cc1[N+](=O)[O-],C=CN1[C]N(CC)C=C1[N+](=O)[O-]
QOVYNXJWDJSXQK-UHFFFAOYSA-N,Et,tBu,H,CN,CC[n+]1cn(C(C)(C)C)cc1C#N,CCN1[C]N(C(C)(C)C)C=C1C#N
QOYXFTYFYQWJJA-UHFFFAOYSA-N,nBu,Allyl,F,CF3,C=CCn1c[n+](CCCC)c(C(F)(F)F)c1F,C=CCN1[C]N(CCCC)C(C(F)(F)F)=C1F
QPHMBCQITQJGBG-UHFFFAOYSA-N,Vinyl,Vinyl,NH2,NH2,C=Cn1c[n+](C=C)c(N)c1N,C=CN1[C]N(C=C)C(N)=C1N
QQCVETFXEWQESN-UHFFFAOYSA-N,Vinyl,Ph,CF3,H,C=C[n+]1cc(C(F)(F)F)n(-c2ccccc2)c1,C=CN1[C]N(c2ccccc2)C(C(F)(F)F)=C1
QQRYVRIOFKDSRL-UHFFFAOYSA-N,Vinyl,Ethynyl,CN,Me,C#Cn1c[n+](C=C)c(C)c1C#N,C#CN1[C]N(C=C)C(C)=C1C#N
QQSPKEHHQIGGOD-UHFFFAOYSA-N,Me,Ethynyl,F,CF3,C#Cn1c[n+](C)c(C(F)(F)F)c1F,C#CN1[C]N(C)C(C(F)(F)F)=C1F
QQTGDIYTVVWJAN-UHFFFAOYSA-N,Vinyl,Ph,F,CF3,C=C[n+]1cn(-c2ccccc2)c(F)c1C(F)(F)F,C=CN1[C]N(c2ccccc2)C(F)=C1C(F)(F)F
QRGIFWUPIRGVQN-UHFFFAOYSA-N,Ethynyl,Ph,H,CN,C#C[n+]1cn(-c2ccccc2)cc1C#N,C#CN1[C]N(c2ccccc2)C=C1C#N
QROFSPDLRZBALD-UHFFFAOYSA-N,Et,tBu,F,OMe,CC[n+]1cn(C(C)(C)C)c(F)c1OC,CCN1[C]N(C(C)(C)C)C(F)=C1OC
QRQCKXABBBYTJV-UHFFFAOYSA-N,Et,Ethynyl,CN,Me,C#Cn1c[n+](CC)c(C)c1C#N,C#CN1[C]N(CC)C(C)=C1C#N
QRQIXPUWWDWVRZ-UHFFFAOYSA-N,tBu,Allyl,OMe,NH2,C=CCn1c[n+](C(C)(C)C)c(N)c1OC,C=CCN1[C]N(C(C)(C)C)C(N)=C1OC
QRWWERBIVLNHRY-UHFFFAOYSA-N,Vinyl,Ph,H,F,C=C[n+]1cn(-c2ccccc2)cc1F,C=CN1[C]N(c2ccccc2)C=C1F
QSCCSHRXEYLNTL-UHFFFAOYSA-N,nBu,iPr,NO2,NH2,CCCC[n+]1cn(C(C)C)c([N+](=O)[O-])c1N,CCCCN1[C]N(C(C)C)C([N+](=O)[O-])=C1N
QSIGCXBYANRQBS-UHFFFAOYSA-N,Et,Vinyl,OMe,OMe,C=Cn1c[n+](CC)c(OC)c1OC,C=CN1[C]N(CC)C(OC)=C1OC
QSJGDIJMNJBBJZ-UHFFFAOYSA-N,Vinyl,Propargyl,F,NH2,C#CCn1c[n+](C=C)c(N)c1F,C#CCN1[C]N(C=C)C(N)=C1F
QSKOSDOFLYNZIJ-UHFFFAOYSA-N,Ethynyl,Propargyl,F,OMe,C#CCn1c[n+](C#C)c(OC)c1F,C#CCN1[C]N(C#C)C(OC)=C1F
QTLHHTWYZHVZCC-UHFFFAOYSA-N,tBu,Ph,NH2,CN,CC(C)(C)[n+]1cn(-c2ccccc2)c(N)c1C#N,CC(C)(C)N1[C]N(c2ccccc2)C(N)=C1C#N
QTOIFUUOQWENTJ-UHFFFAOYSA-N,nBu,Vinyl,NH2,Me,C=Cn1c[n+](CCCC)c(C)c1N,C=CN1[C]N(CCCC)C(C)=C1N
QTVDOHDIOBHRKD-UHFFFAOYSA-N,Me,Vinyl,OMe,Me,C=Cn1c[n+](C)c(C)c1OC,C=CN1[C]N(C)C(C)=C1OC
QTXMRKGVQDNFIX-UHFFFAOYSA-N,nBu,Vinyl,F,H,C=Cn1c[n+](CCCC)cc1F,C=CN1[C]N(CCCC)C=C1F
QUHLCYVKDCEOLB-UHFFFAOYSA-N,Me,Allyl,NO2,OMe,C=CCn1c[n+](C)c(OC)c1[N+](=O)[O-],C=CCN1[C]N(C)C(OC)=C1[N+](=O)[O-]
QUKHJURKGKWJJS-UHFFFAOYSA-N,Et,iPr,NH2,NH2,CC[n+]1cn(C(C)C)c(N)c1N,CCN1[C]N(C(C)C)C(N)=C1N
QUSYACZRJGCQTH-UHFFFAOYSA-N,Me,iPr,H,Me,Cc1cn(C(C)C)c[n+]1C,CC1=CN(C(C)C)[C]N1C
QUTVGKHRVIFXJV-UHFFFAOYSA-N,nBu,iPr,NH2,NO2,CCCC[n+]1cn(C(C)C)c(N)c1[N+](=O)[O-],CCCCN1[C]N(C(C)C)C(N)=C1[N+](=O)[O-]
QUVJLPCXROSKNF-UHFFFAOYSA-N,nBu,tBu,F,H,CCCC[n+]1cc(F)n(C(C)(C)C)c1,CCCCN1[C]N(C(C)(C)C)C(F)=C1
QWBVSHURCFWIRC-UHFFFAOYSA-N,Me,Ethynyl,F,H,C#Cn1c[n+](C)cc1F,C#CN1[C]N(C)C=C1F
QWCWMZMMMUGMQI-UHFFFAOYSA-N,Vinyl,Ethynyl,H,F,C#Cn1cc(F)[n+](C=C)c1,C#CN1[C]N(C=C)C(F)=C1
QWEVUWSMPQOZLE-UHFFFAOYSA-N,nBu,Allyl,H,CN,C=CCn1cc(C#N)[n+](CCCC)c1,C=CCN1[C]N(CCCC)C(C#N)=C1
QWHNKKXJBIGZOU-UHFFFAOYSA-N,Me,Vinyl,NH2,H,C=Cn1c[n+](C)cc1N,C=CN1[C]N(C)C=C1N
QWUDSENRYNSGKC-UHFFFAOYSA-N,Et,iPr,OMe,F,CC[n+]1cn(C(C)C)c(OC)c1F,CCN1[C]N(C(C)C)C(OC)=C1F
QWZLBAHZPJPXGQ-UHFFFAOYSA-N,Vinyl,Allyl,H,Me,C=CCn1cc(C)[n+](C=C)c1,C=CCN1[C]N(C=C)C(C)=C1
QXAMWQNEWGLROB-UHFFFAOYSA-N,Me,Ph,CF3,CN,C[n+]1cn(-c2ccccc2)c(C(F)(F)F)c1C#N,CN1[C]N(c2ccccc2)C(C(F)(F)F)=C1C#N
QXCOEYZNRABOFR-UHFFFAOYSA-N,nBu,Vinyl,CF3,CN,C=Cn1c[n+](CCCC)c(C#N)c1C(F)(F)F,C=CN1[C]N(CCCC)C(C#N)=C1C(F)(F)F
QXJORRHIZLUBAF-UHFFFAOYSA-N,Me,Ethynyl,OMe,CN,C#Cn1c[n+](C)c(C#N)c1OC,C#CN1[C]N(C)C(C#N)=C1OC
QXVFQONZUUJBIW-UHFFFAOYSA-N,Vinyl,Vinyl,CN,NH2,C=Cn1c[n+](C=C)c(N)c1C#N,C=CN1[C]N(C=C)C(C#N)=C1N
QYBROJNXEYQLEB-UHFFFAOYSA-N,Me,Propargyl,NO2,H,C#CCn1c[n+](C)cc1[N+](=O)[O-],C#CCN1[C]N(C)C=C1[N+](=O)[O-]
QYCHHLVWWXGJJA-UHFFFAOYSA-N,nBu,Ph,CF3,NH2,CCCC[n+]1cn(-c2ccccc2)c(C(F)(F)F)c1N,CCCCN1[C]N(c2ccccc2)C(C(F)(F)F)=C1N
QYMLTRLUPFVUNN-UHFFFAOYSA-N,Ethynyl,Ph,NH2,Me,C#C[n+]1cn(-c2ccccc2)c(N)c1C,C#CN1[C]N(c2ccccc2)C(N)=C1C
QYYJSMGMQQLLDZ-UHFFFAOYSA-N,Me,Et,F,F,CCn1c[n+](C)c(F)c1F,CCN1[C]N(C)C(F)=C1F
QZFSABIOROOPQG-UHFFFAOYSA-N,Ethynyl,Ethynyl,CF3,OMe,C#Cn1c[n+](C#C)c(OC)c1C(F)(F)F,C#CN1[C]N(C#C)C(C(F)(F)F)=C1OC
QZGZVRCMPISMOO-UHFFFAOYSA-N,nBu,tBu,CF3,NH2,CCCC[n+]1cn(C(C)(C)C)c(C(F)(F)F)c1N,CCCCN1[C]N(C(C)(C)C)C(C(F)(F)F)=C1N
QZWOJRGSYOSCON-UHFFFAOYSA-N,nBu,Ethynyl,CF3,OMe,C#Cn1c[n+](CCCC)c(OC)c1C(F)(F)F,C#CN1[C]N(CCCC)C(OC)=C1C(F)(F)F
QZXSRDYCUSBTHS-UHFFFAOYSA-N,tBu,Allyl,F,H,C=CCn1c[n+](C(C)(C)C)cc1F,C=CCN1[C]N(C(C)(C)C)C=C1F
RAIUGQMIRFOXIL-UHFFFAOYSA-N,Me,tBu,CN,NH2,C[n+]1cn(C(C)(C)C)c(C#N)c1N,CN1[C]N(C(C)(C)C)C(C#N)=C1N
RARNNPMDXXTDBV-UHFFFAOYSA-N,nBu,Ph,H,Me,CCCC[n+]1cn(-c2ccccc2)cc1C,CCCCN1[C]N(c2ccccc2)C=C1C
RATKDJDMBGPDPZ-UHFFFAOYSA-N,Ethynyl,Ethynyl,CN,NO2,C#Cn1c[n+](C#C)c([N+](=O)[O-])c1C#N,C#CN1[C]N(C#C)C([N+](=O)[O-])=C1C#N
RBBDSINTYAAWLC-UHFFFAOYSA-N,Vinyl,Allyl,H,H,C=CCn1cc[n+](C=C)c1,C=CCN1[C]N(C=C)C=C1
RBKFFSUUCLDQER-UHFFFAOYSA-N,nBu,tBu,CN,Me,CCCC[n+]1cn(C(C)(C)C)c(C#N)c1C,CCCCN1[C]N(C(C)(C)C)C(C#N)=C1C
RBKKFTPVVYJUDM-UHFFFAOYSA-N,Me,Ph,H,CN,C[n+]1cn(-c2ccccc2)cc1C#N,CN1[C]N(c2ccccc2)C=C1C#N
RBSPQCQGDTZQNJ-UHFFFAOYSA-N,tBu,Vinyl,CF3,NO2,C=Cn1c[n+](C(C)(C)C)c([N+](=O)[O-])c1C(F)(F)F,C=CN1[C]N(C(C)(C)C)C([N+](=O)[O-])=C1C(F)(F)F
RBXLVJRJOGTURS-UHFFFAOYSA-N,tBu,Vinyl,CN,OMe,C=Cn1c[n+](C(C)(C)C)c(OC)c1C#N,C=CN1[C]N(C(C)(C)C)C(OC)=C1C#N
RBZAXDIGMPCCHH-UHFFFAOYSA-N,Me,Ethynyl,NH2,H,C#Cn1c[n+](C)cc1N,C#CN1[C]N(C)C=C1N
RBZNAEJYHPTECP-UHFFFAOYSA-N,Me,iPr,CF3,NO2,CC(C)n1c[n+](C)c([N+](=O)[O-])c1C(F)(F)F,CC(C)N1[C]N(C)C([N+](=O)[O-])=C1C(F)(F)F
RCBLCADHJXLXPS-UHFFFAOYSA-N,nBu,Allyl,F,H,C=CCn1c[n+](CCCC)cc1F,C=CCN1[C]N(CCCC)C=C1F
RCKBRVJPBZVEGE-UHFFFAOYSA-N,Ethynyl,Propargyl,CN,OMe,C#CCn1c[n+](C#C)c(OC)c1C#N,C#CCN1[C]N(C#C)C(OC)=C1C#N
RCRAOFCZCYRJDV-UHFFFAOYSA-N,Me,tBu,OMe,NO2,COc1c([N+](=O)[O-])[n+](C)cn1C(C)(C)C,COC1=C([N+](=O)[O-])N(C)[C]N1C(C)(C)C
RCSHSQRJJSOOPK-UHFFFAOYSA-N,tBu,Ethynyl,CN,NH2,C#Cn1c[n+](C(C)(C)C)c(N)c1C#N,C#CN1[C]N(C(C)(C)C)C(N)=C1C#N
RDFOGBRQWCHVAK-UHFFFAOYSA-N,Me,Propargyl,F,NO2,C#CCn1c[n+](C)c([N+](=O)[O-])c1F,C#CCN1[C]N(C)C([N+](=O)[O-])=C1F
RDVXMLJUCBROTH-UHFFFAOYSA-N,Et,tBu,CN,NO2,CC[n+]1cn(C(C)(C)C)c(C#N)c1[N+](=O)[O-],CCN1[C]N(C(C)(C)C)C(C#N)=C1[N+](=O)[O-]
RECLDMYJQCJHEN-UHFFFAOYSA-N,Vinyl,Ph,OMe,NH2,C=C[n+]1cn(-c2ccccc2)c(OC)c1N,C=CN1[C]N(c2ccccc2)C(OC)=C1N
REDYGBJARZZZLK-UHFFFAOYSA-N,Et,Ethynyl,CN,CN,C#Cn1c[n+](CC)c(C#N)c1C#N,C#CN1[C]N(CC)C(C#N)=C1C#N
REQXTCUWMMSRKU-UHFFFAOYSA-N,Et,Allyl,NH2,NO2,C=CCn1c[n+](CC)c([N+](=O)[O-])c1N,C=CCN1[C]N(CC)C([N+](=O)[O-])=C1N
RERJEJGDOYCSMR-UHFFFAOYSA-N,Et,tBu,NH2,OMe,CC[n+]1cn(C(C)(C)C)c(N)c1OC,CCN1[C]N(C(C)(C)C)C(N)=C1OC
REWYPIVNPVBUJV-UHFFFAOYSA-N,Et,Allyl,NO2,CF3,C=CCn1c[n+](CC)c(C(F)(F)F)c1[N+](=O)[O-],C=CCN1[C]N(CC)C(C(F)(F)F)=C1[N+](=O)[O-]
RFBNPNVHMMFHRT-UHFFFAOYSA-N,Me,Et,H,CN,CCn1cc(C#N)[n+](C)c1,CCN1[C]N(C)C(C#N)=C1
RFPFNKDPROIEMU-UHFFFAOYSA-N,nBu,Propargyl,CF3,H,C#CCn1c[n+](CCCC)cc1C(F)(F)F,C#CCN1[C]N(CCCC)C=C1C(F)(F)F
RFSKPKDFHCQRNI-UHFFFAOYSA-N,nBu,Propargyl,NO2,CN,C#CCn1c[n+](CCCC)c(C#N)c1[N+](=O)[O-],C#CCN1[C]N(CCCC)C(C#N)=C1[N+](=O)[O-]
RGKDESAFWJYQCD-UHFFFAOYSA-N,Me,tBu,NH2,CN,C[n+]1cn(C(C)(C)C)c(N)c1C#N,CN1[C]N(C(C)(C)C)C(N)=C1C#N
RGPPTVNIQMDPFA-UHFFFAOYSA-N,Ethynyl,Ethynyl,H,CF3,C#Cn1cc(C(F)(F)F)[n+](C#C)c1,C#CN1[C]N(C#C)C(C(F)(F)F)=C1
RGZPHEZJRRRGFW-UHFFFAOYSA-N,nBu,Allyl,CF3,CF3,C=CCn1c[n+](CCCC)c(C(F)(F)F)c1C(F)(F)F,C=CCN1[C]N(CCCC)C(C(F)(F)F)=C1C(F)(F)F
RIEQYLGFBWEKIR-UHFFFAOYSA-N,tBu,Vinyl,OMe,CN,C=Cn1c[n+](C(C)(C)C)c(C#N)c1OC,C=CN1[C]N(C(C)(C)C)C(C#N)=C1OC
RIFVDAPLZDPQEE-UHFFFAOYSA-N,nBu,tBu,OMe,NO2,CCCC[n+]1cn(C(C)(C)C)c(OC)c1[N+](=O)[O-],CCCCN1[C]N(C(C)(C)C)C(OC)=C1[N+](=O)[O-]
RIRQGNXGLJEVFU-UHFFFAOYSA-N,Et,iPr,H,NH2,CC[n+]1cn(C(C)C)cc1N,CCN1[C]N(C(C)C)C=C1N
RJEDBPFJCBDHEU-UHFFFAOYSA-N,nBu,Ethynyl,NH2,CF3,C#Cn1c[n+](CCCC)c(C(F)(F)F)c1N,C#CN1[C]N(CCCC)C(C(F)(F)F)=C1N
RKJBRJLYYVRQLZ-UHFFFAOYSA-N,Me,Ethynyl,NO2,F,C#Cn1c[n+](C)c(F)c1[N+](=O)[O-],C#CN1[C]N(C)C(F)=C1[N+](=O)[O-]
RKKOVSRXLWJTKO-UHFFFAOYSA-N,Me,Allyl,NO2,H,C=CCn1c[n+](C)cc1[N+](=O)[O-],C=CCN1[C]N(C)C=C1[N+](=O)[O-]
RLHGCNRENCLTSV-UHFFFAOYSA-N,tBu,Ethynyl,OMe,H,C#Cn1c[n+](C(C)(C)C)cc1OC,C#CN1[C]N(C(C)(C)C)C=C1OC
RLILGOLKXFBHSJ-UHFFFAOYSA-N,Vinyl,Propargyl,OMe,NH2,C#CCn1c[n+](C=C)c(N)c1OC,C#CCN1[C]N(C=C)C(N)=C1OC
RLMFNTZLGKHQQP-UHFFFAOYSA-N,tBu,Ph,NH2,H,CC(C)(C)[n+]1cc(N)n(-c2ccccc2)c1,CC(C)(C)N1[C]N(c2ccccc2)C(N)=C1
RLTILMHOJRRCOX-UHFFFAOYSA-N,Et,Allyl,CF3,NO2,C=CCn1c[n+](CC)c([N+](=O)[O-])c1C(F)(F)F,C=CCN1[C]N(CC)C([N+](=O)[O-])=C1C(F)(F)F
RMAASHZCSMQEHZ-UHFFFAOYSA-N,Me,iPr,CF3,OMe,COc1c(C(F)(F)F)n(C(C)C)c[n+]1C,COC1=C(C(F)(F)F)N(C(C)C)[C]N1C
RMDTZOSVHNZCED-UHFFFAOYSA-N,Me,Et,OMe,CN,CCn1c[n+](C)c(C#N)c1OC,CCN1[C]N(C)C(C#N)=C1OC
RMEQTBVGGNKAEQ-UHFFFAOYSA-N,Me,Et,NH2,NH2,CCn1c[n+](C)c(N)c1N,CCN1[C]N(C)C(N)=C1N
RMILMVZABYLOSW-UHFFFAOYSA-N,Et,Propargyl,OMe,CF3,C#CCn1c[n+](CC)c(C(F)(F)F)c1OC,C#CCN1[C]N(CC)C(C(F)(F)F)=C1OC
RMJGAEFOQZXAKZ-UHFFFAOYSA-N,nBu,Ethynyl,NH2,NH2,C#Cn1c[n+](CCCC)c(N)c1N,C#CN1[C]N(CCCC)C(N)=C1N
RMJHLCXLWYCSDC-UHFFFAOYSA-N,Vinyl,Propargyl,H,CF3,C#CCn1cc(C(F)(F)F)[n+](C=C)c1,C#CCN1[C]N(C=C)C(C(F)(F)F)=C1
RMQBZMRXBBRDST-UHFFFAOYSA-N,Me,Ethynyl,NH2,Me,C#Cn1c[n+](C)c(C)c1N,C#CN1[C]N(C)C(C)=C1N
RNGITDDYPODKRK-UHFFFAOYSA-N,Vinyl,Ph,F,H,C=C[n+]1cc(F)n(-c2ccccc2)c1,C=CN1[C]N(c2ccccc2)C(F)=C1
RNHAKBLDBRYAPE-UHFFFAOYSA-N,Me,Vinyl,NH2,CN,C=Cn1c[n+](C)c(C#N)c1N,C=CN1[C]N(C)C(C#N)=C1N
RNTGWOZNIHUGBM-UHFFFAOYSA-N,Me,Ph,NO2,CN,C[n+]1cn(-c2ccccc2)c([N+](=O)[O-])c1C#N,CN1[C]N(c2ccccc2)C([N+](=O)[O-])=C1C#N
RODCZGIOQYKMOC-UHFFFAOYSA-N,tBu,Allyl,CN,NO2,C=CCn1c[n+](C(C)(C)C)c([N+](=O)[O-])c1C#N,C=CCN1[C]N(C(C)(C)C)C([N+](=O)[O-])=C1C#N
ROEMADMTZNWRSV-UHFFFAOYSA-N,Et,Ph,CN,CF3,CC[n+]1cn(-c2ccccc2)c(C#N)c1C(F)(F)F,CCN1[C]N(c2ccccc2)C(C#N)=C1C(F)(F)F
ROHRCHCNKWPCGB-UHFFFAOYSA-N,nBu,Ethynyl,H,F,C#Cn1cc(F)[n+](CCCC)c1,C#CN1[C]N(CCCC)C(F)=C1
RPULDFDSAGIQIC-UHFFFAOYSA-N,tBu,Vinyl,NO2,CN,C=Cn1c[n+](C(C)(C)C)c(C#N)c1[N+](=O)[O-],C=CN1[C]N(C(C)(C)C)C(C#N)=C1[N+](=O)[O-]
RQGNEKXEKSFOFC-UHFFFAOYSA-N,Me,Allyl,CN,CN,C=CCn1c[n+](C)c(C#N)c1C#N,C=CCN1[C]N(C)C(C#N)=C1C#N
RQVQWPJATNCIRW-UHFFFAOYSA-N,Et,iPr,NH2,Me,CC[n+]1cn(C(C)C)c(N)c1C,CCN1[C]N(C(C)C)C(N)=C1C
RRCCNQQTOIIBBL-UHFFFAOYSA-N,Ethynyl,Propargyl,NO2,Me,C#CCn1c[n+](C#C)c(C)c1[N+](=O)[O-],C#CCN1[C]N(C#C)C(C)=C1[N+](=O)[O-]
RRCKUBBXBCADGQ-UHFFFAOYSA-N,Me,Vinyl,F,CN,C=Cn1c[n+](C)c(C#N)c1F,C=CN1[C]N(C)C(C#N)=C1F
RRMYBLDORVXZET-UHFFFAOYSA-N,Et,Ethynyl,CF3,H,C#Cn1c[n+](CC)cc1C(F)(F)F,C#CN1[C]N(CC)C=C1C(F)(F)F
RSFMHWPFDNFFGU-UHFFFAOYSA-N,nBu,Allyl,NO2,NO2,C=CCn1c[n+](CCCC)c([N+](=O)[O-])c1[N+](=O)[O-],C=CCN1[C]N(CCCC)C([N+](=O)[O-])=C1[N+](=O)[O-]
RSJLWAQULMZQOS-UHFFFAOYSA-N,Me,tBu,F,NO2,C[n+]1cn(C(C)(C)C)c(F)c1[N+](=O)[O-],CN1[C]N(C(C)(C)C)C(F)=C1[N+](=O)[O-]
RSKVRRBUDPUZHA-UHFFFAOYSA-N,tBu,Vinyl,NH2,CF3,C=Cn1c[n+](C(C)(C)C)c(C(F)(F)F)c1N,C=CN1[C]N(C(C)(C)C)C(C(F)(F)F)=C1N
RSQBIMMZJXLELY-UHFFFAOYSA-N,Vinyl,Allyl,CN,Me,C=CCn1c[n+](C=C)c(C)c1C#N,C=CCN1[C]N(C=C)C(C)=C1C#N
RTDUJHJEXCONTN-UHFFFAOYSA-N,Et,tBu,H,OMe,CC[n+]1cn(C(C)(C)C)cc1OC,CCN1[C]N(C(C)(C)C)C=C1OC
RTFHKGALSVVQDQ-UHFFFAOYSA-N,Me,Allyl,OMe,Me,C=CCn1c[n+](C)c(C)c1OC,C=CCN1[C]N(C)C(C)=C1OC
RTMNJVAQFXEYGK-UHFFFAOYSA-N,Me,tBu,CF3,Me,Cc1c(C(F)(F)F)n(C(C)(C)C)c[n+]1C,CC1=C(C(F)(F)F)N(C(C)(C)C)[C]N1C
RTRQTODHVDNNHD-UHFFFAOYSA-N,tBu,Ph,OMe,NH2,COc1c(N)[n+](C(C)(C)C)cn1-c1ccccc1,COC1=C(N)N(C(C)(C)C)[C]N1c1ccccc1
RTTJCJWUICLMHB-UHFFFAOYSA-N,Vinyl,Ethynyl,F,H,C#Cn1c[n+](C=C)cc1F,C#CN1[C]N(C=C)C=C1F
RURHQZYDGPGVQP-UHFFFAOYSA-N,Vinyl,Vinyl,NO2,OMe,C=Cn1c[n+](C=C)c(OC)c1[N+](=O)[O-],C=CN1[C]N(C=C)C([N+](=O)[O-])=C1OC
RUXXSEWHRCLXTR-UHFFFAOYSA-N,nBu,iPr,OMe,H,CCCC[n+]1cc(OC)n(C(C)C)c1,CCCCN1[C]N(C(C)C)C(OC)=C1
RUZBAYJCLQATBY-UHFFFAOYSA-N,Et,iPr,OMe,CN,CC[n+]1cn(C(C)C)c(OC)c1C#N,CCN1[C]N(C(C)C)C(OC)=C1C#N
RVFKKTMPULUYOS-UHFFFAOYSA-N,Et,Ph,NH2,OMe,CC[n+]1cn(-c2ccccc2)c(N)c1OC,CCN1[C]N(c2ccccc2)C(N)=C1OC
RVYOVGSJZJGEIX-UHFFFAOYSA-N,tBu,Ph,CN,Me,Cc1c(C#N)n(-c2ccccc2)c[n+]1C(C)(C)C,CC1=C(C#N)N(c2ccccc2)[C]N1C(C)(C)C
RVZJYWRSZJSTLG-UHFFFAOYSA-N,Vinyl,Ethynyl,NH2,CN,C#Cn1c[n+](C=C)c(C#N)c1N,C#CN1[C]N(C=C)C(C#N)=C1N
RXDWSVSEXQTBIZ-UHFFFAOYSA-N,Vinyl,Vinyl,H,F,C=Cn1cc(F)[n+](C=C)c1,C=CN1[C]N(C=C)C(F)=C1
RXFUXOUIKSOQSB-UHFFFAOYSA-N,Et,Vinyl,NO2,CF3,C=Cn1c[n+](CC)c(C(F)(F)F)c1[N+](=O)[O-],C=CN1[C]N(CC)C(C(F)(F)F)=C1[N+](=O)[O-]
RXQBUBKSCATPCK-UHFFFAOYSA-N,tBu,tBu,F,OMe,COc1c(F)n(C(C)(C)C)c[n+]1C(C)(C)C,COC1=C(F)N(C(C)(C)C)[C]N1C(C)(C)C
RXSGQKVPZANGLE-UHFFFAOYSA-N,Et,tBu,NH2,H,CC[n+]1cc(N)n(C(C)(C)C)c1,CCN1[C]N(C(C)(C)C)C(N)=C1
RXUMATXQKRPPKM-UHFFFAOYSA-N,nBu,Allyl,OMe,OMe,C=CCn1c[n+](CCCC)c(OC)c1OC,C=CCN1[C]N(CCCC)C(OC)=C1OC
RXXJMSONZRMVEI-UHFFFAOYSA-N,tBu,Ethynyl,NO2,NO2,C#Cn1c[n+](C(C)(C)C)c([N+](=O)[O-])c1[N+](=O)[O-],C#CN1[C]N(C(C)(C)C)C([N+](=O)[O-])=C1[N+](=O)[O-]
RYAKHHBXPSASOA-UHFFFAOYSA-N,Me,Ph,H,F,C[n+]1cn(-c2ccccc2)cc1F,CN1[C]N(c2ccccc2)C=C1F
RYJYLFGBUOHAHW-UHFFFAOYSA-N,tBu,Allyl,NH2,CF3,C=CCn1c[n+](C(C)(C)C)c(C(F)(F)F)c1N,C=CCN1[C]N(C(C)(C)C)C(C(F)(F)F)=C1N
RYKOEPWJTZKYJH-UHFFFAOYSA-N,Et,Vinyl,H,CN,C=Cn1cc(C#N)[n+](CC)c1,C=CN1[C]N(CC)C(C#N)=C1
RYQBRRKBFZDEQE-UHFFFAOYSA-N,Me,Ethynyl,OMe,NH2,C#Cn1c[n+](C)c(N)c1OC,C#CN1[C]N(C)C(N)=C1OC
RZABKWAPUUCFES-UHFFFAOYSA-N,tBu,Vinyl,OMe,F,C=Cn1c[n+](C(C)(C)C)c(F)c1OC,C=CN1[C]N(C(C)(C)C)C(F)=C1OC
RZTNULOZWDTPBP-UHFFFAOYSA-N,Et,Et,F,NO2,CCn1c[n+](CC)c([N+](=O)[O-])c1F,CCN1[C]N(CC)C([N+](=O)[O-])=C1F
RZYNZWNXAFIAIZ-UHFFFAOYSA-N,Vinyl,Allyl,NO2,OMe,C=CCn1c[n+](C=C)c(OC)c1[N+](=O)[O-],C=CCN1[C]N(C=C)C(OC)=C1[N+](=O)[O-]
SAEPQBXWPIWOPR-UHFFFAOYSA-N,Et,Ph,OMe,OMe,CC[n+]1cn(-c2ccccc2)c(OC)c1OC,CCN1[C]N(c2ccccc2)C(OC)=C1OC
SAGMBPDBFDBOEG-UHFFFAOYSA-N,Ethynyl,Propargyl,OMe,F,C#CCn1c[n+](C#C)c(F)c1OC,C#CCN1[C]N(C#C)C(F)=C1OC
SAYNGAFKEIVAMU-UHFFFAOYSA-N,Et,Propargyl,NO2,H,C#CCn1c[n+](CC)cc1[N+](=O)[O-],C#CCN1[C]N(CC)C=C1[N+](=O)[O-]
SAZYQLXSERZTNQ-UHFFFAOYSA-N,Me,Ph,F,CN,C[n+]1cn(-c2ccccc2)c(F)c1C#N,CN1[C]N(c2ccccc2)C(F)=C1C#N
SBGIVOUMKLVHES-UHFFFAOYSA-N,Et,Propargyl,F,F,C#CCn1c[n+](CC)c(F)c1F,C#CCN1[C]N(CC)C(F)=C1F
SCAUOGOMUHLHDD-UHFFFAOYSA-N,Et,Ph,NO2,CF3,CC[n+]1cn(-c2ccccc2)c([N+](=O)[O-])c1C(F)(F)F,CCN1[C]N(c2ccccc2)C([N+](=O)[O-])=C1C(F)(F)F
SCDXNFIRNGDYHH-UHFFFAOYSA-N,tBu,Ph,OMe,NO2,COc1c([N+](=O)[O-])[n+](C(C)(C)C)cn1-c1ccccc1,COC1=C([N+](=O)[O-])N(C(C)(C)C)[C]N1c1ccccc1
SCISNVMBKFFOIX-UHFFFAOYSA-N,tBu,Propargyl,OMe,Me,C#CCn1c[n+](C(C)(C)C)c(C)c1OC,C#CCN1[C]N(C(C)(C)C)C(C)=C1OC
SCNLOPKHYQXNHC-UHFFFAOYSA-N,Et,tBu,F,NH2,CC[n+]1cn(C(C)(C)C)c(F)c1N,CCN1[C]N(C(C)(C)C)C(F)=C1N
SCRXKYLUVUYSEM-UHFFFAOYSA-N,tBu,Allyl,H,CF3,C=CCn1cc(C(F)(F)F)[n+](C(C)(C)C)c1,C=CCN1[C]N(C(C)(C)C)C(C(F)(F)F)=C1
SDCWONYCEUCXFB-UHFFFAOYSA-N,Me,Propargyl,NO2,F,C#CCn1c[n+](C)c(F)c1[N+](=O)[O-],C#CCN1[C]N(C)C(F)=C1[N+](=O)[O-]
SDEOXDLGZNISPY-UHFFFAOYSA-N,nBu,Propargyl,NH2,Me,C#CCn1c[n+](CCCC)c(C)c1N,C#CCN1[C]N(CCCC)C(C)=C1N
SDMUMPLKARAGTC-UHFFFAOYSA-N,Et,tBu,NO2,H,CC[n+]1cc([N+](=O)[O-])n(C(C)(C)C)c1,CCN1[C]N(C(C)(C)C)C([N+](=O)[O-])=C1
SECDAHKZTZDOKN-UHFFFAOYSA-N,Et,Ethynyl,F,F,C#Cn1c[n+](CC)c(F)c1F,C#CN1[C]N(CC)C(F)=C1F
SEGLJMVNYNIVGB-UHFFFAOYSA-N,Et,Propargyl,F,H,C#CCn1c[n+](CC)cc1F,C#CCN1[C]N(CC)C=C1F
SEMHIVKXXVDUMD-UHFFFAOYSA-N,Me,Propargyl,NH2,NH2,C#CCn1c[n+](C)c(N)c1N,C#CCN1[C]N(C)C(N)=C1N
SEZVZLJHWDFHIE-UHFFFAOYSA-N,tBu,Allyl,OMe,CF3,C=CCn1c[n+](C(C)(C)C)c(C(F)(F)F)c1OC,C=CCN1[C]N(C(C)(C)C)C(C(F)(F)F)=C1OC
SFGJVXFXUSXMKX-UHFFFAOYSA-N,tBu,Ethynyl,F,OMe,C#Cn1c[n+](C(C)(C)C)c(OC)c1F,C#CN1[C]N(C(C)(C)C)C(OC)=C1F
SFKZWLLZPSLPAB-UHFFFAOYSA-N,Ethynyl,Ethynyl,F,NH2,C#Cn1c[n+](C#C)c(N)c1F,C#CN1[C]N(C#C)C(F)=C1N
SFRFRFWMFOWOTE-UHFFFAOYSA-N,Vinyl,Ph,CF3,NH2,C=C[n+]1cn(-c2ccccc2)c(C(F)(F)F)c1N,C=CN1[C]N(c2ccccc2)C(C(F)(F)F)=C1N
SFZWRKIEVNRMTR-UHFFFAOYSA-N,nBu,Vinyl,F,CF3,C=Cn1c[n+](CCCC)c(C(F)(F)F)c1F,C=CN1[C]N(CCCC)C(C(F)(F)F)=C1F
SGXVFHJSTDPYDW-UHFFFAOYSA-N,nBu,Ph,CF3,Me,CCCC[n+]1cn(-c2ccccc2)c(C(F)(F)F)c1C,CCCCN1[C]N(c2ccccc2)C(C(F)(F)F)=C1C
SHRMUZJKRYGMFH-UHFFFAOYSA-N,Vinyl,Ph,OMe,OMe,C=C[n+]1cn(-c2ccccc2)c(OC)c1OC,C=CN1[C]N(c2ccccc2)C(OC)=C1OC
SHYGPIVJXHZFOV-UHFFFAOYSA-N,Et,Et,H,CF3,CCn1cc(C(F)(F)F)[n+](CC)c1,CCN1[C]N(CC)C(C(F)(F)F)=C1
SIJIBYVVBHFLME-UHFFFAOYSA-N,Me,Et,NH2,Me,CCn1c[n+](C)c(C)c1N,CCN1[C]N(C)C(C)=C1N
SIXLNJRJNLGCQZ-UHFFFAOYSA-N,Vinyl,Vinyl,CN,OMe,C=Cn1c[n+](C=C)c(OC)c1C#N,C=CN1[C]N(C=C)C(OC)=C1C#N
SJOIZEBSOCFBCN-UHFFFAOYSA-N,Et,Ph,F,NO2,CC[n+]1cn(-c2ccccc2)c(F)c1[N+](=O)[O-],CCN1[C]N(c2ccccc2)C(F)=C1[N+](=O)[O-]
SKKRSLNRAVEVTN-UHFFFAOYSA-N,tBu,Propargyl,H,F,C#CCn1cc(F)[n+](C(C)(C)C)c1,C#CCN1[C]N(C(C)(C)C)C(F)=C1
SKUYTFZHUPNIKR-UHFFFAOYSA-N,Et,Ph,CF3,F,CC[n+]1cn(-c2ccccc2)c(C(F)(F)F)c1F,CCN1[C]N(c2ccccc2)C(C(F)(F)F)=C1F
SKWYUHROEKUZHM-UHFFFAOYSA-N,Me,Allyl,F,Me,C=CCn1c[n+](C)c(C)c1F,C=CCN1[C]N(C)C(C)=C1F
SLALCVAPTIEXRX-UHFFFAOYSA-N,tBu,Vinyl,H,F,C=Cn1cc(F)[n+](C(C)(C)C)c1,C=CN1[C]N(C(C)(C)C)C(F)=C1
SLBKKYHWPMYNHU-UHFFFAOYSA-N,Me,Ph,NH2,OMe,COc1c(N)n(-c2ccccc2)c[n+]1C,COC1=C(N)N(c2ccccc2)[C]N1C
SLGUHBXAWOPGIG-UHFFFAOYSA-N,Me,iPr,NO2,CF3,CC(C)n1c[n+](C)c(C(F)(F)F)c1[N+](=O)[O-],CC(C)N1[C]N(C)C(C(F)(F)F)=C1[N+](=O)[O-]
SLIPYZBEXHHUBN-UHFFFAOYSA-N,Vinyl,Propargyl,NO2,Me,C#CCn1c[n+](C=C)c(C)c1[N+](=O)[O-],C#CCN1[C]N(C=C)C(C)=C1[N+](=O)[O-]
SLYSXLMLTXYMRR-UHFFFAOYSA-N,nBu,Ethynyl,NH2,F,C#Cn1c[n+](CCCC)c(F)c1N,C#CN1[C]N(CCCC)C(F)=C1N
SMEKLPXCWXUIDT-UHFFFAOYSA-N,Et,Ph,NH2,Me,CC[n+]1cn(-c2ccccc2)c(N)c1C,CCN1[C]N(c2ccccc2)C(N)=C1C
SMGPXZHKOOZCLL-UHFFFAOYSA-N,tBu,Propargyl,NO2,CF3,C#CCn1c[n+](C(C)(C)C)c(C(F)(F)F)c1[N+](=O)[O-],C#CCN1[C]N(C(C)(C)C)C(C(F)(F)F)=C1[N+](=O)[O-]
SMSKFNFTQZFBLB-UHFFFAOYSA-N,Vinyl,Vinyl,H,Me,C=Cn1cc(C)[n+](C=C)c1,C=CN1[C]N(C=C)C(C)=C1
SNCHZZTWMSNIGJ-UHFFFAOYSA-N,nBu,Vinyl,NO2,F,C=Cn1c[n+](CCCC)c(F)c1[N+](=O)[O-],C=CN1[C]N(CCCC)C(F)=C1[N+](=O)[O-]
SNPSKAMKGKVOKD-UHFFFAOYSA-N,Vinyl,Vinyl,OMe,OMe,C=Cn1c[n+](C=C)c(OC)c1OC,C=CN1[C]N(C=C)C(OC)=C1OC
SNYNNHDYNXDEBR-UHFFFAOYSA-N,Me,Allyl,F,NH2,C=CCn1c[n+](C)c(N)c1F,C=CCN1[C]N(C)C(N)=C1F
SOHIOTRPJXCNRM-UHFFFAOYSA-N,nBu,iPr,H,F,CCCC[n+]1cn(C(C)C)cc1F,CCCCN1[C]N(C(C)C)C=C1F
SOHZXVJFSNCXTG-UHFFFAOYSA-N,nBu,tBu,CF3,Me,CCCC[n+]1cn(C(C)(C)C)c(C(F)(F)F)c1C,CCCCN1[C]N(C(C)(C)C)C(C(F)(F)F)=C1C
SOLNKUYICNBSJI-UHFFFAOYSA-N,Et,Allyl,OMe,NH2,C=CCn1c[n+](CC)c(N)c1OC,C=CCN1[C]N(CC)C(N)=C1OC
SOQZHTYNECQKEF-UHFFFAOYSA-N,Me,Et,CF3,OMe,CCn1c[n+](C)c(OC)c1C(F)(F)F,CCN1[C]N(C)C(OC)=C1C(F)(F)F
SPPRQSDWCOSCSB-UHFFFAOYSA-N,tBu,Vinyl,CN,CF3,C=Cn1c[n+](C(C)(C)C)c(C(F)(F)F)c1C#N,C=CN1[C]N(C(C)(C)C)C(C(F)(F)F)=C1C#N
SPRJGBGJHVJSEL-UHFFFAOYSA-N,Et,Ethynyl,NH2,CF3,C#Cn1c[n+](CC)c(C(F)(F)F)c1N,C#CN1[C]N(CC)C(C(F)(F)F)=C1N
SPVMBJHJEIQXAS-UHFFFAOYSA-N,nBu,Ethynyl,CN,H,C#Cn1c[n+](CCCC)cc1C#N,C#CN1[C]N(CCCC)C=C1C#N
SQFXBWHBEICHJG-UHFFFAOYSA-N,Et,Allyl,F,NO2,C=CCn1c[n+](CC)c([N+](=O)[O-])c1F,C=CCN1[C]N(CC)C([N+](=O)[O-])=C1F
SQNUMPXXHAVLPX-UHFFFAOYSA-N,Me,Vinyl,CF3,NO2,C=Cn1c[n+](C)c([N+](=O)[O-])c1C(F)(F)F,C=CN1[C]N(C)C([N+](=O)[O-])=C1C(F)(F)F
SRAYJIGJBLKYQH-UHFFFAOYSA-N,tBu,Ph,F,F,CC(C)(C)[n+]1cn(-c2ccccc2)c(F)c1F,CC(C)(C)N1[C]N(c2ccccc2)C(F)=C1F
SRENYIVQVTZSER-UHFFFAOYSA-N,Et,Propargyl,CN,F,C#CCn1c[n+](CC)c(F)c1C#N,C#CCN1[C]N(CC)C(F)=C1C#N
SRVPBRRPFLEWIA-UHFFFAOYSA-N,nBu,Ph,NH2,OMe,CCCC[n+]1cn(-c2ccccc2)c(N)c1OC,CCCCN1[C]N(c2ccccc2)C(N)=C1OC
SSGSWWGDOXANFV-UHFFFAOYSA-N,Et,Propargyl,NH2,NO2,C#CCn1c[n+](CC)c([N+](=O)[O-])c1N,C#CCN1[C]N(CC)C([N+](=O)[O-])=C1N
SSJUKLWLPLFQJO-UHFFFAOYSA-N,nBu,Ph,H,CN,CCCC[n+]1cn(-c2ccccc2)cc1C#N,CCCCN1[C]N(c2ccccc2)C=C1C#N
SSVRZPQOGFMAGS-UHFFFAOYSA-N,Et,iPr,F,CN,CC[n+]1cn(C(C)C)c(F)c1C#N,CCN1[C]N(C(C)C)C(F)=C1C#N
STNMZXZSCKADIP-UHFFFAOYSA-N,nBu,Propargyl,F,Me,C#CCn1c[n+](CCCC)c(C)c1F,C#CCN1[C]N(CCCC)C(C)=C1F
STQAHBIJYYCJQC-UHFFFAOYSA-N,Et,Et,CN,CN,CCn1c[n+](CC)c(C#N)c1C#N,CCN1[C]N(CC)C(C#N)=C1C#N
STSPFELSNSZXGM-UHFFFAOYSA-N,Et,Allyl,H,Me,C=CCn1cc(C)[n+](CC)c1,C=CCN1[C]N(CC)C(C)=C1
SUOHLXNILKFACG-UHFFFAOYSA-N,Vinyl,Allyl,CF3,Me,C=CCn1c[n+](C=C)c(C)c1C(F)(F)F,C=CCN1[C]N(C=C)C(C)=C1C(F)(F)F
SUPGANJIVYYIPA-UHFFFAOYSA-N,nBu,Vinyl,OMe,CN,C=Cn1c[n+](CCCC)c(C#N)c1OC,C=CN1[C]N(CCCC)C(C#N)=C1OC
SUVTVJILDJKQCL-UHFFFAOYSA-N,Ethynyl,Ph,CF3,CN,C#C[n+]1cn(-c2ccccc2)c(C(F)(F)F)c1C#N,C#CN1[C]N(c2ccccc2)C(C(F)(F)F)=C1C#N
SVBHAXXNARELSI-UHFFFAOYSA-N,tBu,Propargyl,NO2,CN,C#CCn1c[n+](C(C)(C)C)c(C#N)c1[N+](=O)[O-],C#CCN1[C]N(C(C)(C)C)C(C#N)=C1[N+](=O)[O-]
SVKFXCUUBFFDFT-UHFFFAOYSA-N,Me,iPr,NO2,OMe,COc1c([N+](=O)[O-])n(C(C)C)c[n+]1C,COC1=C([N+](=O)[O-])N(C(C)C)[C]N1C
SWTMDCRXJJNBBL-UHFFFAOYSA-N,tBu,tBu,CN,CN,CC(C)(C)n1c[n+](C(C)(C)C)c(C#N)c1C#N,CC(C)(C)N1[C]N(C(C)(C)C)C(C#N)=C1C#N
SXDMHJBFGNPWCW-UHFFFAOYSA-N,tBu,Propargyl,CN,CF3,C#CCn1c[n+](C(C)(C)C)c(C(F)(F)F)c1C#N,C#CCN1[C]N(C(C)(C)C)C(C(F)(F)F)=C1C#N
SXOIYACEFKJKIS-UHFFFAOYSA-N,nBu,Vinyl,OMe,OMe,C=Cn1c[n+](CCCC)c(OC)c1OC,C=CN1[C]N(CCCC)C(OC)=C1OC
SYIPDQPEHLCNLG-UHFFFAOYSA-N,Et,Et,CN,NH2,CCn1c[n+](CC)c(N)c1C#N,CCN1[C]N(CC)C(C#N)=C1N
SZFSVQUOLZCQRY-UHFFFAOYSA-N,Ethynyl,Propargyl,CF3,NO2,C#CCn1c[n+](C#C)c([N+](=O)[O-])c1C(F)(F)F,C#CCN1[C]N(C#C)C([N+](=O)[O-])=C1C(F)(F)F
TUHCERANSCJCMR-UHFFFAOYSA-N,nBu,Propargyl,CN,OMe,C#CCn1c[n+](CCCC)c(OC)c1C#N,C#CCN1[C]N(CCCC)C(OC)=C1C#N
TULFYYMPYNYISW-UHFFFAOYSA-N,tBu,Propargyl,CF3,CF3,C#CCn1c[n+](C(C)(C)C)c(C(F)(F)F)c1C(F)(F)F,C#CCN1[C]N(C(C)(C)C)C(C(F)(F)F)=C1C(F)(F)F
TUPUEYGQUPHRNH-UHFFFAOYSA-N,nBu,Ethynyl,NH2,NO2,C#Cn1c[n+](CCCC)c([N+](=O)[O-])c1N,C#CN1[C]N(CCCC)C([N+](=O)[O-])=C1N
TUWLBUQIZYMLDY-UHFFFAOYSA-N,Ethynyl,Ph,F,F,C#C[n+]1cn(-c2ccccc2)c(F)c1F,C#CN1[C]N(c2ccccc2)C(F)=C1F
TVNXAUJAZRXJAB-UHFFFAOYSA-N,Et,iPr,CN,NH2,CC[n+]1cn(C(C)C)c(C#N)c1N,CCN1[C]N(C(C)C)C(C#N)=C1N
TVTRLXQCQUVFBG-UHFFFAOYSA-N,Ethynyl,Propargyl,F,NH2,C#CCn1c[n+](C#C)c(N)c1F,C#CCN1[C]N(C#C)C(N)=C1F
TVZMKMMZLZIFLZ-UHFFFAOYSA-N,Et,Ph,OMe,F,CC[n+]1cn(-c2ccccc2)c(OC)c1F,CCN1[C]N(c2ccccc2)C(OC)=C1F
TWFBRNIQLGMXMT-UHFFFAOYSA-N,Ethynyl,Ph,H,Me,C#C[n+]1cn(-c2ccccc2)cc1C,C#CN1[C]N(c2ccccc2)C=C1C
TWHKEETXKABOSL-UHFFFAOYSA-N,Et,Propargyl,H,NO2,C#CCn1cc([N+](=O)[O-])[n+](CC)c1,C#CCN1[C]N(CC)C([N+](=O)[O-])=C1
TWUKJEWOHXEUQC-UHFFFAOYSA-N,Me,Ph,H,OMe,COc1cn(-c2ccccc2)c[n+]1C,COC1=CN(c2ccccc2)[C]N1C
TWXKEWKRIUUAQZ-UHFFFAOYSA-N,Vinyl,Ph,CF3,OMe,C=C[n+]1cn(-c2ccccc2)c(C(F)(F)F)c1OC,C=CN1[C]N(c2ccccc2)C(C(F)(F)F)=C1OC
TXDVJPOLYLCUKZ-UHFFFAOYSA-N,nBu,iPr,F,F,CCCC[n+]1cn(C(C)C)c(F)c1F,CCCCN1[C]N(C(C)C)C(F)=C1F
TXHUXPBPIQXOJF-UHFFFAOYSA-N,Et,iPr,CF3,NH2,CC[n+]1cn(C(C)C)c(C(F)(F)F)c1N,CCN1[C]N(C(C)C)C(C(F)(F)F)=C1N
TXYBFJCHUFSQJY-UHFFFAOYSA-N,Et,Vinyl,H,Me,C=Cn1cc(C)[n+](CC)c1,C=CN1[C]N(CC)C(C)=C1
TYLWDTMCURVAEA-UHFFFAOYSA-N,nBu,tBu,OMe,H,CCCC[n+]1cc(OC)n(C(C)(C)C)c1,CCCCN1[C]N(C(C)(C)C)C(OC)=C1
TYRHTYLITKJFCS-UHFFFAOYSA-N,Vinyl,Vinyl,NO2,NH2,C=Cn1c[n+](C=C)c(N)c1[N+](=O)[O-],C=CN1[C]N(C=C)C([N+](=O)[O-])=C1N
TZABIFKFLJKORO-UHFFFAOYSA-N,Me,iPr,CN,CN,CC(C)n1c[n+](C)c(C#N)c1C#N,CC(C)N1[C]N(C)C(C#N)=C1C#N
TZCASTBRFQDNNV-UHFFFAOYSA-N,Et,tBu,H,NO2,CC[n+]1cn(C(C)(C)C)cc1[N+](=O)[O-],CCN1[C]N(C(C)(C)C)C=C1[N+](=O)[O-]
TZCPJFIQFYLIJG-UHFFFAOYSA-N,Et,Allyl,H,CN,C=CCn1cc(C#N)[n+](CC)c1,C=CCN1[C]N(CC)C(C#N)=C1
TZSNXQGMUQOZJZ-UHFFFAOYSA-N,tBu,Vinyl,F,NH2,C=Cn1c[n+](C(C)(C)C)c(N)c1F,C=CN1[C]N(C(C)(C)C)C(N)=C1F
TZTKXHLLYRFZRL-UHFFFAOYSA-N,Me,Ethynyl,CF3,CN,C#Cn1c[n+](C)c(C#N)c1C(F)(F)F,C#CN1[C]N(C)C(C#N)=C1C(F)(F)F
UANJKJSHVFHBDZ-UHFFFAOYSA-N,Vinyl,Allyl,CF3,NO2,C=CCn1c[n+](C=C)c([N+](=O)[O-])c1C(F)(F)F,C=CCN1[C]N(C=C)C([N+](=O)[O-])=C1C(F)(F)F
UANVEQUPHKQNDP-UHFFFAOYSA-N,nBu,Allyl,OMe,Me,C=CCn1c[n+](CCCC)c(C)c1OC,C=CCN1[C]N(CCCC)C(C)=C1OC
UAOBXASNPFWWGW-UHFFFAOYSA-N,nBu,Vinyl,NH2,F,C=Cn1c[n+](CCCC)c(F)c1N,C=CN1[C]N(CCCC)C(F)=C1N
UAQOXIAYFYWSEU-UHFFFAOYSA-N,Et,Vinyl,NO2,NO2,C=Cn1c[n+](CC)c([N+](=O)[O-])c1[N+](=O)[O-],C=CN1[C]N(CC)C([N+](=O)[O-])=C1[N+](=O)[O-]
UASOTCIUTSMZKJ-UHFFFAOYSA-N,tBu,Vinyl,NH2,Me,C=Cn1c[n+](C(C)(C)C)c(C)c1N,C=CN1[C]N(C(C)(C)C)C(C)=C1N
UATCEEXBAYCOSD-UHFFFAOYSA-N,nBu,Ph,OMe,NO2,CCCC[n+]1cn(-c2ccccc2)c(OC)c1[N+](=O)[O-],CCCCN1[C]N(c2ccccc2)C(OC)=C1[N+](=O)[O-]
UBKKWNQAWJPCBZ-UHFFFAOYSA-N,Me,tBu,OMe,NH2,COc1c(N)[n+](C)cn1C(C)(C)C,COC1=C(N)N(C)[C]N1C(C)(C)C
UBVRNLFBRCLOLV-UHFFFAOYSA-N,tBu,Propargyl,OMe,F,C#CCn1c[n+](C(C)(C)C)c(F)c1OC,C#CCN1[C]N(C(C)(C)C)C(F)=C1OC
UBWRQDXQCJBMEE-UHFFFAOYSA-N,Me,Et,CN,NH2,CCn1c[n+](C)c(N)c1C#N,CCN1[C]N(C)C(N)=C1C#N
UCBAFIAZTQBHHR-UHFFFAOYSA-N,Ethynyl,Ph,OMe,F,C#C[n+]1cn(-c2ccccc2)c(OC)c1F,C#CN1[C]N(c2ccccc2)C(OC)=C1F
UCCZAANHUZUSCK-UHFFFAOYSA-N,nBu,iPr,CF3,NO2,CCCC[n+]1cn(C(C)C)c(C(F)(F)F)c1[N+](=O)[O-],CCCCN1[C]N(C(C)C)C(C(F)(F)F)=C1[N+](=O)[O-]
UCEDPPRBWNDXAO-UHFFFAOYSA-N,tBu,Ph,NO2,H,CC(C)(C)[n+]1cc([N+](=O)[O-])n(-c2ccccc2)c1,CC(C)(C)N1[C]N(c2ccccc2)C([N+](=O)[O-])=C1
UCKVZJOXVKNCIO-UHFFFAOYSA-N,Vinyl,Ph,H,OMe,C=C[n+]1cn(-c2ccccc2)cc1OC,C=CN1[C]N(c2ccccc2)C=C1OC
UCRFLAGGWHZKAP-UHFFFAOYSA-N,tBu,Ethynyl,CF3,F,C#Cn1c[n+](C(C)(C)C)c(F)c1C(F)(F)F,C#CN1[C]N(C(C)(C)C)C(F)=C1C(F)(F)F
UCWLYGQPUZDDJE-UHFFFAOYSA-N,tBu,Propargyl,NH2,OMe,C#CCn1c[n+](C(C)(C)C)c(OC)c1N,C#CCN1[C]N(C(C)(C)C)C(OC)=C1N
UCWUPSGOTYGOII-UHFFFAOYSA-N,Et,iPr,CN,H,CC[n+]1cc(C#N)n(C(C)C)c1,CCN1[C]N(C(C)C)C(C#N)=C1
UDIFZWMURUOAOJ-UHFFFAOYSA-N,tBu,Vinyl,CF3,CN,C=Cn1c[n+](C(C)(C)C)c(C#N)c1C(F)(F)F,C=CN1[C]N(C(C)(C)C)C(C#N)=C1C(F)(F)F
UEKRHVQEKSHIMU-UHFFFAOYSA-N,nBu,Vinyl,CN,CN,C=Cn1c[n+](CCCC)c(C#N)c1C#N,C=CN1[C]N(CCCC)C(C#N)=C1C#N
UENVPBGWKWVDGV-UHFFFAOYSA-N,tBu,Vinyl,F,Me,C=Cn1c[n+](C(C)(C)C)c(C)c1F,C=CN1[C]N(C(C)(C)C)C(C)=C1F
UFFPTWPWTHYUEI-UHFFFAOYSA-N,Ethynyl,Ph,F,OMe,C#C[n+]1cn(-c2ccccc2)c(F)c1OC,C#CN1[C]N(c2ccccc2)C(F)=C1OC
UFIPQUKDOBPHKT-UHFFFAOYSA-N,nBu,tBu,CF3,CN,CCCC[n+]1cn(C(C)(C)C)c(C(F)(F)F)c1C#N,CCCCN1[C]N(C(C)(C)C)C(C(F)(F)F)=C1C#N
UFMPTQNQWLSABV-UHFFFAOYSA-N,Me,Et,NO2,CF3,CCn1c[n+](C)c(C(F)(F)F)c1[N+](=O)[O-],CCN1[C]N(C)C(C(F)(F)F)=C1[N+](=O)[O-]
UFQIQPJMNUPXQW-UHFFFAOYSA-N,nBu,Allyl,CN,OMe,C=CCn1c[n+](CCCC)c(OC)c1C#N,C=CCN1[C]N(CCCC)C(OC)=C1C#N
UFQLVOYKJAACOA-UHFFFAOYSA-N,Et,tBu,NO2,OMe,CC[n+]1cn(C(C)(C)C)c([N+](=O)[O-])c1OC,CCN1[C]N(C(C)(C)C)C([N+](=O)[O-])=C1OC
UFXLJDTUIHGROC-UHFFFAOYSA-N,Me,Allyl,OMe,H,C=CCn1c[n+](C)cc1OC,C=CCN1[C]N(C)C=C1OC
UFYRQTNRPPLWFN-UHFFFAOYSA-N,Me,Vinyl,NO2,H,C=Cn1c[n+](C)cc1[N+](=O)[O-],C=CN1[C]N(C)C=C1[N+](=O)[O-]
UGCPLZSPKGRDMW-UHFFFAOYSA-N,Me,Ph,H,H,C[n+]1ccn(-c2ccccc2)c1,CN1[C]N(c2ccccc2)C=C1
UGHZLVIDMIOXOF-UHFFFAOYSA-N,Et,Allyl,F,CF3,C=CCn1c[n+](CC)c(C(F)(F)F)c1F,C=CCN1[C]N(CC)C(C(F)(F)F)=C1F
UGTFTCOPFPVMCI-UHFFFAOYSA-N,tBu,tBu,NO2,CF3,CC(C)(C)n1c[n+](C(C)(C)C)c(C(F)(F)F)c1[N+](=O)[O-],CC(C)(C)N1[C]N(C(C)(C)C)C(C(F)(F)F)=C1[N+](=O)[O-]
UGYCQCPEJVEYLU-UHFFFAOYSA-N,nBu,Ethynyl,CF3,Me,C#Cn1c[n+](CCCC)c(C)c1C(F)(F)F,C#CN1[C]N(CCCC)C(C)=C1C(F)(F)F
UHDPUYHBPWYWJR-UHFFFAOYSA-N,nBu,iPr,CF3,Me,CCCC[n+]1cn(C(C)C)c(C(F)(F)F)c1C,CCCCN1[C]N(C(C)C)C(C(F)(F)F)=C1C
UHTSCDREBLDFAN-UHFFFAOYSA-N,Et,Propargyl,CF3,CN,C#CCn1c[n+](CC)c(C#N)c1C(F)(F)F,C#CCN1[C]N(CC)C(C#N)=C1C(F)(F)F
UIGURVANOJIGQA-UHFFFAOYSA-N,nBu,tBu,NH2,F,CCCC[n+]1cn(C(C)(C)C)c(N)c1F,CCCCN1[C]N(C(C)(C)C)C(N)=C1F
UJLHGQJXPLANHG-UHFFFAOYSA-N,nBu,Ethynyl,OMe,NO2,C#Cn1c[n+](CCCC)c([N+](=O)[O-])c1OC,C#CN1[C]N(CCCC)C([N+](=O)[O-])=C1OC
UJTFXXQCZHACFK-UHFFFAOYSA-N,Me,Vinyl,CN,H,C=Cn1c[n+](C)cc1C#N,C=CN1[C]N(C)C=C1C#N
UJZLISIYUBIXPB-UHFFFAOYSA-N,Me,Et,NH2,CF3,CCn1c[n+](C)c(C(F)(F)F)c1N,CCN1[C]N(C)C(C(F)(F)F)=C1N
UKIFDVSCEMCNGU-UHFFFAOYSA-N,Vinyl,Allyl,OMe,CF3,C=CCn1c[n+](C=C)c(C(F)(F)F)c1OC,C=CCN1[C]N(C=C)C(C(F)(F)F)=C1OC
ULCAQOHYZMORTR-UHFFFAOYSA-N,Vinyl,Propargyl,CF3,NH2,C#CCn1c[n+](C=C)c(N)c1C(F)(F)F,C#CCN1[C]N(C=C)C(N)=C1C(F)(F)F
ULEJVUPITYMXAS-UHFFFAOYSA-N,nBu,iPr,CN,CF3,CCCC[n+]1cn(C(C)C)c(C#N)c1C(F)(F)F,CCCCN1[C]N(C(C)C)C(C#N)=C1C(F)(F)F
ULRFPTWJQQANHE-UHFFFAOYSA-N,Me,Propargyl,H,Me,C#CCn1cc(C)[n+](C)c1,C#CCN1[C]N(C)C(C)=C1
ULURTFNJGXAJHZ-UHFFFAOYSA-N,Et,Propargyl,CF3,Me,C#CCn1c[n+](CC)c(C)c1C(F)(F)F,C#CCN1[C]N(CC)C(C)=C1C(F)(F)F
ULUVVFNDVUJBQT-UHFFFAOYSA-N,Ethynyl,Propargyl,CF3,CF3,C#CCn1c[n+](C#C)c(C(F)(F)F)c1C(F)(F)F,C#CCN1[C]N(C#C)C(C(F)(F)F)=C1C(F)(F)F
UMJYSWREPWCKSU-UHFFFAOYSA-N,Me,Me,H,NH2,Cn1cc(N)[n+](C)c1,CN1[C]N(C)C(N)=C1
UMMUUUXTCCOQSO-UHFFFAOYSA-N,tBu,Ph,CF3,F,CC(C)(C)[n+]1cn(-c2ccccc2)c(C(F)(F)F)c1F,CC(C)(C)N1[C]N(c2ccccc2)C(C(F)(F)F)=C1F
UMVFESCTDAHXES-UHFFFAOYSA-N,nBu,Vinyl,CF3,OMe,C=Cn1c[n+](CCCC)c(OC)c1C(F)(F)F,C=CN1[C]N(CCCC)C(OC)=C1C(F)(F)F
UNHJFEORZSWWQQ-UHFFFAOYSA-N,nBu,Ethynyl,NO2,F,C#Cn1c[n+](CCCC)c(F)c1[N+](=O)[O-],C#CN1[C]N(CCCC)C(F)=C1[N+](=O)[O-]
UNNVNRJHZZPIDW-UHFFFAOYSA-N,Ethynyl,Ph,CF3,NO2,C#C[n+]1cn(-c2ccccc2)c(C(F)(F)F)c1[N+](=O)[O-],C#CN1[C]N(c2ccccc2)C(C(F)(F)F)=C1[N+](=O)[O-]
UNUNQOVPLSYGPI-UHFFFAOYSA-N,tBu,Ethynyl,CF3,H,C#Cn1c[n+](C(C)(C)C)cc1C(F)(F)F,C#CN1[C]N(C(C)(C)C)C=C1C(F)(F)F
UPBBZDJHZSSRID-UHFFFAOYSA-N,Et,Ph,NH2,NH2,CC[n+]1cn(-c2ccccc2)c(N)c1N,CCN1[C]N(c2ccccc2)C(N)=C1N
UPFMFZKJWGLHTH-UHFFFAOYSA-N,Et,Propargyl,OMe,CN,C#CCn1c[n+](CC)c(C#N)c1OC,C#CCN1[C]N(CC)C(C#N)=C1OC
UPUTXGXISABJDP-UHFFFAOYSA-N,Et,Ethynyl,F,CF3,C#Cn1c[n+](CC)c(C(F)(F)F)c1F,C#CN1[C]N(CC)C(C(F)(F)F)=C1F
UPXINIXSOGHWLJ-UHFFFAOYSA-N,Me,Ph,NH2,NO2,C[n+]1cn(-c2ccccc2)c(N)c1[N+](=O)[O-],CN1[C]N(c2ccccc2)C(N)=C1[N+](=O)[O-]
UQCPJJDUQBKCQL-UHFFFAOYSA-N,tBu,Ph,CF3,NO2,CC(C)(C)[n+]1cn(-c2ccccc2)c(C(F)(F)F)c1[N+](=O)[O-],CC(C)(C)N1[C]N(c2ccccc2)C(C(F)(F)F)=C1[N+](=O)[O-]
URABCLRAFKBSFA-UHFFFAOYSA-N,Ethynyl,Propargyl,CF3,OMe,C#CCn1c[n+](C#C)c(OC)c1C(F)(F)F,C#CCN1[C]N(C#C)C(OC)=C1C(F)(F)F
URAWRKCPQYOQNB-UHFFFAOYSA-N,Et,Ph,H,OMe,CC[n+]1cn(-c2ccccc2)cc1OC,CCN1[C]N(c2ccccc2)C=C1OC
URVOTIIJTVYIPO-UHFFFAOYSA-N,tBu,Ethynyl,F,CF3,C#Cn1c[n+](C(C)(C)C)c(C(F)(F)F)c1F,C#CN1[C]N(C(C)(C)C)C(C(F)(F)F)=C1F
USAZUUORPYBVBT-UHFFFAOYSA-N,nBu,iPr,NO2,OMe,CCCC[n+]1cn(C(C)C)c([N+](=O)[O-])c1OC,CCCCN1[C]N(C(C)C)C([N+](=O)[O-])=C1OC
USCIALSNODMXRC-UHFFFAOYSA-N,Ethynyl,Ph,NO2,CF3,C#C[n+]1cn(-c2ccccc2)c([N+](=O)[O-])c1C(F)(F)F,C#CN1[C]N(c2ccccc2)C([N+](=O)[O-])=C1C(F)(F)F
USMCABKZHSAGSF-UHFFFAOYSA-N,nBu,Vinyl,CF3,NH2,C=Cn1c[n+](CCCC)c(N)c1C(F)(F)F,C=CN1[C]N(CCCC)C(N)=C1C(F)(F)F
USVKOEJMPBQQJB-UHFFFAOYSA-N,Et,Propargyl,H,H,C#CCn1cc[n+](CC)c1,C#CCN1[C]N(CC)C=C1
USWTVAMVICAJCK-UHFFFAOYSA-N,tBu,Vinyl,F,F,C=Cn1c[n+](C(C)(C)C)c(F)c1F,C=CN1[C]N(C(C)(C)C)C(F)=C1F
UTMOCSGPZFDCDC-UHFFFAOYSA-N,Vinyl,Allyl,CF3,F,C=CCn1c[n+](C=C)c(F)c1C(F)(F)F,C=CCN1[C]N(C=C)C(F)=C1C(F)(F)F
UTNGCYFWWBDSQI-UHFFFAOYSA-N,Me,Allyl,OMe,NH2,C=CCn1c[n+](C)c(N)c1OC,C=CCN1[C]N(C)C(N)=C1OC
UTQLDNFGKRLIRF-UHFFFAOYSA-N,Et,Vinyl,CN,NH2,C=Cn1c[n+](CC)c(N)c1C#N,C=CN1[C]N(CC)C(N)=C1C#N
UTSIFCDLGKMABP-UHFFFAOYSA-N,Et,Allyl,CF3,CF3,C=CCn1c[n+](CC)c(C(F)(F)F)c1C(F)(F)F,C=CCN1[C]N(CC)C(C(F)(F)F)=C1C(F)(F)F
UTUVAGQFRZQQDQ-UHFFFAOYSA-N,nBu,Propargyl,F,CN,C#CCn1c[n+](CCCC)c(C#N)c1F,C#CCN1[C]N(CCCC)C(C#N)=C1F
UTYAAFUCPMZTCR-UHFFFAOYSA-N,Me,iPr,F,F,CC(C)n1c[n+](C)c(F)c1F,CC(C)N1[C]N(C)C(F)=C1F
UUVLCGHUBYGXOD-UHFFFAOYSA-N,Me,iPr,OMe,NO2,COc1c([N+](=O)[O-])[n+](C)cn1C(C)C,COC1=C([N+](=O)[O-])N(C)[C]N1C(C)C
UVELGMGKDCMDNT-UHFFFAOYSA-N,tBu,Vinyl,NO2,NH2,C=Cn1c[n+](C(C)(C)C)c(N)c1[N+](=O)[O-],C=CN1[C]N(C(C)(C)C)C(N)=C1[N+](=O)[O-]
UVHWZMHHDQZUDE-UHFFFAOYSA-N,nBu,iPr,NO2,H,CCCC[n+]1cc([N+](=O)[O-])n(C(C)C)c1,CCCCN1[C]N(C(C)C)C([N+](=O)[O-])=C1
UVLCXJHFDKFHHQ-UHFFFAOYSA-N,Et,Propargyl,H,CF3,C#CCn1cc(C(F)(F)F)[n+](CC)c1,C#CCN1[C]N(CC)C(C(F)(F)F)=C1
UVVGTULTGHXUCD-UHFFFAOYSA-N,Me,Propargyl,H,NO2,C#CCn1cc([N+](=O)[O-])[n+](C)c1,C#CCN1[C]N(C)C([N+](=O)[O-])=C1
UVWXYSFLTWWOII-UHFFFAOYSA-N,tBu,Allyl,CF3,NH2,C=CCn1c[n+](C(C)(C)C)c(N)c1C(F)(F)F,C=CCN1[C]N(C(C)(C)C)C(N)=C1C(F)(F)F
UVZRMBOPCGRCBH-UHFFFAOYSA-N,Me,Propargyl,H,NH2,C#CCn1cc(N)[n+](C)c1,C#CCN1[C]N(C)C(N)=C1
UWIVQNHDMVKITE-UHFFFAOYSA-N,Vinyl,Vinyl,H,NO2,C=Cn1cc([N+](=O)[O-])[n+](C=C)c1,C=CN1[C]N(C=C)C([N+](=O)[O-])=C1
UWMUHVDQFALKCV-UHFFFAOYSA-N,Vinyl,Allyl,H,OMe,C=CCn1cc(OC)[n+](C=C)c1,C=CCN1[C]N(C=C)C(OC)=C1
UWRCWQQCOQYUSS-UHFFFAOYSA-N,Ethynyl,Propargyl,NO2,CN,C#CCn1c[n+](C#C)c(C#N)c1[N+](=O)[O-],C#CCN1[C]N(C#C)C(C#N)=C1[N+](=O)[O-]
UXEBIUVVKFDVLW-UHFFFAOYSA-N,Et,Ph,CF3,OMe,CC[n+]1cn(-c2ccccc2)c(C(F)(F)F)c1OC,CCN1[C]N(c2ccccc2)C(C(F)(F)F)=C1OC
UXPQSZNGRKCRAT-UHFFFAOYSA-N,tBu,tBu,H,CF3,CC(C)(C)n1cc(C(F)(F)F)[n+](C(C)(C)C)c1,CC(C)(C)N1[C]N(C(C)(C)C)C(C(F)(F)F)=C1
UXXPGXCOIVSBQZ-UHFFFAOYSA-N,Vinyl,Vinyl,H,CF3,C=Cn1cc(C(F)(F)F)[n+](C=C)c1,C=CN1[C]N(C=C)C(C(F)(F)F)=C1
UYPBOTTTZHFVRQ-UHFFFAOYSA-N,Me,Vinyl,H,F,C=Cn1cc(F)[n+](C)c1,C=CN1[C]N(C)C(F)=C1
UYRVHLBWLMNKPM-UHFFFAOYSA-N,Et,Et,NO2,NH2,CCn1c[n+](CC)c(N)c1[N+](=O)[O-],CCN1[C]N(CC)C([N+](=O)[O-])=C1N
UYUNIVHXYWEKHT-UHFFFAOYSA-N,nBu,Propargyl,CF3,NO2,C#CCn1c[n+](CCCC)c([N+](=O)[O-])c1C(F)(F)F,C#CCN1[C]N(CCCC)C([N+](=O)[O-])=C1C(F)(F)F
UYVTYBDVUSLCJA-UHFFFAOYSA-N,Me,iPr,H,H,CC(C)n1cc[n+](C)c1,CC(C)N1[C]N(C)C=C1
UYXABNRCOJRQHW-UHFFFAOYSA-N,Vinyl,Propargyl,OMe,CF3,C#CCn1c[n+](C=C)c(C(F)(F)F)c1OC,C#CCN1[C]N(C=C)C(C(F)(F)F)=C1OC
UZEZXIASJCABDK-UHFFFAOYSA-N,Vinyl,Propargyl,NO2,CF3,C#CCn1c[n+](C=C)c(C(F)(F)F)c1[N+](=O)[O-],C#CCN1[C]N(C=C)C(C(F)(F)F)=C1[N+](=O)[O-]
UZHVDQRENBLVHI-UHFFFAOYSA-N,Vinyl,Allyl,F,Me,C=CCn1c[n+](C=C)c(C)c1F,C=CCN1[C]N(C=C)C(C)=C1F
UZSJYFHVOAMWIL-UHFFFAOYSA-N,Ethynyl,Ph,H,H,C#C[n+]1ccn(-c2ccccc2)c1,C#CN1[C]N(c2ccccc2)C=C1
UZSOTFQHNZRLQN-UHFFFAOYSA-N,Et,iPr,F,NH2,CC[n+]1cn(C(C)C)c(F)c1N,CCN1[C]N(C(C)C)C(F)=C1N
VAVBSGVEACDCBB-UHFFFAOYSA-N,nBu,Vinyl,NO2,OMe,C=Cn1c[n+](CCCC)c(OC)c1[N+](=O)[O-],C=CN1[C]N(CCCC)C(OC)=C1[N+](=O)[O-]
VBEWGUBXCRALIG-UHFFFAOYSA-N,Vinyl,Ethynyl,H,H,C#Cn1cc[n+](C=C)c1,C#CN1[C]N(C=C)C=C1
VBHYGTRDORTFLL-UHFFFAOYSA-N,nBu,Allyl,CF3,NH2,C=CCn1c[n+](CCCC)c(N)c1C(F)(F)F,C=CCN1[C]N(CCCC)C(N)=C1C(F)(F)F
VBIISGLZUMNIEO-UHFFFAOYSA-N,Vinyl,Vinyl,NO2,NO2,C=Cn1c[n+](C=C)c([N+](=O)[O-])c1[N+](=O)[O-],C=CN1[C]N(C=C)C([N+](=O)[O-])=C1[N+](=O)[O-]
VBNHYZPQUIRURF-UHFFFAOYSA-N,Et,Ethynyl,OMe,CN,C#Cn1c[n+](CC)c(C#N)c1OC,C#CN1[C]N(CC)C(C#N)=C1OC
VBVAGIXFDAKDKL-UHFFFAOYSA-N,nBu,tBu,F,OMe,CCCC[n+]1cn(C(C)(C)C)c(F)c1OC,CCCCN1[C]N(C(C)(C)C)C(F)=C1OC
VBZVFIPJLKUQFT-UHFFFAOYSA-N,tBu,Allyl,H,NO2,C=CCn1cc([N+](=O)[O-])[n+](C(C)(C)C)c1,C=CCN1[C]N(C(C)(C)C)C([N+](=O)[O-])=C1
VCRLSCAIZHMSMU-UHFFFAOYSA-N,Me,Propargyl,H,H,C#CCn1cc[n+](C)c1,C#CCN1[C]N(C)C=C1
VDEKCDBFIGKHOI-UHFFFAOYSA-N,Vinyl,Allyl,OMe,CN,C=CCn1c[n+](C=C)c(C#N)c1OC,C=CCN1[C]N(C=C)C(C#N)=C1OC
VDFZFPDWRZPPIZ-UHFFFAOYSA-N,nBu,Ph,F,CN,CCCC[n+]1cn(-c2ccccc2)c(F)c1C#N,CCCCN1[C]N(c2ccccc2)C(F)=C1C#N
VDIZIOXNHYGMTG-UHFFFAOYSA-N,Me,Allyl,H,OMe,C=CCn1cc(OC)[n+](C)c1,C=CCN1[C]N(C)C(OC)=C1
VDKSUTHHWPKKQN-UHFFFAOYSA-N,tBu,Ethynyl,CN,Me,C#Cn1c[n+](C(C)(C)C)c(C)c1C#N,C#CN1[C]N(C(C)(C)C)C(C)=C1C#N
VDYJLTBUWXENFS-UHFFFAOYSA-N,Me,Vinyl,OMe,NO2,C=Cn1c[n+](C)c([N+](=O)[O-])c1OC,C=CN1[C]N(C)C([N+](=O)[O-])=C1OC
VEUQAHXIIJGYSM-UHFFFAOYSA-N,Vinyl,Allyl,NO2,H,C=CCn1c[n+](C=C)cc1[N+](=O)[O-],C=CCN1[C]N(C=C)C=C1[N+](=O)[O-]
VEVZSBSGVMTFQF-UHFFFAOYSA-N,nBu,Ethynyl,H,OMe,C#Cn1cc(OC)[n+](CCCC)c1,C#CN1[C]N(CCCC)C(OC)=C1
VEZPHITYHQSITQ-UHFFFAOYSA-N,Me,Vinyl,H,OMe,C=Cn1cc(OC)[n+](C)c1,C=CN1[C]N(C)C(OC)=C1
VFFVTLULDHFVAX-UHFFFAOYSA-N,Me,Ethynyl,CN,OMe,C#Cn1c[n+](C)c(OC)c1C#N,C#CN1[C]N(C)C(OC)=C1C#N
VFGQJFYOXICQRM-UHFFFAOYSA-N,nBu,iPr,H,H,CCCC[n+]1ccn(C(C)C)c1,CCCCN1[C]N(C(C)C)C=C1
VFLXWPHFYBFATJ-UHFFFAOYSA-N,Ethynyl,Ethynyl,H,CN,C#Cn1cc(C#N)[n+](C#C)c1,C#CN1[C]N(C#C)C(C#N)=C1
VFOAPTBWEKUAGP-UHFFFAOYSA-N,Me,Me,CN,OMe,COc1c(C#N)n(C)c[n+]1C,COC1=C(C#N)N(C)[C]N1C
VGKDXRORACIVCN-UHFFFAOYSA-N,Me,iPr,H,NH2,CC(C)n1cc(N)[n+](C)c1,CC(C)N1[C]N(C)C(N)=C1
VGLUVJXJUUJDNE-UHFFFAOYSA-N,Me,iPr,OMe,H,COc1c[n+](C)cn1C(C)C,COC1=CN(C)[C]N1C(C)C
VGZNCRZCLZMYFG-UHFFFAOYSA-N,Me,Me,F,CF3,Cn1c[n+](C)c(C(F)(F)F)c1F,CN1[C]N(C)C(C(F)(F)F)=C1F
VHIZAMQTARJAPU-UHFFFAOYSA-N,Me,Propargyl,NO2,NO2,C#CCn1c[n+](C)c([N+](=O)[O-])c1[N+](=O)[O-],C#CCN1[C]N(C)C([N+](=O)[O-])=C1[N+](=O)[O-]
VHXAPQHXUHFAIB-UHFFFAOYSA-N,Vinyl,Propargyl,F,CN,C#CCn1c[n+](C=C)c(C#N)c1F,C#CCN1[C]N(C=C)C(C#N)=C1F
VINBSJYICOEQHR-UHFFFAOYSA-N,Et,Allyl,CN,F,C=CCn1c[n+](CC)c(F)c1C#N,C=CCN1[C]N(CC)C(F)=C1C#N
VIQKSDBVBHQRTJ-UHFFFAOYSA-N,Ethynyl,Ethynyl,CF3,NH2,C#Cn1c[n+](C#C)c(N)c1C(F)(F)F,C#CN1[C]N(C#C)C(C(F)(F)F)=C1N
VITQMEZLCSYIIR-UHFFFAOYSA-N,Vinyl,Ph,NH2,CF3,C=C[n+]1cn(-c2ccccc2)c(N)c1C(F)(F)F,C=CN1[C]N(c2ccccc2)C(N)=C1C(F)(F)F
VJKNLSRGGLYVGI-UHFFFAOYSA-N,Et,Propargyl,CF3,H,C#CCn1c[n+](CC)cc1C(F)(F)F,C#CCN1[C]N(CC)C=C1C(F)(F)F
VJTIINXRDNUZGV-UHFFFAOYSA-N,Me,Ethynyl,CN,F,C#Cn1c[n+](C)c(F)c1C#N,C#CN1[C]N(C)C(F)=C1C#N
VJVAOLWLUJTRPT-UHFFFAOYSA-N,tBu,Propargyl,F,Me,C#CCn1c[n+](C(C)(C)C)c(C)c1F,C#CCN1[C]N(C(C)(C)C)C(C)=C1F
VKQYWHOBUDJPFH-UHFFFAOYSA-N,Vinyl,Ph,NO2,F,C=C[n+]1cn(-c2ccccc2)c([N+](=O)[O-])c1F,C=CN1[C]N(c2ccccc2)C([N+](=O)[O-])=C1F
VKVGXDNWYGVNDH-UHFFFAOYSA-N,Me,Propargyl,NH2,H,C#CCn1c[n+](C)cc1N,C#CCN1[C]N(C)C=C1N
VLQQDAQQCKZTLF-UHFFFAOYSA-N,tBu,Ph,CF3,H,CC(C)(C)[n+]1cc(C(F)(F)F)n(-c2ccccc2)c1,CC(C)(C)N1[C]N(c2ccccc2)C(C(F)(F)F)=C1
VLWJKEXDJVIQCN-UHFFFAOYSA-N,nBu,iPr,CN,OMe,CCCC[n+]1cn(C(C)C)c(C#N)c1OC,CCCCN1[C]N(C(C)C)C(C#N)=C1OC
VMIFRNOUJIOBDN-UHFFFAOYSA-N,Vinyl,Vinyl,H,OMe,C=Cn1cc(OC)[n+](C=C)c1,C=CN1[C]N(C=C)C(OC)=C1
VMJIRCYJQPGHMF-UHFFFAOYSA-N,Et,iPr,H,NO2,CC[n+]1cn(C(C)C)cc1[N+](=O)[O-],CCN1[C]N(C(C)C)C=C1[N+](=O)[O-]
VMKNNBJRWUYWKU-UHFFFAOYSA-N,Et,tBu,OMe,NH2,CC[n+]1cn(C(C)(C)C)c(OC)c1N,CCN1[C]N(C(C)(C)C)C(OC)=C1N
VMMIJEMGVFOUSB-UHFFFAOYSA-N,Vinyl,Allyl,CN,CN,C=CCn1c[n+](C=C)c(C#N)c1C#N,C=CCN1[C]N(C=C)C(C#N)=C1C#N
VMPLCQGCPFXKMZ-UHFFFAOYSA-N,Me,Et,NH2,NO2,CCn1c[n+](C)c([N+](=O)[O-])c1N,CCN1[C]N(C)C([N+](=O)[O-])=C1N
VNAXOBRIIIESHB-UHFFFAOYSA-N,Vinyl,Ethynyl,F,F,C#Cn1c[n+](C=C)c(F)c1F,C#CN1[C]N(C=C)C(F)=C1F
VNDRUOSERCGCKL-UHFFFAOYSA-N,Vinyl,Ethynyl,H,OMe,C#Cn1cc(OC)[n+](C=C)c1,C#CN1[C]N(C=C)C(OC)=C1
VNGXUWYTCJPXCX-UHFFFAOYSA-N,Me,Allyl,F,CF3,C=CCn1c[n+](C)c(C(F)(F)F)c1F,C=CCN1[C]N(C)C(C(F)(F)F)=C1F
VNKMYVMWOPEMHO-UHFFFAOYSA-N,tBu,Ph,NH2,NO2,CC(C)(C)[n+]1cn(-c2ccccc2)c(N)c1[N+](=O)[O-],CC(C)(C)N1[C]N(c2ccccc2)C(N)=C1[N+](=O)[O-]
VNUKCUPCOIKGQI-UHFFFAOYSA-N,nBu,Ethynyl,CN,NO2,C#Cn1c[n+](CCCC)c([N+](=O)[O-])c1C#N,C#CN1[C]N(CCCC)C([N+](=O)[O-])=C1C#N
VNYHGZAUUQMMDL-UHFFFAOYSA-N,Me,Me,F,F,Cn1c[n+](C)c(F)c1F,CN1[C]N(C)C(F)=C1F
VONYQFLHVQNOHB-UHFFFAOYSA-N,tBu,Vinyl,H,Me,C=Cn1cc(C)[n+](C(C)(C)C)c1,C=CN1[C]N(C(C)(C)C)C(C)=C1
VOPALAAGBPIBEK-UHFFFAOYSA-N,Vinyl,Ph,CN,Me,C=C[n+]1cn(-c2ccccc2)c(C#N)c1C,C=CN1[C]N(c2ccccc2)C(C#N)=C1C
VOVLXOMFVMOOGO-UHFFFAOYSA-N,Et,iPr,H,H,CC[n+]1ccn(C(C)C)c1,CCN1[C]N(C(C)C)C=C1
VPAFDQIFHJWCBK-UHFFFAOYSA-N,tBu,Ph,NH2,NH2,CC(C)(C)[n+]1cn(-c2ccccc2)c(N)c1N,CC(C)(C)N1[C]N(c2ccccc2)C(N)=C1N
VPCFYKLIWFOWPU-UHFFFAOYSA-N,Vinyl,Allyl,H,CN,C=CCn1cc(C#N)[n+](C=C)c1,C=CCN1[C]N(C=C)C(C#N)=C1
VPDZQPKFLCPVQF-UHFFFAOYSA-N,nBu,iPr,OMe,OMe,CCCC[n+]1cn(C(C)C)c(OC)c1OC,CCCCN1[C]N(C(C)C)C(OC)=C1OC
VPNMTSAIINVZTK-UHFFFAOYSA-N,Me,Vinyl,H,H,C=Cn1cc[n+](C)c1,C=CN1[C]N(C)C=C1
VPVSQEFLNNJAGV-UHFFFAOYSA-N,nBu,Vinyl,NO2,CN,C=Cn1c[n+](CCCC)c(C#N)c1[N+](=O)[O-],C=CN1[C]N(CCCC)C(C#N)=C1[N+](=O)[O-]
VPYRKZOZYGTWAL-UHFFFAOYSA-N,tBu,Allyl,CN,CF3,C=CCn1c[n+](C(C)(C)C)c(C(F)(F)F)c1C#N,C=CCN1[C]N(C(C)(C)C)C(C(F)(F)F)=C1C#N
VQCFGRJAUCEFMB-UHFFFAOYSA-N,Vinyl,Ethynyl,CN,H,C#Cn1c[n+](C=C)cc1C#N,C#CN1[C]N(C=C)C=C1C#N
VQVORIZYOQPCJU-UHFFFAOYSA-N,Ethynyl,Ethynyl,CF3,CF3,C#Cn1c[n+](C#C)c(C(F)(F)F)c1C(F)(F)F,C#CN1[C]N(C#C)C(C(F)(F)F)=C1C(F)(F)F
VRPALPIXARGXGH-UHFFFAOYSA-N,Me,iPr,NH2,CF3,CC(C)n1c[n+](C)c(C(F)(F)F)c1N,CC(C)N1[C]N(C)C(C(F)(F)F)=C1N
VSIQPBSCTXUFDW-UHFFFAOYSA-N,tBu,Ethynyl,OMe,CN,C#Cn1c[n+](C(C)(C)C)c(C#N)c1OC,C#CN1[C]N(C(C)(C)C)C(C#N)=C1OC
VSPRXMQIDWRXCD-UHFFFAOYSA-N,nBu,Ph,OMe,Me,CCCC[n+]1cn(-c2ccccc2)c(OC)c1C,CCCCN1[C]N(c2ccccc2)C(OC)=C1C
VSSMUSAORDZDGQ-UHFFFAOYSA-N,Me,Allyl,CF3,CF3,C=CCn1c[n+](C)c(C(F)(F)F)c1C(F)(F)F,C=CCN1[C]N(C)C(C(F)(F)F)=C1C(F)(F)F
VTBKWALNJXUKNM-UHFFFAOYSA-N,nBu,Propargyl,OMe,F,C#CCn1c[n+](CCCC)c(F)c1OC,C#CCN1[C]N(CCCC)C(F)=C1OC
VTDJWTZYYVYONH-UHFFFAOYSA-N,Me,Allyl,OMe,NO2,C=CCn1c[n+](C)c([N+](=O)[O-])c1OC,C=CCN1[C]N(C)C([N+](=O)[O-])=C1OC
VTEPYXFNGOCHAD-UHFFFAOYSA-N,tBu,Ph,F,Me,Cc1c(F)n(-c2ccccc2)c[n+]1C(C)(C)C,CC1=C(F)N(c2ccccc2)[C]N1C(C)(C)C
VTEYOMGKVPLBES-UHFFFAOYSA-N,Et,Ph,NO2,NH2,CC[n+]1cn(-c2ccccc2)c([N+](=O)[O-])c1N,CCN1[C]N(c2ccccc2)C([N+](=O)[O-])=C1N
VTIKDKWTWUJOIT-UHFFFAOYSA-N,nBu,Ethynyl,OMe,Me,C#Cn1c[n+](CCCC)c(C)c1OC,C#CN1[C]N(CCCC)C(C)=C1OC
VTRLASRZDUYDLG-UHFFFAOYSA-N,nBu,Ethynyl,H,CN,C#Cn1cc(C#N)[n+](CCCC)c1,C#CN1[C]N(CCCC)C(C#N)=C1
VTTNOJSUUCXACV-UHFFFAOYSA-N,Me,Ph,H,NH2,C[n+]1cn(-c2ccccc2)cc1N,CN1[C]N(c2ccccc2)C=C1N
VUNYXYKQNKEEMP-UHFFFAOYSA-N,nBu,Vinyl,CF3,CF3,C=Cn1c[n+](CCCC)c(C(F)(F)F)c1C(F)(F)F,C=CN1[C]N(CCCC)C(C(F)(F)F)=C1C(F)(F)F
VUPZPGDSQSORIF-UHFFFAOYSA-N,Me,Ph,CF3,Me,Cc1c(C(F)(F)F)n(-c2ccccc2)c[n+]1C,CC1=C(C(F)(F)F)N(c2ccccc2)[C]N1C
VURNFYXBXYRALV-UHFFFAOYSA-N,Vinyl,Vinyl,H,H,C=Cn1cc[n+](C=C)c1,C=CN1[C]N(C=C)C=C1
VVJIVEFSALQYPM-UHFFFAOYSA-N,tBu,Propargyl,CF3,CN,C#CCn1c[n+](C(C)(C)C)c(C#N)c1C(F)(F)F,C#CCN1[C]N(C(C)(C)C)C(C#N)=C1C(F)(F)F
VWGFHKDSKOFZFU-UHFFFAOYSA-N,Me,Me,F,CN,Cn1c[n+](C)c(C#N)c1F,CN1[C]N(C)C(C#N)=C1F
VXFBCVWYMDMLHY-UHFFFAOYSA-N,nBu,Allyl,CN,H,C=CCn1c[n+](CCCC)cc1C#N,C=CCN1[C]N(CCCC)C=C1C#N
VXOSXUYCLDOWKA-UHFFFAOYSA-N,nBu,tBu,NO2,NO2,CCCC[n+]1cn(C(C)(C)C)c([N+](=O)[O-])c1[N+](=O)[O-],CCCCN1[C]N(C(C)(C)C)C([N+](=O)[O-])=C1[N+](=O)[O-]
VXQWCAJELNKMQW-UHFFFAOYSA-N,Me,Vinyl,CN,NH2,C=Cn1c[n+](C)c(N)c1C#N,C=CN1[C]N(C)C(N)=C1C#N
VXXJJHWKWRZEPX-UHFFFAOYSA-N,tBu,Allyl,H,NH2,C=CCn1cc(N)[n+](C(C)(C)C)c1,C=CCN1[C]N(C(C)(C)C)C(N)=C1
VYDPVGBWEYVUQG-UHFFFAOYSA-N,Me,tBu,NO2,F,C[n+]1cn(C(C)(C)C)c([N+](=O)[O-])c1F,CN1[C]N(C(C)(C)C)C([N+](=O)[O-])=C1F
VYIRYBYYWGHCSI-UHFFFAOYSA-N,Me,Vinyl,CF3,OMe,C=Cn1c[n+](C)c(OC)c1C(F)(F)F,C=CN1[C]N(C)C(OC)=C1C(F)(F)F
VYOONSJZRULJLP-UHFFFAOYSA-N,nBu,Ethynyl,OMe,H,C#Cn1c[n+](CCCC)cc1OC,C#CN1[C]N(CCCC)C=C1OC
VYQLMOQIAFANLQ-UHFFFAOYSA-N,tBu,Vinyl,OMe,CF3,C=Cn1c[n+](C(C)(C)C)c(C(F)(F)F)c1OC,C=CN1[C]N(C(C)(C)C)C(C(F)(F)F)=C1OC
VYVHUFYJDWDMEH-UHFFFAOYSA-N,Me,iPr,CN,CF3,CC(C)n1c[n+](C)c(C(F)(F)F)c1C#N,CC(C)N1[C]N(C)C(C(F)(F)F)=C1C#N
VYWKGWBBDGINJL-UHFFFAOYSA-N,nBu,Allyl,H,Me,C=CCn1cc(C)[n+](CCCC)c1,C=CCN1[C]N(CCCC)C(C)=C1
VZDOBPOMGXSDQY-UHFFFAOYSA-N,Me,Et,OMe,NH2,CCn1c[n+](C)c(N)c1OC,CCN1[C]N(C)C(N)=C1OC
VZSBMILTVGWKDI-UHFFFAOYSA-N,Et,Vinyl,H,F,C=Cn1cc(F)[n+](CC)c1,C=CN1[C]N(CC)C(F)=C1
VZVIBDBCNWHNQS-UHFFFAOYSA-N,Et,Propargyl,CF3,F,C#CCn1c[n+](CC)c(F)c1C(F)(F)F,C#CCN1[C]N(CC)C(F)=C1C(F)(F)F
WBEQHYDBNBALRQ-UHFFFAOYSA-N,Et,iPr,CF3,F,CC[n+]1cn(C(C)C)c(C(F)(F)F)c1F,CCN1[C]N(C(C)C)C(C(F)(F)F)=C1F
WBNRIPAKYIAEDR-UHFFFAOYSA-N,Me,Allyl,CN,CF3,C=CCn1c[n+](C)c(C(F)(F)F)c1C#N,C=CCN1[C]N(C)C(C(F)(F)F)=C1C#N
WBPPCIVMATWQIN-UHFFFAOYSA-N,Et,Ph,NO2,NO2,CC[n+]1cn(-c2ccccc2)c([N+](=O)[O-])c1[N+](=O)[O-],CCN1[C]N(c2ccccc2)C([N+](=O)[O-])=C1[N+](=O)[O-]
WBQIEHUIYHAPKT-UHFFFAOYSA-N,tBu,Allyl,NH2,F,C=CCn1c[n+](C(C)(C)C)c(F)c1N,C=CCN1[C]N(C(C)(C)C)C(F)=C1N
WBQMVVUFLJCJLY-UHFFFAOYSA-N,Vinyl,Ethynyl,OMe,Me,C#Cn1c[n+](C=C)c(C)c1OC,C#CN1[C]N(C=C)C(C)=C1OC
WCIBOXQOGJODJB-UHFFFAOYSA-N,Me,Propargyl,CF3,NH2,C#CCn1c[n+](C)c(N)c1C(F)(F)F,C#CCN1[C]N(C)C(N)=C1C(F)(F)F
WCQTYIIQXXFJAK-UHFFFAOYSA-N,nBu,Ph,OMe,CF3,CCCC[n+]1cn(-c2ccccc2)c(OC)c1C(F)(F)F,CCCCN1[C]N(c2ccccc2)C(OC)=C1C(F)(F)F
WCSSJDXHRJNKGA-UHFFFAOYSA-N,Et,Propargyl,NH2,OMe,C#CCn1c[n+](CC)c(OC)c1N,C#CCN1[C]N(CC)C(OC)=C1N
WDBQWDBVBGQSIT-UHFFFAOYSA-N,nBu,tBu,H,CF3,CCCC[n+]1cn(C(C)(C)C)cc1C(F)(F)F,CCCCN1[C]N(C(C)(C)C)C=C1C(F)(F)F
WDBVKYPFTCIBFM-UHFFFAOYSA-N,Me,Me,CN,NH2,Cn1c[n+](C)c(N)c1C#N,CN1[C]N(C)C(C#N)=C1N
WDBWFRZJYPOWSE-UHFFFAOYSA-N,Et,iPr,CF3,Me,CC[n+]1cn(C(C)C)c(C(F)(F)F)c1C,CCN1[C]N(C(C)C)C(C(F)(F)F)=C1C
WDVAQSXGTVWCKH-UHFFFAOYSA-N,tBu,Allyl,CF3,OMe,C=CCn1c[n+](C(C)(C)C)c(OC)c1C(F)(F)F,C=CCN1[C]N(C(C)(C)C)C(OC)=C1C(F)(F)F
WEZFVIIGBGFINV-UHFFFAOYSA-N,nBu,tBu,CF3,OMe,CCCC[n+]1cn(C(C)(C)C)c(C(F)(F)F)c1OC,CCCCN1[C]N(C(C)(C)C)C(C(F)(F)F)=C1OC
WFJCDVKNIKXYKZ-UHFFFAOYSA-N,Et,iPr,NO2,H,CC[n+]1cc([N+](=O)[O-])n(C(C)C)c1,CCN1[C]N(C(C)C)C([N+](=O)[O-])=C1
WFJLZVAHYJKZKG-UHFFFAOYSA-N,nBu,Vinyl,NO2,CF3,C=Cn1c[n+](CCCC)c(C(F)(F)F)c1[N+](=O)[O-],C=CN1[C]N(CCCC)C(C(F)(F)F)=C1[N+](=O)[O-]
WFSQMZJDEDPDNU-UHFFFAOYSA-N,Me,Ph,CF3,CF3,C[n+]1cn(-c2ccccc2)c(C(F)(F)F)c1C(F)(F)F,CN1[C]N(c2ccccc2)C(C(F)(F)F)=C1C(F)(F)F
WGMOSSDBARYWNN-UHFFFAOYSA-N,Et,Propargyl,CF3,OMe,C#CCn1c[n+](CC)c(OC)c1C(F)(F)F,C#CCN1[C]N(CC)C(OC)=C1C(F)(F)F
WGPIOPFFVGUMDW-UHFFFAOYSA-N,Me,Et,NO2,NO2,CCn1c[n+](C)c([N+](=O)[O-])c1[N+](=O)[O-],CCN1[C]N(C)C([N+](=O)[O-])=C1[N+](=O)[O-]
WGUWPJOQCKWZPK-UHFFFAOYSA-N,Me,iPr,H,OMe,COc1cn(C(C)C)c[n+]1C,COC1=CN(C(C)C)[C]N1C
WGYVEENDZFCGFB-UHFFFAOYSA-N,tBu,Allyl,OMe,H,C=CCn1c[n+](C(C)(C)C)cc1OC,C=CCN1[C]N(C(C)(C)C)C=C1OC
WHBMNJDWGQQTAJ-UHFFFAOYSA-N,Vinyl,Propargyl,H,CN,C#CCn1cc(C#N)[n+](C=C)c1,C#CCN1[C]N(C=C)C(C#N)=C1
WHJGAGAPCSRDIQ-UHFFFAOYSA-N,tBu,Ph,CN,H,CC(C)(C)[n+]1cc(C#N)n(-c2ccccc2)c1,CC(C)(C)N1[C]N(c2ccccc2)C(C#N)=C1
WHTOYJNJRZEVRZ-UHFFFAOYSA-N,tBu,Ph,H,OMe,COc1cn(-c2ccccc2)c[n+]1C(C)(C)C,COC1=CN(c2ccccc2)[C]N1C(C)(C)C
WHWOELMVYYUOJG-UHFFFAOYSA-N,Me,Allyl,NH2,CF3,C=CCn1c[n+](C)c(C(F)(F)F)c1N,C=CCN1[C]N(C)C(C(F)(F)F)=C1N
WHZYKUMKASOONT-UHFFFAOYSA-N,Me,iPr,H,CN,CC(C)n1cc(C#N)[n+](C)c1,CC(C)N1[C]N(C)C(C#N)=C1
WIHQMROLDNFJSB-UHFFFAOYSA-N,Et,Ph,CF3,CN,CC[n+]1cn(-c2ccccc2)c(C(F)(F)F)c1C#N,CCN1[C]N(c2ccccc2)C(C(F)(F)F)=C1C#N
WIUHPTYMHMWHSO-UHFFFAOYSA-N,Et,Vinyl,CF3,Me,C=Cn1c[n+](CC)c(C)c1C(F)(F)F,C=CN1[C]N(CC)C(C)=C1C(F)(F)F
WIVVNCPAGIJOLG-UHFFFAOYSA-N,tBu,tBu,F,NO2,CC(C)(C)n1c[n+](C(C)(C)C)c([N+](=O)[O-])c1F,CC(C)(C)N1[C]N(C(C)(C)C)C([N+](=O)[O-])=C1F
WJLFWECBGBRRKT-UHFFFAOYSA-N,Me,Propargyl,CF3,Me,C#CCn1c[n+](C)c(C)c1C(F)(F)F,C#CCN1[C]N(C)C(C)=C1C(F)(F)F
WJWREIMCPJDZLY-UHFFFAOYSA-N,nBu,tBu,OMe,NH2,CCCC[n+]1cn(C(C)(C)C)c(OC)c1N,CCCCN1[C]N(C(C)(C)C)C(OC)=C1N
WKNOAENGSRJPOR-UHFFFAOYSA-N,Me,iPr,NO2,NH2,CC(C)n1c[n+](C)c(N)c1[N+](=O)[O-],CC(C)N1[C]N(C)C(N)=C1[N+](=O)[O-]
WKZDRHAXQSXJNJ-UHFFFAOYSA-N,nBu,tBu,CN,OMe,CCCC[n+]1cn(C(C)(C)C)c(C#N)c1OC,CCCCN1[C]N(C(C)(C)C)C(C#N)=C1OC
WLCUEESJPXNAGU-UHFFFAOYSA-N,Vinyl,Propargyl,CN,OMe,C#CCn1c[n+](C=C)c(OC)c1C#N,C#CCN1[C]N(C=C)C(OC)=C1C#N
WLWCXKHSBAFBJH-UHFFFAOYSA-N,Vinyl,Allyl,CN,F,C=CCn1c[n+](C=C)c(F)c1C#N,C=CCN1[C]N(C=C)C(F)=C1C#N
WMAZWUGRSIYVCC-UHFFFAOYSA-N,Vinyl,Ph,CN,CF3,C=C[n+]1cn(-c2ccccc2)c(C#N)c1C(F)(F)F,C=CN1[C]N(c2ccccc2)C(C#N)=C1C(F)(F)F
WMBPUENMSFGGFR-UHFFFAOYSA-N,nBu,Propargyl,OMe,CN,C#CCn1c[n+](CCCC)c(C#N)c1OC,C#CCN1[C]N(CCCC)C(C#N)=C1OC
WMEMCUJKNQAPRB-UHFFFAOYSA-N,Et,Allyl,NH2,H,C=CCn1c[n+](CC)cc1N,C=CCN1[C]N(CC)C=C1N
WNJXIEXDUBKSHN-UHFFFAOYSA-N,nBu,Allyl,NH2,CF3,C=CCn1c[n+](CCCC)c(C(F)(F)F)c1N,C=CCN1[C]N(CCCC)C(C(F)(F)F)=C1N
WNKQLCOGIJALKU-UHFFFAOYSA-N,tBu,Allyl,NO2,Me,C=CCn1c[n+](C(C)(C)C)c(C)c1[N+](=O)[O-],C=CCN1[C]N(C(C)(C)C)C(C)=C1[N+](=O)[O-]
WOFXKQLFQLJNAE-UHFFFAOYSA-N,Ethynyl,Propargyl,OMe,CN,C#CCn1c[n+](C#C)c(C#N)c1OC,C#CCN1[C]N(C#C)C(C#N)=C1OC
WORVIXZLFFMYIJ-UHFFFAOYSA-N,Me,Ph,NH2,CN,C[n+]1cn(-c2ccccc2)c(N)c1C#N,CN1[C]N(c2ccccc2)C(N)=C1C#N
WPCLAVUPYHXVCO-UHFFFAOYSA-N,tBu,Vinyl,OMe,Me,C=Cn1c[n+](C(C)(C)C)c(C)c1OC,C=CN1[C]N(C(C)(C)C)C(C)=C1OC
WPIWYRCPTDDLBA-UHFFFAOYSA-N,nBu,Propargyl,OMe,NH2,C#CCn1c[n+](CCCC)c(N)c1OC,C#CCN1[C]N(CCCC)C(N)=C1OC
WPNCMIBYTDDWRL-UHFFFAOYSA-N,Ethynyl,Ph,NO2,Me,C#C[n+]1cn(-c2ccccc2)c([N+](=O)[O-])c1C,C#CN1[C]N(c2ccccc2)C([N+](=O)[O-])=C1C
WPNJLMOYJQCGHE-UHFFFAOYSA-N,tBu,Allyl,NO2,CF3,C=CCn1c[n+](C(C)(C)C)c(C(F)(F)F)c1[N+](=O)[O-],C=CCN1[C]N(C(C)(C)C)C(C(F)(F)F)=C1[N+](=O)[O-]
WPRBPNQCFSWTFH-UHFFFAOYSA-N,Ethynyl,Propargyl,CN,H,C#CCn1c[n+](C#C)cc1C#N,C#CCN1[C]N(C#C)C=C1C#N
WPWHPJSJSVYVIR-UHFFFAOYSA-N,nBu,Propargyl,F,OMe,C#CCn1c[n+](CCCC)c(OC)c1F,C#CCN1[C]N(CCCC)C(OC)=C1F
WQGOIIUZSYDYRE-UHFFFAOYSA-N,tBu,Ethynyl,F,CN,C#Cn1c[n+](C(C)(C)C)c(C#N)c1F,C#CN1[C]N(C(C)(C)C)C(C#N)=C1F
WQLFTUALBICYDL-UHFFFAOYSA-N,tBu,Ethynyl,NO2,H,C#Cn1c[n+](C(C)(C)C)cc1[N+](=O)[O-],C#CN1[C]N(C(C)(C)C)C=C1[N+](=O)[O-]
WQQODHQEIMLSRA-UHFFFAOYSA-N,Ethynyl,Ethynyl,H,Me,C#Cn1cc(C)[n+](C#C)c1,C#CN1[C]N(C#C)C(C)=C1
WQWNTZRYXYMHCI-UHFFFAOYSA-N,nBu,Ethynyl,NO2,CN,C#Cn1c[n+](CCCC)c(C#N)c1[N+](=O)[O-],C#CN1[C]N(CCCC)C(C#N)=C1[N+](=O)[O-]
WQZRJELCMOYGDY-UHFFFAOYSA-N,Me,Vinyl,NO2,CN,C=Cn1c[n+](C)c(C#N)c1[N+](=O)[O-],C=CN1[C]N(C)C(C#N)=C1[N+](=O)[O-]
WRVNTQKYMOGVBV-UHFFFAOYSA-N,Vinyl,Ethynyl,CF3,NO2,C#Cn1c[n+](C=C)c([N+](=O)[O-])c1C(F)(F)F,C#CN1[C]N(C=C)C([N+](=O)[O-])=C1C(F)(F)F
WRWFKGKACMLFTO-UHFFFAOYSA-N,Me,Et,CF3,NO2,CCn1c[n+](C)c([N+](=O)[O-])c1C(F)(F)F,CCN1[C]N(C)C([N+](=O)[O-])=C1C(F)(F)F
WSDQIVFKKIIXMF-UHFFFAOYSA-N,nBu,Ethynyl,H,CF3,C#Cn1cc(C(F)(F)F)[n+](CCCC)c1,C#CN1[C]N(CCCC)C(C(F)(F)F)=C1
WSEJNAXCXQHNIH-UHFFFAOYSA-N,tBu,Allyl,CF3,F,C=CCn1c[n+](C(C)(C)C)c(F)c1C(F)(F)F,C=CCN1[C]N(C(C)(C)C)C(F)=C1C(F)(F)F
WSJZBPGBJICCFG-UHFFFAOYSA-N,tBu,tBu,H,OMe,COc1cn(C(C)(C)C)c[n+]1C(C)(C)C,COC1=CN(C(C)(C)C)[C]N1C(C)(C)C
WSMZUUKNVPDNJJ-UHFFFAOYSA-N,nBu,Propargyl,CF3,NH2,C#CCn1c[n+](CCCC)c(N)c1C(F)(F)F,C#CCN1[C]N(CCCC)C(N)=C1C(F)(F)F
WSQCQTPREFEHBN-UHFFFAOYSA-N,tBu,tBu,H,CN,CC(C)(C)n1cc(C#N)[n+](C(C)(C)C)c1,CC(C)(C)N1[C]N(C(C)(C)C)C(C#N)=C1
WSUROJWGJLWZIB-UHFFFAOYSA-N,tBu,Vinyl,NO2,CF3,C=Cn1c[n+](C(C)(C)C)c(C(F)(F)F)c1[N+](=O)[O-],C=CN1[C]N(C(C)(C)C)C(C(F)(F)F)=C1[N+](=O)[O-]
WTGVQNRCIVTCKD-UHFFFAOYSA-N,Ethynyl,Ph,NO2,OMe,C#C[n+]1cn(-c2ccccc2)c([N+](=O)[O-])c1OC,C#CN1[C]N(c2ccccc2)C([N+](=O)[O-])=C1OC
WTJIIHPSIBZDEE-UHFFFAOYSA-N,tBu,Vinyl,CN,H,C=Cn1c[n+](C(C)(C)C)cc1C#N,C=CN1[C]N(C(C)(C)C)C=C1C#N
WTYFVANVSVWSIW-UHFFFAOYSA-N,Vinyl,Allyl,OMe,F,C=CCn1c[n+](C=C)c(F)c1OC,C=CCN1[C]N(C=C)C(F)=C1OC
WUBVPFDGZJULFB-UHFFFAOYSA-N,tBu,Allyl,F,OMe,C=CCn1c[n+](C(C)(C)C)c(OC)c1F,C=CCN1[C]N(C(C)(C)C)C(OC)=C1F
WUDNOUCWIRZXRE-UHFFFAOYSA-N,Ethynyl,Propargyl,CN,F,C#CCn1c[n+](C#C)c(F)c1C#N,C#CCN1[C]N(C#C)C(F)=C1C#N
WUGBLNNKKQSRMN-UHFFFAOYSA-N,Me,iPr,CN,Me,Cc1c(C#N)n(C(C)C)c[n+]1C,CC1=C(C#N)N(C(C)C)[C]N1C
WUMFFBCMHNJUMM-UHFFFAOYSA-N,tBu,Vinyl,NO2,NO2,C=Cn1c[n+](C(C)(C)C)c([N+](=O)[O-])c1[N+](=O)[O-],C=CN1[C]N(C(C)(C)C)C([N+](=O)[O-])=C1[N+](=O)[O-]
WUNUAOYAOWRECL-UHFFFAOYSA-N,tBu,Allyl,CN,H,C=CCn1c[n+](C(C)(C)C)cc1C#N,C=CCN1[C]N(C(C)(C)C)C=C1C#N
WUYJKULYVWPMSP-UHFFFAOYSA-N,Me,Ethynyl,OMe,Me,C#Cn1c[n+](C)c(C)c1OC,C#CN1[C]N(C)C(C)=C1OC
WVGOAVNENXMTAH-UHFFFAOYSA-N,Ethynyl,Ph,F,CF3,C#C[n+]1cn(-c2ccccc2)c(F)c1C(F)(F)F,C#CN1[C]N(c2ccccc2)C(F)=C1C(F)(F)F
WWHLQOCCQZYTEC-UHFFFAOYSA-N,Vinyl,Propargyl,F,CF3,C#CCn1c[n+](C=C)c(C(F)(F)F)c1F,C#CCN1[C]N(C=C)C(C(F)(F)F)=C1F
WWVMHGUBIOZASN-UHFFFAOYSA-N,Me,Allyl,H,H,C=CCn1cc[n+](C)c1,C=CCN1[C]N(C)C=C1
WWYXCWXCFZCHNB-UHFFFAOYSA-N,tBu,Vinyl,NO2,Me,C=Cn1c[n+](C(C)(C)C)c(C)c1[N+](=O)[O-],C=CN1[C]N(C(C)(C)C)C(C)=C1[N+](=O)[O-]
WXJYLFSZFRCFAD-UHFFFAOYSA-N,tBu,Vinyl,CN,CN,C=Cn1c[n+](C(C)(C)C)c(C#N)c1C#N,C=CN1[C]N(C(C)(C)C)C(C#N)=C1C#N
WYGLYWMDYGDDJP-UHFFFAOYSA-N,Vinyl,Propargyl,CF3,CF3,C#CCn1c[n+](C=C)c(C(F)(F)F)c1C(F)(F)F,C#CCN1[C]N(C=C)C(C(F)(F)F)=C1C(F)(F)F
WYODUIRJQDJFTF-UHFFFAOYSA-N,nBu,Propargyl,NH2,NO2,C#CCn1c[n+](CCCC)c([N+](=O)[O-])c1N,C#CCN1[C]N(CCCC)C([N+](=O)[O-])=C1N
WYONAFXERKJDSO-UHFFFAOYSA-N,Me,Ethynyl,CN,NO2,C#Cn1c[n+](C)c([N+](=O)[O-])c1C#N,C#CN1[C]N(C)C([N+](=O)[O-])=C1C#N
WYPMXUBWSLLKBU-UHFFFAOYSA-N,Me,Vinyl,NH2,Me,C=Cn1c[n+](C)c(C)c1N,C=CN1[C]N(C)C(C)=C1N
WYYUXQZMACZRBA-UHFFFAOYSA-N,Me,Et,CN,Me,CCn1c[n+](C)c(C)c1C#N,CCN1[C]N(C)C(C)=C1C#N
WZBGZUANUQSCAW-UHFFFAOYSA-N,tBu,Propargyl,H,NO2,C#CCn1cc([N+](=O)[O-])[n+](C(C)(C)C)c1,C#CCN1[C]N(C(C)(C)C)C([N+](=O)[O-])=C1
WZDVEMBYJGNGFJ-UHFFFAOYSA-N,Me,Vinyl,NO2,OMe,C=Cn1c[n+](C)c(OC)c1[N+](=O)[O-],C=CN1[C]N(C)C(OC)=C1[N+](=O)[O-]
WZDYNOGQDAKKDU-UHFFFAOYSA-N,Vinyl,Propargyl,CN,CN,C#CCn1c[n+](C=C)c(C#N)c1C#N,C#CCN1[C]N(C=C)C(C#N)=C1C#N
WZGPWOUNMKGFHY-UHFFFAOYSA-N,Vinyl,Ph,CN,NH2,C=C[n+]1cn(-c2ccccc2)c(C#N)c1N,C=CN1[C]N(c2ccccc2)C(C#N)=C1N
WZILJAXBZKOGKI-UHFFFAOYSA-N,Et,iPr,H,Me,CC[n+]1cn(C(C)C)cc1C,CCN1[C]N(C(C)C)C=C1C
WZITYOSTFPHALU-UHFFFAOYSA-N,Et,Allyl,NO2,NO2,C=CCn1c[n+](CC)c([N+](=O)[O-])c1[N+](=O)[O-],C=CCN1[C]N(CC)C([N+](=O)[O-])=C1[N+](=O)[O-]
XACIJCGBQHHTPO-UHFFFAOYSA-N,Et,Ethynyl,CF3,CN,C#Cn1c[n+](CC)c(C#N)c1C(F)(F)F,C#CN1[C]N(CC)C(C#N)=C1C(F)(F)F
XATLEFRNAFMTTN-UHFFFAOYSA-N,Et,Ethynyl,NO2,H,C#Cn1c[n+](CC)cc1[N+](=O)[O-],C#CN1[C]N(CC)C=C1[N+](=O)[O-]
XBGAXZLYJLCOLA-UHFFFAOYSA-N,Et,Allyl,F,NH2,C=CCn1c[n+](CC)c(N)c1F,C=CCN1[C]N(CC)C(N)=C1F
XBGSCYKXLZZGOU-UHFFFAOYSA-N,Et,Allyl,CN,CF3,C=CCn1c[n+](CC)c(C(F)(F)F)c1C#N,C=CCN1[C]N(CC)C(C(F)(F)F)=C1C#N
XBWIYXOFBGYIQG-UHFFFAOYSA-N,tBu,Propargyl,H,CF3,C#CCn1cc(C(F)(F)F)[n+](C(C)(C)C)c1,C#CCN1[C]N(C(C)(C)C)C(C(F)(F)F)=C1
XCXPBDPGZQMBNH-UHFFFAOYSA-N,Ethynyl,Ph,CN,H,C#C[n+]1cc(C#N)n(-c2ccccc2)c1,C#CN1[C]N(c2ccccc2)C(C#N)=C1
XDCYNXGDZOGSJY-UHFFFAOYSA-N,Et,Allyl,NH2,NH2,C=CCn1c[n+](CC)c(N)c1N,C=CCN1[C]N(CC)C(N)=C1N
XDIJSUSDUTWXOE-UHFFFAOYSA-N,nBu,Vinyl,NH2,OMe,C=Cn1c[n+](CCCC)c(OC)c1N,C=CN1[C]N(CCCC)C(OC)=C1N
XDIOWCOJUOKXFA-UHFFFAOYSA-N,nBu,Propargyl,H,H,C#CCn1cc[n+](CCCC)c1,C#CCN1[C]N(CCCC)C=C1
XDNHJSUBUSLAGS-UHFFFAOYSA-N,Me,Ethynyl,F,CN,C#Cn1c[n+](C)c(C#N)c1F,C#CN1[C]N(C)C(C#N)=C1F
XDWHFMWAHNXEJG-UHFFFAOYSA-N,Et,tBu,CN,CF3,CC[n+]1cn(C(C)(C)C)c(C#N)c1C(F)(F)F,CCN1[C]N(C(C)(C)C)C(C#N)=C1C(F)(F)F
XDXNBOYEPUFGFX-UHFFFAOYSA-N,nBu,tBu,OMe,OMe,CCCC[n+]1cn(C(C)(C)C)c(OC)c1OC,CCCCN1[C]N(C(C)(C)C)C(OC)=C1OC
XELFGMXKYLTKKV-UHFFFAOYSA-N,Vinyl,Ethynyl,H,CF3,C#Cn1cc(C(F)(F)F)[n+](C=C)c1,C#CN1[C]N(C=C)C(C(F)(F)F)=C1
XEPGZJSGXCNQDR-UHFFFAOYSA-N,Vinyl,Allyl,CN,H,C=CCn1c[n+](C=C)cc1C#N,C=CCN1[C]N(C=C)C=C1C#N
XFYKPCJTUQOATH-UHFFFAOYSA-N,Me,Propargyl,F,OMe,C#CCn1c[n+](C)c(OC)c1F,C#CCN1[C]N(C)C(OC)=C1F
XGESCQAANKIISA-UHFFFAOYSA-N,tBu,Vinyl,NH2,H,C=Cn1c[n+](C(C)(C)C)cc1N,C=CN1[C]N(C(C)(C)C)C=C1N
XGRYENLJQVHGDN-UHFFFAOYSA-N,nBu,Ph,NO2,NO2,CCCC[n+]1cn(-c2ccccc2)c([N+](=O)[O-])c1[N+](=O)[O-],CCCCN1[C]N(c2ccccc2)C([N+](=O)[O-])=C1[N+](=O)[O-]
XGSPMKODUATXAE-UHFFFAOYSA-N,Me,iPr,NH2,F,CC(C)n1c[n+](C)c(F)c1N,CC(C)N1[C]N(C)C(F)=C1N
XGZNWEOFZXKHIY-UHFFFAOYSA-N,Me,tBu,NO2,CF3,C[n+]1cn(C(C)(C)C)c([N+](=O)[O-])c1C(F)(F)F,CN1[C]N(C(C)(C)C)C([N+](=O)[O-])=C1C(F)(F)F
XHABRBDTMXGZIE-UHFFFAOYSA-N,Vinyl,Ph,NH2,NO2,C=C[n+]1cn(-c2ccccc2)c(N)c1[N+](=O)[O-],C=CN1[C]N(c2ccccc2)C(N)=C1[N+](=O)[O-]
XHCJZTDHZRHWNY-UHFFFAOYSA-N,Et,Et,F,CF3,CCn1c[n+](CC)c(C(F)(F)F)c1F,CCN1[C]N(CC)C(C(F)(F)F)=C1F
XHWOEZGXAUMOBP-UHFFFAOYSA-N,tBu,tBu,F,NH2,CC(C)(C)n1c[n+](C(C)(C)C)c(N)c1F,CC(C)(C)N1[C]N(C(C)(C)C)C(F)=C1N
XHXMCQLUFHXJIZ-UHFFFAOYSA-N,Et,Vinyl,CN,H,C=Cn1c[n+](CC)cc1C#N,C=CN1[C]N(CC)C=C1C#N
XIICYLJJFACYPG-UHFFFAOYSA-N,Me,tBu,NH2,NO2,C[n+]1cn(C(C)(C)C)c(N)c1[N+](=O)[O-],CN1[C]N(C(C)(C)C)C(N)=C1[N+](=O)[O-]
XJCIQALONVLRFC-UHFFFAOYSA-N,Me,tBu,F,OMe,COc1c(F)n(C(C)(C)C)c[n+]1C,COC1=C(F)N(C(C)(C)C)[C]N1C
XJMKYUIJJOOCEK-UHFFFAOYSA-N,Et,Et,OMe,NH2,CCn1c[n+](CC)c(N)c1OC,CCN1[C]N(CC)C(OC)=C1N
XJOGQTMQNIWUMG-UHFFFAOYSA-N,nBu,Ph,F,F,CCCC[n+]1cn(-c2ccccc2)c(F)c1F,CCCCN1[C]N(c2ccccc2)C(F)=C1F
XJSZLBXLYJJYRF-UHFFFAOYSA-N,Vinyl,Propargyl,F,OMe,C#CCn1c[n+](C=C)c(OC)c1F,C#CCN1[C]N(C=C)C(OC)=C1F
XJWMFTFTDZLENB-UHFFFAOYSA-N,nBu,Propargyl,F,NO2,C#CCn1c[n+](CCCC)c([N+](=O)[O-])c1F,C#CCN1[C]N(CCCC)C([N+](=O)[O-])=C1F
XKAMHAOHMOGVTL-UHFFFAOYSA-N,Vinyl,Vinyl,F,F,C=Cn1c[n+](C=C)c(F)c1F,C=CN1[C]N(C=C)C(F)=C1F
XKEDFIYZQLMVJC-UHFFFAOYSA-N,Me,Et,CN,NO2,CCn1c[n+](C)c([N+](=O)[O-])c1C#N,CCN1[C]N(C)C([N+](=O)[O-])=C1C#N
XKEZIDPCMVYXDG-UHFFFAOYSA-N,Me,Ethynyl,OMe,NO2,C#Cn1c[n+](C)c([N+](=O)[O-])c1OC,C#CN1[C]N(C)C([N+](=O)[O-])=C1OC
XLJSMWDFUFADIA-UHFFFAOYSA-N,Et,Et,H,H,CCn1cc[n+](CC)c1,CCN1[C]N(CC)C=C1
XLLWIYABAUTHRC-UHFFFAOYSA-N,Et,Et,H,NH2,CCn1cc(N)[n+](CC)c1,CCN1[C]N(CC)C(N)=C1
XLRVOOMPQFPCFI-UHFFFAOYSA-N,nBu,Allyl,NO2,CN,C=CCn1c[n+](CCCC)c(C#N)c1[N+](=O)[O-],C=CCN1[C]N(CCCC)C(C#N)=C1[N+](=O)[O-]
XLSAOYHNFACFFM-UHFFFAOYSA-N,tBu,Propargyl,CF3,F,C#CCn1c[n+](C(C)(C)C)c(F)c1C(F)(F)F,C#CCN1[C]N(C(C)(C)C)C(F)=C1C(F)(F)F
XMDGFQGEMNQIAR-UHFFFAOYSA-N,Vinyl,Propargyl,NO2,CN,C#CCn1c[n+](C=C)c(C#N)c1[N+](=O)[O-],C#CCN1[C]N(C=C)C(C#N)=C1[N+](=O)[O-]
XMJUPRVHYZYJAO-UHFFFAOYSA-N,Me,Me,F,NH2,Cn1c[n+](C)c(N)c1F,CN1[C]N(C)C(F)=C1N
XMTBMUKLKDJMGF-UHFFFAOYSA-N,Ethynyl,Ph,CN,Me,C#C[n+]1cn(-c2ccccc2)c(C#N)c1C,C#CN1[C]N(c2ccccc2)C(C#N)=C1C
XMVZHDMZEMIGBK-UHFFFAOYSA-N,Et,Ph,OMe,H,CC[n+]1cc(OC)n(-c2ccccc2)c1,CCN1[C]N(c2ccccc2)C(OC)=C1
XNDKRRLFTSZSNY-UHFFFAOYSA-N,Me,Et,NO2,Me,CCn1c[n+](C)c(C)c1[N+](=O)[O-],CCN1[C]N(C)C(C)=C1[N+](=O)[O-]
XNMUHILFFLRNTN-UHFFFAOYSA-N,Me,Ethynyl,NO2,CF3,C#Cn1c[n+](C)c(C(F)(F)F)c1[N+](=O)[O-],C#CN1[C]N(C)C(C(F)(F)F)=C1[N+](=O)[O-]
XNTXWLQIEKJYBA-UHFFFAOYSA-N,Et,Allyl,NO2,H,C=CCn1c[n+](CC)cc1[N+](=O)[O-],C=CCN1[C]N(CC)C=C1[N+](=O)[O-]
XOLGPISVNFIKEQ-UHFFFAOYSA-N,Et,iPr,OMe,H,CC[n+]1cc(OC)n(C(C)C)c1,CCN1[C]N(C(C)C)C(OC)=C1
XPGWTPLDAPYYDB-UHFFFAOYSA-N,Vinyl,Allyl,F,NO2,C=CCn1c[n+](C=C)c([N+](=O)[O-])c1F,C=CCN1[C]N(C=C)C([N+](=O)[O-])=C1F
XPNFZVNTNZCVLX-UHFFFAOYSA-N,tBu,Propargyl,NH2,Me,C#CCn1c[n+](C(C)(C)C)c(C)c1N,C#CCN1[C]N(C(C)(C)C)C(C)=C1N
XPOZQFZUEGJGSP-UHFFFAOYSA-N,Et,Ethynyl,H,NO2,C#Cn1cc([N+](=O)[O-])[n+](CC)c1,C#CN1[C]N(CC)C([N+](=O)[O-])=C1
XQNNVMYFHFLGPE-UHFFFAOYSA-N,Et,Ethynyl,CN,F,C#Cn1c[n+](CC)c(F)c1C#N,C#CN1[C]N(CC)C(F)=C1C#N
XQQQHDPILGTYMR-UHFFFAOYSA-N,tBu,Ethynyl,H,NH2,C#Cn1cc(N)[n+](C(C)(C)C)c1,C#CN1[C]N(C(C)(C)C)C(N)=C1
XRGVCNVZOXJSLF-UHFFFAOYSA-N,Et,Ethynyl,NO2,F,C#Cn1c[n+](CC)c(F)c1[N+](=O)[O-],C#CN1[C]N(CC)C(F)=C1[N+](=O)[O-]
XRMHUINETNGKGJ-UHFFFAOYSA-N,tBu,tBu,H,NH2,CC(C)(C)n1cc(N)[n+](C(C)(C)C)c1,CC(C)(C)N1[C]N(C(C)(C)C)C(N)=C1
XRYFZOBFRQBZHH-UHFFFAOYSA-N,Ethynyl,Propargyl,F,CF3,C#CCn1c[n+](C#C)c(C(F)(F)F)c1F,C#CCN1[C]N(C#C)C(C(F)(F)F)=C1F
XRZPGSPAWYHDPW-UHFFFAOYSA-N,Vinyl,Vinyl,F,CN,C=Cn1c[n+](C=C)c(C#N)c1F,C=CN1[C]N(C=C)C(C#N)=C1F
XSCYQJDDRKNOHL-UHFFFAOYSA-N,nBu,Allyl,F,CN,C=CCn1c[n+](CCCC)c(C#N)c1F,C=CCN1[C]N(CCCC)C(C#N)=C1F
XSYWQTDYJUXMRI-UHFFFAOYSA-N,Et,Et,CN,NO2,CCn1c[n+](CC)c([N+](=O)[O-])c1C#N,CCN1[C]N(CC)C([N+](=O)[O-])=C1C#N
XTCQWFVGCPFKDQ-UHFFFAOYSA-N,nBu,Propargyl,CN,NO2,C#CCn1c[n+](CCCC)c([N+](=O)[O-])c1C#N,C#CCN1[C]N(CCCC)C([N+](=O)[O-])=C1C#N
XTDPQZBMEGTQMY-UHFFFAOYSA-N,Vinyl,Ph,CN,NO2,C=C[n+]1cn(-c2ccccc2)c(C#N)c1[N+](=O)[O-],C=CN1[C]N(c2ccccc2)C(C#N)=C1[N+](=O)[O-]
XTGAATMCJRMCGU-UHFFFAOYSA-N,Me,tBu,H,CN,C[n+]1cn(C(C)(C)C)cc1C#N,CN1[C]N(C(C)(C)C)C=C1C#N
XTMUAIDYQHLFDN-UHFFFAOYSA-N,tBu,Vinyl,OMe,NO2,C=Cn1c[n+](C(C)(C)C)c([N+](=O)[O-])c1OC,C=CN1[C]N(C(C)(C)C)C([N+](=O)[O-])=C1OC
XTTVRAKKPJWXES-UHFFFAOYSA-N,Ethynyl,Propargyl,F,F,C#CCn1c[n+](C#C)c(F)c1F,C#CCN1[C]N(C#C)C(F)=C1F
XTYCQRNJCOMBAP-UHFFFAOYSA-N,Ethynyl,Propargyl,CF3,CN,C#CCn1c[n+](C#C)c(C#N)c1C(F)(F)F,C#CCN1[C]N(C#C)C(C#N)=C1C(F)(F)F
XTZJORLCLRUXEN-UHFFFAOYSA-N,Et,Propargyl,F,CF3,C#CCn1c[n+](CC)c(C(F)(F)F)c1F,C#CCN1[C]N(CC)C(C(F)(F)F)=C1F
XUKYIVJGWRCOTA-UHFFFAOYSA-N,tBu,Ethynyl,CN,NO2,C#Cn1c[n+](C(C)(C)C)c([N+](=O)[O-])c1C#N,C#CN1[C]N(C(C)(C)C)C([N+](=O)[O-])=C1C#N
XUOJOTAKPNIREJ-UHFFFAOYSA-N,Et,Vinyl,F,OMe,C=Cn1c[n+](CC)c(OC)c1F,C=CN1[C]N(CC)C(OC)=C1F
XUQZDLRSSRKXFX-UHFFFAOYSA-N,Ethynyl,Ph,CN,CN,C#C[n+]1cn(-c2ccccc2)c(C#N)c1C#N,C#CN1[C]N(c2ccccc2)C(C#N)=C1C#N
XUYLSOMNELHYKD-UHFFFAOYSA-N,Vinyl,Propargyl,OMe,F,C#CCn1c[n+](C=C)c(F)c1OC,C#CCN1[C]N(C=C)C(F)=C1OC
XVDMKNIFLPZGAW-UHFFFAOYSA-N,tBu,Propargyl,H,Me,C#CCn1cc(C)[n+](C(C)(C)C)c1,C#CCN1[C]N(C(C)(C)C)C(C)=C1
XVEIBAHHAIHGHF-UHFFFAOYSA-N,Ethynyl,Ph,H,CF3,C#C[n+]1cn(-c2ccccc2)cc1C(F)(F)F,C#CN1[C]N(c2ccccc2)C=C1C(F)(F)F
XVVIEJBDHBIHIH-UHFFFAOYSA-N,Et,Et,CF3,OMe,CCn1c[n+](CC)c(OC)c1C(F)(F)F,CCN1[C]N(CC)C(C(F)(F)F)=C1OC
XVVXXCULZSARAQ-UHFFFAOYSA-N,Vinyl,Ph,NH2,H,C=C[n+]1cc(N)n(-c2ccccc2)c1,C=CN1[C]N(c2ccccc2)C(N)=C1
XWBYOTBEPQLRHK-UHFFFAOYSA-N,Vinyl,Propargyl,F,H,C#CCn1c[n+](C=C)cc1F,C#CCN1[C]N(C=C)C=C1F
XWHOKYOTBYMTQD-UHFFFAOYSA-N,tBu,Ph,NH2,Me,Cc1c(N)n(-c2ccccc2)c[n+]1C(C)(C)C,CC1=C(N)N(c2ccccc2)[C]N1C(C)(C)C
XWHXBGHUGDMWDQ-UHFFFAOYSA-N,Et,Ethynyl,CN,OMe,C#Cn1c[n+](CC)c(OC)c1C#N,C#CN1[C]N(CC)C(OC)=C1C#N
XWPDKAVBWYWWJC-UHFFFAOYSA-N,nBu,Ph,CN,CF3,CCCC[n+]1cn(-c2ccccc2)c(C#N)c1C(F)(F)F,CCCCN1[C]N(c2ccccc2)C(C#N)=C1C(F)(F)F
XWRSJOBDHXKETI-UHFFFAOYSA-N,Vinyl,Ethynyl,CN,CN,C#Cn1c[n+](C=C)c(C#N)c1C#N,C#CN1[C]N(C=C)C(C#N)=C1C#N
XWUNGDXRKLFWCL-UHFFFAOYSA-N,Et,Vinyl,CF3,NH2,C=Cn1c[n+](CC)c(N)c1C(F)(F)F,C=CN1[C]N(CC)C(N)=C1C(F)(F)F
XWZLEAPDMZSTGM-UHFFFAOYSA-N,Et,Vinyl,OMe,NO2,C=Cn1c[n+](CC)c([N+](=O)[O-])c1OC,C=CN1[C]N(CC)C([N+](=O)[O-])=C1OC
XWZNRDYOHWJGAK-UHFFFAOYSA-N,nBu,Propargyl,NO2,NH2,C#CCn1c[n+](CCCC)c(N)c1[N+](=O)[O-],C#CCN1[C]N(CCCC)C(N)=C1[N+](=O)[O-]
XXIDEGKMYDEJSA-UHFFFAOYSA-N,Et,Ethynyl,NH2,NH2,C#Cn1c[n+](CC)c(N)c1N,C#CN1[C]N(CC)C(N)=C1N
XXPGYWPILOVWRZ-UHFFFAOYSA-N,Vinyl,Ethynyl,CN,CF3,C#Cn1c[n+](C=C)c(C(F)(F)F)c1C#N,C#CN1[C]N(C=C)C(C(F)(F)F)=C1C#N
XXXKLFFNPIZNHM-UHFFFAOYSA-N,nBu,Vinyl,NH2,H,C=Cn1c[n+](CCCC)cc1N,C=CN1[C]N(CCCC)C=C1N
XYACMVWFPXJJQP-UHFFFAOYSA-N,Et,Vinyl,NO2,OMe,C=Cn1c[n+](CC)c(OC)c1[N+](=O)[O-],C=CN1[C]N(CC)C(OC)=C1[N+](=O)[O-]
XYUOXAZFEKOGSQ-UHFFFAOYSA-N,Vinyl,Ph,OMe,NO2,C=C[n+]1cn(-c2ccccc2)c(OC)c1[N+](=O)[O-],C=CN1[C]N(c2ccccc2)C(OC)=C1[N+](=O)[O-]
XYWBGWCJWFHYPT-UHFFFAOYSA-N,Me,tBu,OMe,Me,COc1c(C)[n+](C)cn1C(C)(C)C,COC1=C(C)N(C)[C]N1C(C)(C)C
XZFGNAFFTMMLEO-UHFFFAOYSA-N,Et,tBu,NO2,F,CC[n+]1cn(C(C)(C)C)c([N+](=O)[O-])c1F,CCN1[C]N(C(C)(C)C)C([N+](=O)[O-])=C1F
XZFZHWJNJKTQQY-UHFFFAOYSA-N,Et,tBu,CF3,CF3,CC[n+]1cn(C(C)(C)C)c(C(F)(F)F)c1C(F)(F)F,CCN1[C]N(C(C)(C)C)C(C(F)(F)F)=C1C(F)(F)F
XZKDKDJRTZDMGE-UHFFFAOYSA-N,Et,Ph,F,NH2,CC[n+]1cn(-c2ccccc2)c(F)c1N,CCN1[C]N(c2ccccc2)C(F)=C1N
XZOCDQPJFHMVDP-UHFFFAOYSA-N,Me,tBu,F,F,C[n+]1cn(C(C)(C)C)c(F)c1F,CN1[C]N(C(C)(C)C)C(F)=C1F
XZOTWYFVCNMDEP-UHFFFAOYSA-N,Et,Ph,NH2,H,CC[n+]1cc(N)n(-c2ccccc2)c1,CCN1[C]N(c2ccccc2)C(N)=C1
XZPGNRAXWDZQMQ-UHFFFAOYSA-N,nBu,Vinyl,CN,Me,C=Cn1c[n+](CCCC)c(C)c1C#N,C=CN1[C]N(CCCC)C(C)=C1C#N
YASRXXPHQHMOLY-UHFFFAOYSA-N,Et,Allyl,OMe,H,C=CCn1c[n+](CC)cc1OC,C=CCN1[C]N(CC)C=C1OC
YAUCCTYUSZOMKV-UHFFFAOYSA-N,Vinyl,Allyl,OMe,Me,C=CCn1c[n+](C=C)c(C)c1OC,C=CCN1[C]N(C=C)C(C)=C1OC
YBBDLWKGMXXCRE-UHFFFAOYSA-N,Et,Ph,F,OMe,CC[n+]1cn(-c2ccccc2)c(F)c1OC,CCN1[C]N(c2ccccc2)C(F)=C1OC
YBDLAGUHYUFASV-UHFFFAOYSA-N,Et,tBu,CF3,Me,CC[n+]1cn(C(C)(C)C)c(C(F)(F)F)c1C,CCN1[C]N(C(C)(C)C)C(C(F)(F)F)=C1C
YBMNMRQMHBGBCQ-UHFFFAOYSA-N,Vinyl,Ph,CF3,CN,C=C[n+]1cn(-c2ccccc2)c(C(F)(F)F)c1C#N,C=CN1[C]N(c2ccccc2)C(C(F)(F)F)=C1C#N
YCJNDZNSSMOULP-UHFFFAOYSA-N,Me,iPr,NH2,OMe,COc1c(N)n(C(C)C)c[n+]1C,COC1=C(N)N(C(C)C)[C]N1C
YDIIBGFIORHDPI-UHFFFAOYSA-N,Me,Vinyl,CF3,CN,C=Cn1c[n+](C)c(C#N)c1C(F)(F)F,C=CN1[C]N(C)C(C#N)=C1C(F)(F)F
YDPCPEHAHFJGBI-UHFFFAOYSA-N,Vinyl,Ethynyl,CF3,Me,C#Cn1c[n+](C=C)c(C)c1C(F)(F)F,C#CN1[C]N(C=C)C(C)=C1C(F)(F)F
YDUIYLJFHMDBSQ-UHFFFAOYSA-N,Ethynyl,Ethynyl,H,F,C#Cn1cc(F)[n+](C#C)c1,C#CN1[C]N(C#C)C(F)=C1
YDVLZEQBNAAFIH-UHFFFAOYSA-N,nBu,Propargyl,F,NH2,C#CCn1c[n+](CCCC)c(N)c1F,C#CCN1[C]N(CCCC)C(N)=C1F
YEHBJVMYNHYJMW-UHFFFAOYSA-N,Et,Ph,CF3,H,CC[n+]1cc(C(F)(F)F)n(-c2ccccc2)c1,CCN1[C]N(c2ccccc2)C(C(F)(F)F)=C1
YELCRDBNNPJXNP-UHFFFAOYSA-N,tBu,Ph,NH2,CF3,CC(C)(C)[n+]1cn(-c2ccccc2)c(N)c1C(F)(F)F,CC(C)(C)N1[C]N(c2ccccc2)C(N)=C1C(F)(F)F
YEPLTWHQGMIHNO-UHFFFAOYSA-N,Vinyl,Allyl,NO2,NH2,C=CCn1c[n+](C=C)c(N)c1[N+](=O)[O-],C=CCN1[C]N(C=C)C(N)=C1[N+](=O)[O-]
YEXHZUHKAYWDSY-UHFFFAOYSA-N,Me,Ethynyl,CF3,NH2,C#Cn1c[n+](C)c(N)c1C(F)(F)F,C#CN1[C]N(C)C(N)=C1C(F)(F)F
YEXYOROFQQFJOV-UHFFFAOYSA-N,Vinyl,Ethynyl,NO2,F,C#Cn1c[n+](C=C)c(F)c1[N+](=O)[O-],C#CN1[C]N(C=C)C(F)=C1[N+](=O)[O-]
YFCUCNDCXZULQW-UHFFFAOYSA-N,tBu,tBu,NO2,NH2,CC(C)(C)n1c[n+](C(C)(C)C)c(N)c1[N+](=O)[O-],CC(C)(C)N1[C]N(C(C)(C)C)C([N+](=O)[O-])=C1N
YFCUINWSULTYEN-UHFFFAOYSA-N,Vinyl,Propargyl,CF3,Me,C#CCn1c[n+](C=C)c(C)c1C(F)(F)F,C#CCN1[C]N(C=C)C(C)=C1C(F)(F)F
YFIJWXHTABBPAQ-UHFFFAOYSA-N,Me,Et,NH2,H,CCn1c[n+](C)cc1N,CCN1[C]N(C)C=C1N
YFPMBCMCBSTYQJ-UHFFFAOYSA-N,tBu,Ph,NO2,NO2,CC(C)(C)[n+]1cn(-c2ccccc2)c([N+](=O)[O-])c1[N+](=O)[O-],CC(C)(C)N1[C]N(c2ccccc2)C([N+](=O)[O-])=C1[N+](=O)[O-]
YFVIJQVHEKERMQ-UHFFFAOYSA-N,Ethynyl,Ph,CF3,NH2,C#C[n+]1cn(-c2ccccc2)c(C(F)(F)F)c1N,C#CN1[C]N(c2ccccc2)C(C(F)(F)F)=C1N
YGBNQZCJSNSHHE-UHFFFAOYSA-N,nBu,Allyl,NH2,CN,C=CCn1c[n+](CCCC)c(C#N)c1N,C=CCN1[C]N(CCCC)C(C#N)=C1N
YGFVREOEVAZBON-UHFFFAOYSA-N,Et,iPr,H,CN,CC[n+]1cn(C(C)C)cc1C#N,CCN1[C]N(C(C)C)C=C1C#N
YGOYLGCKOPONKY-UHFFFAOYSA-N,Vinyl,Allyl,H,F,C=CCn1cc(F)[n+](C=C)c1,C=CCN1[C]N(C=C)C(F)=C1
YGSMDYXXJSJQMV-UHFFFAOYSA-N,Me,Propargyl,NO2,CF3,C#CCn1c[n+](C)c(C(F)(F)F)c1[N+](=O)[O-],C#CCN1[C]N(C)C(C(F)(F)F)=C1[N+](=O)[O-]
YGYZPXVYKLJVFZ-UHFFFAOYSA-N,Me,Et,OMe,H,CCn1c[n+](C)cc1OC,CCN1[C]N(C)C=C1OC
YGZFBWRFYOLGEM-UHFFFAOYSA-N,Et,Vinyl,NO2,F,C=Cn1c[n+](CC)c(F)c1[N+](=O)[O-],C=CN1[C]N(CC)C(F)=C1[N+](=O)[O-]
YHXLJGQGSDEQCI-UHFFFAOYSA-N,tBu,Propargyl,F,F,C#CCn1c[n+](C(C)(C)C)c(F)c1F,C#CCN1[C]N(C(C)(C)C)C(F)=C1F
YHXNQFDBJZHCTM-UHFFFAOYSA-N,Et,Ethynyl,NH2,NO2,C#Cn1c[n+](CC)c([N+](=O)[O-])c1N,C#CN1[C]N(CC)C([N+](=O)[O-])=C1N
YIOITSNAFIREAE-UHFFFAOYSA-N,Me,Vinyl,OMe,OMe,C=Cn1c[n+](C)c(OC)c1OC,C=CN1[C]N(C)C(OC)=C1OC
YIQOBJHCTXJFMF-UHFFFAOYSA-N,Vinyl,Allyl,F,F,C=CCn1c[n+](C=C)c(F)c1F,C=CCN1[C]N(C=C)C(F)=C1F
YIRIVRQHPCXNSS-UHFFFAOYSA-N,Et,Vinyl,OMe,CF3,C=Cn1c[n+](CC)c(C(F)(F)F)c1OC,C=CN1[C]N(CC)C(C(F)(F)F)=C1OC
YJEJYTXJTSOZMD-UHFFFAOYSA-N,nBu,Ph,CF3,CF3,CCCC[n+]1cn(-c2ccccc2)c(C(F)(F)F)c1C(F)(F)F,CCCCN1[C]N(c2ccccc2)C(C(F)(F)F)=C1C(F)(F)F
YJHQONPTPHAKOD-UHFFFAOYSA-N,Ethynyl,Ph,NO2,NH2,C#C[n+]1cn(-c2ccccc2)c([N+](=O)[O-])c1N,C#CN1[C]N(c2ccccc2)C([N+](=O)[O-])=C1N
YJUBUAACOYZNEM-UHFFFAOYSA-N,tBu,Ph,F,NO2,CC(C)(C)[n+]1cn(-c2ccccc2)c(F)c1[N+](=O)[O-],CC(C)(C)N1[C]N(c2ccccc2)C(F)=C1[N+](=O)[O-]
YKTSWYFNMUVBKV-UHFFFAOYSA-N,Me,iPr,OMe,CN,COc1c(C#N)[n+](C)cn1C(C)C,COC1=C(C#N)N(C)[C]N1C(C)C
YKYYPQNVINGBLY-UHFFFAOYSA-N,nBu,Allyl,OMe,F,C=CCn1c[n+](CCCC)c(F)c1OC,C=CCN1[C]N(CCCC)C(F)=C1OC
YLAOFCKZTZAXLQ-UHFFFAOYSA-N,tBu,Propargyl,CN,Me,C#CCn1c[n+](C(C)(C)C)c(C)c1C#N,C#CCN1[C]N(C(C)(C)C)C(C)=C1C#N
YLUVPBQOFBMLKD-UHFFFAOYSA-N,nBu,Allyl,NH2,H,C=CCn1c[n+](CCCC)cc1N,C=CCN1[C]N(CCCC)C=C1N
YLWWLIITUKDKIW-UHFFFAOYSA-N,Ethynyl,Propargyl,OMe,CF3,C#CCn1c[n+](C#C)c(C(F)(F)F)c1OC,C#CCN1[C]N(C#C)C(C(F)(F)F)=C1OC
YMFMJNVPINGOBK-UHFFFAOYSA-N,Et,Et,NO2,CF3,CCn1c[n+](CC)c(C(F)(F)F)c1[N+](=O)[O-],CCN1[C]N(CC)C(C(F)(F)F)=C1[N+](=O)[O-]
YMVAEYCWLSFXMR-UHFFFAOYSA-N,nBu,Allyl,CF3,OMe,C=CCn1c[n+](CCCC)c(OC)c1C(F)(F)F,C=CCN1[C]N(CCCC)C(OC)=C1C(F)(F)F
YMWPPPNYCFHGQA-UHFFFAOYSA-N,Me,iPr,CN,NH2,CC(C)n1c[n+](C)c(N)c1C#N,CC(C)N1[C]N(C)C(N)=C1C#N
YMZJWHWPRXGLLW-UHFFFAOYSA-N,Vinyl,Ethynyl,F,NH2,C#Cn1c[n+](C=C)c(N)c1F,C#CN1[C]N(C=C)C(N)=C1F
YNBBFGIODRTZGG-UHFFFAOYSA-N,Me,Allyl,NH2,Me,C=CCn1c[n+](C)c(C)c1N,C=CCN1[C]N(C)C(C)=C1N
YNCWHFQORUUHFP-UHFFFAOYSA-N,Vinyl,Allyl,NO2,NO2,C=CCn1c[n+](C=C)c([N+](=O)[O-])c1[N+](=O)[O-],C=CCN1[C]N(C=C)C([N+](=O)[O-])=C1[N+](=O)[O-]
YNEBMSODCDTUKM-UHFFFAOYSA-N,Me,Allyl,NH2,H,C=CCn1c[n+](C)cc1N,C=CCN1[C]N(C)C=C1N
YOPCXHMHZLXGCG-UHFFFAOYSA-N,Me,Me,CN,CN,Cn1c[n+](C)c(C#N)c1C#N,CN1[C]N(C)C(C#N)=C1C#N
YPCQBZKEHQZNDG-UHFFFAOYSA-N,tBu,Propargyl,NO2,OMe,C#CCn1c[n+](C(C)(C)C)c(OC)c1[N+](=O)[O-],C#CCN1[C]N(C(C)(C)C)C(OC)=C1[N+](=O)[O-]
YPEJXYQWJCNEQX-UHFFFAOYSA-N,Et,tBu,NH2,NO2,CC[n+]1cn(C(C)(C)C)c(N)c1[N+](=O)[O-],CCN1[C]N(C(C)(C)C)C(N)=C1[N+](=O)[O-]
YPPCHPMSOLKLCH-UHFFFAOYSA-N,Et,Allyl,F,H,C=CCn1c[n+](CC)cc1F,C=CCN1[C]N(CC)C=C1F
YPZDRCFTYAQVSO-UHFFFAOYSA-N,Me,Ethynyl,CF3,Me,C#Cn1c[n+](C)c(C)c1C(F)(F)F,C#CN1[C]N(C)C(C)=C1C(F)(F)F
YQDDZSDVSQRFHD-UHFFFAOYSA-N,Et,Vinyl,F,F,C=Cn1c[n+](CC)c(F)c1F,C=CN1[C]N(CC)C(F)=C1F
YQDUTRSIVXOLIK-UHFFFAOYSA-N,Et,Ph,CF3,Me,CC[n+]1cn(-c2ccccc2)c(C(F)(F)F)c1C,CCN1[C]N(c2ccccc2)C(C(F)(F)F)=C1C
YQKGLGTXHTZTGX-UHFFFAOYSA-N,Et,Allyl,OMe,OMe,C=CCn1c[n+](CC)c(OC)c1OC,C=CCN1[C]N(CC)C(OC)=C1OC
YQNGKSNUJUCBIU-UHFFFAOYSA-N,nBu,Ethynyl,CN,F,C#Cn1c[n+](CCCC)c(F)c1C#N,C#CN1[C]N(CCCC)C(F)=C1C#N
YREPXZAJKUIQFJ-UHFFFAOYSA-N,Ethynyl,Propargyl,H,Me,C#CCn1cc(C)[n+](C#C)c1,C#CCN1[C]N(C#C)C(C)=C1
YRLVIAHIXMRLGP-UHFFFAOYSA-N,Me,iPr,NO2,H,CC(C)n1c[n+](C)cc1[N+](=O)[O-],CC(C)N1[C]N(C)C=C1[N+](=O)[O-]
YRPWSXWXGFTRNV-UHFFFAOYSA-N,Me,Ph,OMe,Me,COc1c(C)[n+](C)cn1-c1ccccc1,COC1=C(C)N(C)[C]N1c1ccccc1
YRROZLJXNVZFSB-UHFFFAOYSA-N,Ethynyl,Ph,OMe,OMe,C#C[n+]1cn(-c2ccccc2)c(OC)c1OC,C#CN1[C]N(c2ccccc2)C(OC)=C1OC
YRVNHNJYNKWALV-UHFFFAOYSA-N,Me,Propargyl,CN,NH2,C#CCn1c[n+](C)c(N)c1C#N,C#CCN1[C]N(C)C(N)=C1C#N
YSAGBOBORDLJIV-UHFFFAOYSA-N,Me,Et,CN,F,CCn1c[n+](C)c(F)c1C#N,CCN1[C]N(C)C(F)=C1C#N
YSLOOMIOOUYREA-UHFFFAOYSA-N,Me,Ethynyl,CN,CN,C#Cn1c[n+](C)c(C#N)c1C#N,C#CN1[C]N(C)C(C#N)=C1C#N
YSUPSSZPPPEQCF-UHFFFAOYSA-N,nBu,Vinyl,CF3,F,C=Cn1c[n+](CCCC)c(F)c1C(F)(F)F,C=CN1[C]N(CCCC)C(F)=C1C(F)(F)F
YTAQRTJTRNOTQP-UHFFFAOYSA-N,Me,Vinyl,CN,CF3,C=Cn1c[n+](C)c(C(F)(F)F)c1C#N,C=CN1[C]N(C)C(C(F)(F)F)=C1C#N
YTHMARSMUFQVAF-UHFFFAOYSA-N,Et,Ph,CN,CN,CC[n+]1cn(-c2ccccc2)c(C#N)c1C#N,CCN1[C]N(c2ccccc2)C(C#N)=C1C#N
YTYINMKMWLTIIT-UHFFFAOYSA-N,Me,Propargyl,NO2,Me,C#CCn1c[n+](C)c(C)c1[N+](=O)[O-],C#CCN1[C]N(C)C(C)=C1[N+](=O)[O-]
YTZGBNIDOJDBTR-UHFFFAOYSA-N,Et,Et,NH2,NH2,CCn1c[n+](CC)c(N)c1N,CCN1[C]N(CC)C(N)=C1N
YUFHHJQSKLEBJM-UHFFFAOYSA-N,Me,tBu,CF3,H,C[n+]1cc(C(F)(F)F)n(C(C)(C)C)c1,CN1[C]N(C(C)(C)C)C(C(F)(F)F)=C1
YUQZCCLOWSKVCC-UHFFFAOYSA-N,Me,Ethynyl,F,OMe,C#Cn1c[n+](C)c(OC)c1F,C#CN1[C]N(C)C(OC)=C1F
YUUWPNZHYVXAGG-UHFFFAOYSA-N,Me,Ph,OMe,OMe,COc1c(OC)[n+](C)cn1-c1ccccc1,COC1=C(OC)N(c2ccccc2)[C]N1C
YVAMMBBVHIAZFG-UHFFFAOYSA-N,Me,iPr,F,NO2,CC(C)n1c[n+](C)c([N+](=O)[O-])c1F,CC(C)N1[C]N(C)C([N+](=O)[O-])=C1F
YVSQVZHCJJULJR-UHFFFAOYSA-N,Me,Vinyl,OMe,CN,C=Cn1c[n+](C)c(C#N)c1OC,C=CN1[C]N(C)C(C#N)=C1OC
YVUMJKWONMBOGU-UHFFFAOYSA-N,Me,Et,NO2,OMe,CCn1c[n+](C)c(OC)c1[N+](=O)[O-],CCN1[C]N(C)C(OC)=C1[N+](=O)[O-]
YVURFQIIXITSIY-UHFFFAOYSA-N,Et,Propargyl,H,CN,C#CCn1cc(C#N)[n+](CC)c1,C#CCN1[C]N(CC)C(C#N)=C1
YWMZMLSEXRAMCT-UHFFFAOYSA-N,nBu,Vinyl,CN,CF3,C=Cn1c[n+](CCCC)c(C(F)(F)F)c1C#N,C=CN1[C]N(CCCC)C(C(F)(F)F)=C1C#N
YWSXVXOKUUSANV-UHFFFAOYSA-N,nBu,iPr,NO2,NO2,CCCC[n+]1cn(C(C)C)c([N+](=O)[O-])c1[N+](=O)[O-],CCCCN1[C]N(C(C)C)C([N+](=O)[O-])=C1[N+](=O)[O-]
YXDIYXTUOACOBZ-UHFFFAOYSA-N,Me,Propargyl,CF3,CF3,C#CCn1c[n+](C)c(C(F)(F)F)c1C(F)(F)F,C#CCN1[C]N(C)C(C(F)(F)F)=C1C(F)(F)F
YXRHDWOLRCVOHM-UHFFFAOYSA-N,Et,tBu,NH2,F,CC[n+]1cn(C(C)(C)C)c(N)c1F,CCN1[C]N(C(C)(C)C)C(N)=C1F
YXTGGYKKAOPSPI-UHFFFAOYSA-N,Et,Et,H,NO2,CCn1cc([N+](=O)[O-])[n+](CC)c1,CCN1[C]N(CC)C([N+](=O)[O-])=C1
YYBUCRQECNWNFP-UHFFFAOYSA-N,Me,Me,CF3,CF3,Cn1c[n+](C)c(C(F)(F)F)c1C(F)(F)F,CN1[C]N(C)C(C(F)(F)F)=C1C(F)(F)F
YYECPAJSSCDSTL-UHFFFAOYSA-N,Et,Allyl,F,CN,C=CCn1c[n+](CC)c(C#N)c1F,C=CCN1[C]N(CC)C(C#N)=C1F
YYINVJCYEANNJH-UHFFFAOYSA-N,tBu,Vinyl,F,CN,C=Cn1c[n+](C(C)(C)C)c(C#N)c1F,C=CN1[C]N(C(C)(C)C)C(C#N)=C1F
YYLJWNCWRNCANM-UHFFFAOYSA-N,tBu,Allyl,CF3,NO2,C=CCn1c[n+](C(C)(C)C)c([N+](=O)[O-])c1C(F)(F)F,C=CCN1[C]N(C(C)(C)C)C([N+](=O)[O-])=C1C(F)(F)F
YYLVWLPHADXVRG-UHFFFAOYSA-N,Vinyl,Allyl,OMe,OMe,C=CCn1c[n+](C=C)c(OC)c1OC,C=CCN1[C]N(C=C)C(OC)=C1OC
YZUZOCWRGXEZSR-UHFFFAOYSA-N,Me,Ph,CN,F,C[n+]1cn(-c2ccccc2)c(C#N)c1F,CN1[C]N(c2ccccc2)C(C#N)=C1F
YZYFHAUWZMAHBX-UHFFFAOYSA-N,Vinyl,Ethynyl,NH2,NO2,C#Cn1c[n+](C=C)c([N+](=O)[O-])c1N,C#CN1[C]N(C=C)C([N+](=O)[O-])=C1N
YZZBLFQGECATNC-UHFFFAOYSA-N,tBu,Propargyl,CF3,NH2,C#CCn1c[n+](C(C)(C)C)c(N)c1C(F)(F)F,C#CCN1[C]N(C(C)(C)C)C(N)=C1C(F)(F)F
ZAAUJKFMKCYIJC-UHFFFAOYSA-N,Et,Vinyl,OMe,CN,C=Cn1c[n+](CC)c(C#N)c1OC,C=CN1[C]N(CC)C(C#N)=C1OC
ZAECIMUUIUSVNH-UHFFFAOYSA-N,Ethynyl,Ph,NO2,H,C#C[n+]1cc([N+](=O)[O-])n(-c2ccccc2)c1,C#CN1[C]N(c2ccccc2)C([N+](=O)[O-])=C1
ZAKDAIHYNSAXPV-UHFFFAOYSA-N,nBu,iPr,NH2,H,CCCC[n+]1cc(N)n(C(C)C)c1,CCCCN1[C]N(C(C)C)C(N)=C1
ZASCCQDFOPWZTG-UHFFFAOYSA-N,Vinyl,Ph,OMe,Me,C=C[n+]1cn(-c2ccccc2)c(OC)c1C,C=CN1[C]N(c2ccccc2)C(OC)=C1C
ZASFIJVVNFHKLA-UHFFFAOYSA-N,tBu,Ethynyl,CN,F,C#Cn1c[n+](C(C)(C)C)c(F)c1C#N,C#CN1[C]N(C(C)(C)C)C(F)=C1C#N
ZASYNWFSSCAFQB-UHFFFAOYSA-N,Et,Ethynyl,F,OMe,C#Cn1c[n+](CC)c(OC)c1F,C#CN1[C]N(CC)C(OC)=C1F
ZAUPLLIZVSZDNE-UHFFFAOYSA-N,nBu,Propargyl,NH2,CN,C#CCn1c[n+](CCCC)c(C#N)c1N,C#CCN1[C]N(CCCC)C(C#N)=C1N
ZAYKFEHMDUWWOH-UHFFFAOYSA-N,Vinyl,Allyl,CF3,NH2,C=CCn1c[n+](C=C)c(N)c1C(F)(F)F,C=CCN1[C]N(C=C)C(N)=C1C(F)(F)F
ZCOMTZBPDFNDKW-UHFFFAOYSA-N,nBu,tBu,NH2,Me,CCCC[n+]1cn(C(C)(C)C)c(N)c1C,CCCCN1[C]N(C(C)(C)C)C(N)=C1C
ZCYGUESKTRLUMK-UHFFFAOYSA-N,Ethynyl,Propargyl,NH2,F,C#CCn1c[n+](C#C)c(F)c1N,C#CCN1[C]N(C#C)C(F)=C1N
ZDEYGXIWNBPKOL-UHFFFAOYSA-N,Et,Ph,H,NO2,CC[n+]1cn(-c2ccccc2)cc1[N+](=O)[O-],CCN1[C]N(c2ccccc2)C=C1[N+](=O)[O-]
ZDMLGFBUVMQYIE-UHFFFAOYSA-N,Vinyl,Ph,CF3,Me,C=C[n+]1cn(-c2ccccc2)c(C(F)(F)F)c1C,C=CN1[C]N(c2ccccc2)C(C(F)(F)F)=C1C
ZEJZEZBULWOWQE-UHFFFAOYSA-N,Vinyl,Propargyl,NH2,OMe,C#CCn1c[n+](C=C)c(OC)c1N,C#CCN1[C]N(C=C)C(OC)=C1N
ZEPNZPHLMYOHGI-UHFFFAOYSA-N,Vinyl,Ethynyl,NO2,NH2,C#Cn1c[n+](C=C)c(N)c1[N+](=O)[O-],C#CN1[C]N(C=C)C(N)=C1[N+](=O)[O-]
ZFMYAMPGPDECQG-UHFFFAOYSA-N,Et,Ph,CN,Me,CC[n+]1cn(-c2ccccc2)c(C#N)c1C,CCN1[C]N(c2ccccc2)C(C#N)=C1C
ZFQOBQXSFLENFH-UHFFFAOYSA-N,Ethynyl,Propargyl,H,CN,C#CCn1cc(C#N)[n+](C#C)c1,C#CCN1[C]N(C#C)C(C#N)=C1
ZGDVEBBTSUBEFC-UHFFFAOYSA-N,Et,tBu,NO2,NH2,CC[n+]1cn(C(C)(C)C)c([N+](=O)[O-])c1N,CCN1[C]N(C(C)(C)C)C([N+](=O)[O-])=C1N
ZGEUKXVUVPVISR-UHFFFAOYSA-N,Ethynyl,Propargyl,NO2,F,C#CCn1c[n+](C#C)c(F)c1[N+](=O)[O-],C#CCN1[C]N(C#C)C(F)=C1[N+](=O)[O-]
ZGGZUZXLFJMAKZ-UHFFFAOYSA-N,Et,tBu,H,F,CC[n+]1cn(C(C)(C)C)cc1F,CCN1[C]N(C(C)(C)C)C=C1F
ZGOHLNRYSRGYNX-UHFFFAOYSA-N,nBu,iPr,NH2,NH2,CCCC[n+]1cn(C(C)C)c(N)c1N,CCCCN1[C]N(C(C)C)C(N)=C1N
ZGXNIFWUGLPPMZ-UHFFFAOYSA-N,Vinyl,Allyl,NH2,CF3,C=CCn1c[n+](C=C)c(C(F)(F)F)c1N,C=CCN1[C]N(C=C)C(C(F)(F)F)=C1N
ZHOFCXBELQWKDC-UHFFFAOYSA-N,Ethynyl,Ph,CN,NO2,C#C[n+]1cn(-c2ccccc2)c(C#N)c1[N+](=O)[O-],C#CN1[C]N(c2ccccc2)C(C#N)=C1[N+](=O)[O-]
ZHVUDYULNYQHPM-UHFFFAOYSA-N,tBu,Propargyl,CN,H,C#CCn1c[n+](C(C)(C)C)cc1C#N,C#CCN1[C]N(C(C)(C)C)C=C1C#N
ZIFQLAOGGULHRL-UHFFFAOYSA-N,nBu,Allyl,H,OMe,C=CCn1cc(OC)[n+](CCCC)c1,C=CCN1[C]N(CCCC)C(OC)=C1
ZIIZRAPMNBMCKV-UHFFFAOYSA-N,Vinyl,Propargyl,NH2,CF3,C#CCn1c[n+](C=C)c(C(F)(F)F)c1N,C#CCN1[C]N(C=C)C(C(F)(F)F)=C1N
ZJDHMUPLZJHWSJ-UHFFFAOYSA-N,nBu,iPr,H,NO2,CCCC[n+]1cn(C(C)C)cc1[N+](=O)[O-],CCCCN1[C]N(C(C)C)C=C1[N+](=O)[O-]
ZJJQJIGFYLPKHM-UHFFFAOYSA-N,Ethynyl,Propargyl,F,H,C#CCn1c[n+](C#C)cc1F,C#CCN1[C]N(C#C)C=C1F
ZJQRDOGXIXRQIJ-UHFFFAOYSA-N,Me,iPr,CF3,CF3,CC(C)n1c[n+](C)c(C(F)(F)F)c1C(F)(F)F,CC(C)N1[C]N(C)C(C(F)(F)F)=C1C(F)(F)F
ZJSPZLSQLFUFKM-UHFFFAOYSA-N,nBu,Allyl,OMe,CF3,C=CCn1c[n+](CCCC)c(C(F)(F)F)c1OC,C=CCN1[C]N(CCCC)C(C(F)(F)F)=C1OC
ZJZAXRBZMKIJJD-UHFFFAOYSA-N,Me,Propargyl,CN,CN,C#CCn1c[n+](C)c(C#N)c1C#N,C#CCN1[C]N(C)C(C#N)=C1C#N
ZKFQLSQPOANFPV-UHFFFAOYSA-N,Me,Et,CF3,NH2,CCn1c[n+](C)c(N)c1C(F)(F)F,CCN1[C]N(C)C(N)=C1C(F)(F)F
ZKJPCZCIEUTLIC-UHFFFAOYSA-N,Me,Propargyl,CN,H,C#CCn1c[n+](C)cc1C#N,C#CCN1[C]N(C)C=C1C#N
ZKMLZEQOCTVYDX-UHFFFAOYSA-N,Vinyl,Ethynyl,NO2,OMe,C#Cn1c[n+](C=C)c(OC)c1[N+](=O)[O-],C#CN1[C]N(C=C)C(OC)=C1[N+](=O)[O-]
ZKNYXSXSGYRKLH-UHFFFAOYSA-N,tBu,Propargyl,NH2,CF3,C#CCn1c[n+](C(C)(C)C)c(C(F)(F)F)c1N,C#CCN1[C]N(C(C)(C)C)C(C(F)(F)F)=C1N
ZKWSEDYYPFARQI-UHFFFAOYSA-N,Me,Ph,OMe,CN,COc1c(C#N)[n+](C)cn1-c1ccccc1,COC1=C(C#N)N(C)[C]N1c1ccccc1
ZLQZBHGLDRFVFS-UHFFFAOYSA-N,nBu,Ph,NO2,F,CCCC[n+]1cn(-c2ccccc2)c([N+](=O)[O-])c1F,CCCCN1[C]N(c2ccccc2)C([N+](=O)[O-])=C1F
ZLTPQNAXAQRZMA-UHFFFAOYSA-N,Ethynyl,Propargyl,F,NO2,C#CCn1c[n+](C#C)c([N+](=O)[O-])c1F,C#CCN1[C]N(C#C)C([N+](=O)[O-])=C1F
ZLXJSCJQJFHKRF-UHFFFAOYSA-N,Et,Et,H,Me,CCn1cc(C)[n+](CC)c1,CCN1[C]N(CC)C(C)=C1
ZMKSVFXZNGTFHF-UHFFFAOYSA-N,nBu,Allyl,NH2,Me,C=CCn1c[n+](CCCC)c(C)c1N,C=CCN1[C]N(CCCC)C(C)=C1N
ZMSJDOKXAZAPRA-UHFFFAOYSA-N,Me,Ph,H,CF3,C[n+]1cn(-c2ccccc2)cc1C(F)(F)F,CN1[C]N(c2ccccc2)C=C1C(F)(F)F
ZMVNOEVSLYEOOM-UHFFFAOYSA-N,tBu,Ph,NO2,Me,Cc1c([N+](=O)[O-])n(-c2ccccc2)c[n+]1C(C)(C)C,CC1=C([N+](=O)[O-])N(c2ccccc2)[C]N1C(C)(C)C
ZNRFLYWABRKBHW-UHFFFAOYSA-N,Et,Vinyl,NO2,CN,C=Cn1c[n+](CC)c(C#N)c1[N+](=O)[O-],C=CN1[C]N(CC)C(C#N)=C1[N+](=O)[O-]
ZNRYIAWQRYJQBJ-UHFFFAOYSA-N,nBu,Vinyl,OMe,Me,C=Cn1c[n+](CCCC)c(C)c1OC,C=CN1[C]N(CCCC)C(C)=C1OC
ZODVCWXQOWYQNB-UHFFFAOYSA-N,Me,Ph,CF3,H,C[n+]1cc(C(F)(F)F)n(-c2ccccc2)c1,CN1[C]N(c2ccccc2)C(C(F)(F)F)=C1
ZORRYGCCYJDLNT-UHFFFAOYSA-N,Me,iPr,NH2,NH2,CC(C)n1c[n+](C)c(N)c1N,CC(C)N1[C]N(C)C(N)=C1N
ZPIJFYWLGGSNSY-UHFFFAOYSA-N,Et,Ph,OMe,CF3,CC[n+]1cn(-c2ccccc2)c(OC)c1C(F)(F)F,CCN1[C]N(c2ccccc2)C(OC)=C1C(F)(F)F
ZPLHOBWNSWAJDC-UHFFFAOYSA-N,Et,Et,CN,OMe,CCn1c[n+](CC)c(OC)c1C#N,CCN1[C]N(CC)C(OC)=C1C#N
ZPNQRQBDRVYALL-UHFFFAOYSA-N,nBu,Ph,NO2,CF3,CCCC[n+]1cn(-c2ccccc2)c([N+](=O)[O-])c1C(F)(F)F,CCCCN1[C]N(c2ccccc2)C([N+](=O)[O-])=C1C(F)(F)F
ZPQXDXTZRUDIEX-UHFFFAOYSA-N,tBu,tBu,CN,NH2,CC(C)(C)n1c[n+](C(C)(C)C)c(N)c1C#N,CC(C)(C)N1[C]N(C(C)(C)C)C(C#N)=C1N
ZQHGHVLIZJDHIX-UHFFFAOYSA-N,Vinyl,Propargyl,H,OMe,C#CCn1cc(OC)[n+](C=C)c1,C#CCN1[C]N(C=C)C(OC)=C1
ZQXZTQSHFJOEKW-UHFFFAOYSA-N,Me,Allyl,CF3,H,C=CCn1c[n+](C)cc1C(F)(F)F,C=CCN1[C]N(C)C=C1C(F)(F)F
ZQZMHLJEFPLBGW-UHFFFAOYSA-N,Et,iPr,NO2,OMe,CC[n+]1cn(C(C)C)c([N+](=O)[O-])c1OC,CCN1[C]N(C(C)C)C([N+](=O)[O-])=C1OC
ZRKGAZHRJTVZGW-UHFFFAOYSA-N,nBu,tBu,CN,NO2,CCCC[n+]1cn(C(C)(C)C)c(C#N)c1[N+](=O)[O-],CCCCN1[C]N(C(C)(C)C)C(C#N)=C1[N+](=O)[O-]
ZRKPMQYJLIXTRF-UHFFFAOYSA-N,Et,Allyl,CF3,Me,C=CCn1c[n+](CC)c(C)c1C(F)(F)F,C=CCN1[C]N(CC)C(C)=C1C(F)(F)F
ZRVPLQARLIHFPT-UHFFFAOYSA-N,Et,tBu,CF3,OMe,CC[n+]1cn(C(C)(C)C)c(C(F)(F)F)c1OC,CCN1[C]N(C(C)(C)C)C(C(F)(F)F)=C1OC
ZRZZLBDXUHDQMM-UHFFFAOYSA-N,Me,iPr,F,H,CC(C)n1c[n+](C)cc1F,CC(C)N1[C]N(C)C=C1F
ZSISTTOCYYETSN-UHFFFAOYSA-N,nBu,Allyl,NO2,OMe,C=CCn1c[n+](CCCC)c(OC)c1[N+](=O)[O-],C=CCN1[C]N(CCCC)C(OC)=C1[N+](=O)[O-]
ZTEXEMKGYRILMV-UHFFFAOYSA-N,Me,Ph,H,NO2,C[n+]1cn(-c2ccccc2)cc1[N+](=O)[O-],CN1[C]N(c2ccccc2)C=C1[N+](=O)[O-]
ZTJMIOKDDYNQHT-UHFFFAOYSA-N,nBu,tBu,NO2,CN,CCCC[n+]1cn(C(C)(C)C)c([N+](=O)[O-])c1C#N,CCCCN1[C]N(C(C)(C)C)C([N+](=O)[O-])=C1C#N
ZTOAAOOKGKEBAV-UHFFFAOYSA-N,Et,Ph,CN,NH2,CC[n+]1cn(-c2ccccc2)c(C#N)c1N,CCN1[C]N(c2ccccc2)C(C#N)=C1N
ZTSVOSWHHYMWNC-UHFFFAOYSA-N,Vinyl,Ph,NO2,H,C=C[n+]1cc([N+](=O)[O-])n(-c2ccccc2)c1,C=CN1[C]N(c2ccccc2)C([N+](=O)[O-])=C1
ZTWLJNFBYBIVSK-UHFFFAOYSA-N,tBu,Vinyl,CF3,Me,C=Cn1c[n+](C(C)(C)C)c(C)c1C(F)(F)F,C=CN1[C]N(C(C)(C)C)C(C)=C1C(F)(F)F
ZTYJKJIUPHFBNR-UHFFFAOYSA-N,nBu,Ethynyl,F,H,C#Cn1c[n+](CCCC)cc1F,C#CN1[C]N(CCCC)C=C1F
ZWDMQTIBDGIDND-UHFFFAOYSA-N,Me,tBu,OMe,CF3,COc1c(C(F)(F)F)[n+](C)cn1C(C)(C)C,COC1=C(C(F)(F)F)N(C)[C]N1C(C)(C)C
ZWSGZYTUARHYQZ-UHFFFAOYSA-N,nBu,tBu,NO2,OMe,CCCC[n+]1cn(C(C)(C)C)c([N+](=O)[O-])c1OC,CCCCN1[C]N(C(C)(C)C)C([N+](=O)[O-])=C1OC
ZWUNGEOVCCLIAF-UHFFFAOYSA-N,Me,Propargyl,OMe,H,C#CCn1c[n+](C)cc1OC,C#CCN1[C]N(C)C=C1OC
ZWVFBEXLPFNKTG-UHFFFAOYSA-N,nBu,Ethynyl,F,NO2,C#Cn1c[n+](CCCC)c([N+](=O)[O-])c1F,C#CN1[C]N(CCCC)C([N+](=O)[O-])=C1F
ZXEWWZFWCXMQKO-UHFFFAOYSA-N,Et,Allyl,F,OMe,C=CCn1c[n+](CC)c(OC)c1F,C=CCN1[C]N(CC)C(OC)=C1F
ZXTBDRWHHWEHJS-UHFFFAOYSA-N,Vinyl,Propargyl,CF3,H,C#CCn1c[n+](C=C)cc1C(F)(F)F,C#CCN1[C]N(C=C)C=C1C(F)(F)F
ZZUPEAIQGNVJTC-UHFFFAOYSA-N,Me,Ph,F,H,C[n+]1cc(F)n(-c2ccccc2)c1,CN1[C]N(c2ccccc2)C(F)=C1
